record_code,location_id,location_name,latitude,longitude,timestamp,traffic_density,congestion_index,avg_speed_kmh,aqi,pm25,pm10,co2_ppm,temperature_c,humidity_pct,weather,risk_score,is_anomaly,anomaly_type,anomaly_explanation
URB-10001,LOC-01,Patia Main Road,20.3533,85.8197,2026-07-24 17:37:47,255,0.95,14.2,124,56.0,96.2,634.0,27.1,58.3,Clear,77.6,False,None,
URB-10002,LOC-02,Jayadev Vihar,20.301,85.8239,2026-07-24 17:50:47,297,0.98,12.4,209,90.1,169.3,664.1,24.8,78.7,Fog,93.0,False,None,
URB-10003,LOC-03,Saheed Nagar,20.2872,85.8415,2026-07-24 18:02:47,223,0.98,9.8,123,59.4,112.9,579.4,23.0,84.0,Rain,80.8,False,None,
URB-10004,LOC-04,Khandagiri,20.2588,85.7836,2026-07-24 18:18:47,223,0.98,14.5,106,46.0,82.1,610.2,25.4,58.9,Clear,75.5,False,None,
URB-10005,LOC-05,Vani Vihar,20.2974,85.8364,2026-07-24 18:30:47,137,0.54,29.9,87,42.0,71.7,504.8,24.3,60.3,Clear,46.9,False,None,
URB-10006,LOC-06,Bhubaneswar Railway Station,20.2657,85.8436,2026-07-24 18:50:47,293,0.98,16.6,191,89.6,157.1,675.7,25.9,53.3,Haze,89.3,False,None,
URB-10007,LOC-07,Nandankanan Road,20.37,85.825,2026-07-24 19:02:47,249,0.91,12.8,108,53.7,98.5,634.2,22.6,82.7,Heavy Rain,73.9,False,None,
URB-10008,LOC-08,Kalarahanga Road,20.38,85.83,2026-07-24 19:15:47,189,0.7,28.7,147,67.2,117.3,581.0,23.0,57.7,Haze,64.4,False,None,
URB-10009,LOC-01,Patia Main Road,20.3533,85.8197,2026-07-24 19:28:47,554,0.99,13.9,159,77.3,147.1,662.8,23.0,65.5,Partly Cloudy,85.1,True,Traffic Bottleneck,Sudden vehicular surge of 554 vehicles/min exceeding corridor capacity.
URB-10010,LOC-02,Jayadev Vihar,20.301,85.8239,2026-07-24 19:52:47,385,0.98,11.6,245,113.4,213.7,733.2,21.8,77.3,Fog,93.4,False,None,
URB-10011,LOC-03,Saheed Nagar,20.2872,85.8415,2026-07-24 20:05:47,147,0.72,9.9,117,56.4,104.5,531.7,20.3,67.2,Clear,53.3,True,Severe Gridlock,Critical speed drop to 9.9 km/h indicating major arterial blockade.
URB-10012,LOC-04,Khandagiri,20.2588,85.7836,2026-07-24 20:19:47,98,0.38,36.2,77,31.4,62.5,495.5,20.7,61.4,Clear,35.6,False,None,
URB-10013,LOC-05,Vani Vihar,20.2974,85.8364,2026-07-24 20:35:47,64,0.25,37.5,54,25.7,52.2,443.2,23.9,58.4,Partly Cloudy,25.7,False,None,
URB-10014,LOC-06,Bhubaneswar Railway Station,20.2657,85.8436,2026-07-24 20:46:47,193,0.81,20.0,101,47.3,83.6,569.4,20.1,82.1,Heavy Rain,65.1,False,None,
URB-10015,LOC-07,Nandankanan Road,20.37,85.825,2026-07-24 20:58:47,145,0.53,26.0,122,53.0,92.4,539.9,19.9,62.5,Haze,54.5,False,None,
URB-10016,LOC-08,Kalarahanga Road,20.38,85.83,2026-07-24 21:21:47,94,0.41,41.8,87,39.8,77.6,467.2,18.4,86.7,Fog,35.7,False,None,
URB-10017,LOC-01,Patia Main Road,20.3533,85.8197,2026-07-24 21:37:47,133,0.57,28.7,86,36.5,67.6,499.1,18.9,67.0,Clear,48.5,False,None,
URB-10018,LOC-02,Jayadev Vihar,20.301,85.8239,2026-07-24 21:43:47,202,0.89,11.2,94,45.8,81.0,582.9,20.7,79.1,Heavy Rain,71.4,False,None,
URB-10019,LOC-03,Saheed Nagar,20.2872,85.8415,2026-07-24 22:04:47,60,0.27,34.0,91,39.8,77.1,429.1,18.5,71.5,Partly Cloudy,34.7,False,None,
URB-10020,LOC-04,Khandagiri,20.2588,85.7836,2026-07-24 22:20:47,50,0.18,32.1,79,32.1,61.5,458.7,19.4,66.3,Haze,30.0,False,None,
URB-10021,LOC-05,Vani Vihar,20.2974,85.8364,2026-07-24 22:35:47,25,0.1,44.8,43,24.8,48.2,400.2,16.8,73.4,Partly Cloudy,14.1,False,None,
URB-10022,LOC-06,Bhubaneswar Railway Station,20.2657,85.8436,2026-07-24 22:42:47,58,0.24,46.6,92,40.1,69.1,439.9,17.8,90.0,Fog,28.2,False,None,
URB-10023,LOC-07,Nandankanan Road,20.37,85.825,2026-07-24 23:04:47,65,0.29,23.3,56,26.3,44.3,458.3,18.1,83.8,Rain,34.8,False,None,
URB-10024,LOC-08,Kalarahanga Road,20.38,85.83,2026-07-24 23:13:47,37,0.13,63.0,54,20.4,44.0,436.4,18.3,72.4,Partly Cloudy,17.2,False,None,
URB-10025,LOC-01,Patia Main Road,20.3533,85.8197,2026-07-24 23:37:47,74,0.26,34.0,76,37.4,65.4,445.9,18.0,65.7,Clear,31.7,False,None,
URB-10026,LOC-02,Jayadev Vihar,20.301,85.8239,2026-07-24 23:46:47,75,0.34,31.2,86,42.4,80.9,446.2,17.4,86.7,Fog,38.0,False,None,
URB-10027,LOC-03,Saheed Nagar,20.2872,85.8415,2026-07-25 00:04:47,57,0.23,29.6,95,42.4,79.6,464.1,17.8,84.8,Fog,36.0,False,None,
URB-10028,LOC-04,Khandagiri,20.2588,85.7836,2026-07-25 00:12:47,44,0.2,30.5,49,21.6,42.3,416.2,16.1,92.7,Rain,26.3,False,None,
URB-10029,LOC-05,Vani Vihar,20.2974,85.8364,2026-07-25 00:36:47,26,0.12,37.6,51,26.3,47.3,437.4,18.4,71.2,Haze,19.9,False,None,
URB-10030,LOC-06,Bhubaneswar Railway Station,20.2657,85.8436,2026-07-25 00:52:47,75,0.28,47.0,96,47.4,87.2,446.8,18.7,70.5,Haze,30.5,False,None,
URB-10031,LOC-07,Nandankanan Road,20.37,85.825,2026-07-25 01:00:47,48,0.17,38.3,63,28.3,60.7,452.8,18.5,65.0,Partly Cloudy,23.7,False,None,
URB-10032,LOC-08,Kalarahanga Road,20.38,85.83,2026-07-25 01:12:47,44,0.16,58.7,53,27.7,51.4,453.9,13.9,75.1,Clear,18.2,False,None,
URB-10033,LOC-01,Patia Main Road,20.3533,85.8197,2026-07-25 01:28:47,73,0.26,24.1,66,35.1,69.2,458.1,16.3,93.6,Heavy Rain,34.9,False,None,
URB-10034,LOC-02,Jayadev Vihar,20.301,85.8239,2026-07-25 01:48:47,86,0.39,33.5,83,40.0,71.9,478.9,14.3,77.6,Clear,38.4,False,None,
URB-10035,LOC-03,Saheed Nagar,20.2872,85.8415,2026-07-25 02:05:47,48,0.2,37.8,80,40.3,72.1,448.1,14.4,74.1,Partly Cloudy,28.1,False,None,
URB-10036,LOC-04,Khandagiri,20.2588,85.7836,2026-07-25 02:21:47,49,0.19,32.8,77,32.3,54.4,427.6,15.9,95.2,Fog,29.7,False,None,
URB-10037,LOC-05,Vani Vihar,20.2974,85.8364,2026-07-25 02:37:47,28,0.12,36.8,51,21.4,40.6,427.1,14.6,90.1,Fog,20.3,False,None,
URB-10038,LOC-06,Bhubaneswar Railway Station,20.2657,85.8436,2026-07-25 02:43:47,66,0.27,35.6,71,28.0,56.7,462.3,16.0,88.4,Heavy Rain,30.4,False,None,
URB-10039,LOC-07,Nandankanan Road,20.37,85.825,2026-07-25 02:58:47,51,0.22,28.5,47,18.5,35.3,439.5,16.3,94.7,Heavy Rain,27.8,False,None,
URB-10040,LOC-08,Kalarahanga Road,20.38,85.83,2026-07-25 03:20:47,37,0.16,48.5,72,32.9,56.6,440.9,18.2,87.0,Fog,21.5,False,None,
URB-10041,LOC-01,Patia Main Road,20.3533,85.8197,2026-07-25 03:34:47,70,0.31,24.2,62,31.0,54.3,469.1,16.1,88.2,Rain,36.1,False,None,
URB-10042,LOC-02,Jayadev Vihar,20.301,85.8239,2026-07-25 03:50:47,66,0.24,38.9,77,34.8,60.7,462.7,14.0,73.1,Clear,28.6,False,None,
URB-10043,LOC-03,Saheed Nagar,20.2872,85.8415,2026-07-25 04:06:47,44,0.2,33.4,98,49.0,95.7,433.7,19.0,64.5,Haze,33.5,False,None,
URB-10044,LOC-04,Khandagiri,20.2588,85.7836,2026-07-25 04:20:47,52,0.21,31.1,79,38.8,77.4,441.2,16.2,92.4,Fog,31.7,False,None,
URB-10045,LOC-05,Vani Vihar,20.2974,85.8364,2026-07-25 04:36:47,25,0.1,36.0,54,20.8,38.1,398.6,17.5,85.1,Fog,20.5,False,None,
URB-10046,LOC-06,Bhubaneswar Railway Station,20.2657,85.8436,2026-07-25 04:47:47,74,0.29,39.2,63,29.7,63.5,474.9,15.6,87.4,Rain,28.0,False,None,
URB-10047,LOC-07,Nandankanan Road,20.37,85.825,2026-07-25 05:07:47,62,0.26,38.7,60,24.3,48.8,468.8,16.3,65.8,Clear,26.5,False,None,
URB-10048,LOC-08,Kalarahanga Road,20.38,85.83,2026-07-25 05:15:47,42,0.23,13.4,49,27.7,46.5,437.1,19.0,82.6,Heavy Rain,21.7,True,Severe Gridlock,Critical speed drop to 13.4 km/h indicating major arterial blockade.
URB-10049,LOC-01,Patia Main Road,20.3533,85.8197,2026-07-25 05:36:47,73,0.28,33.5,87,42.1,75.3,448.6,18.2,71.0,Haze,34.7,False,None,
URB-10050,LOC-02,Jayadev Vihar,20.301,85.8239,2026-07-25 05:43:47,82,0.31,29.5,110,53.7,93.2,463.6,17.8,86.7,Fog,41.9,False,None,
URB-10051,LOC-03,Saheed Nagar,20.2872,85.8415,2026-07-25 06:07:47,139,0.55,20.9,98,44.9,82.4,538.7,17.9,91.2,Heavy Rain,53.7,False,None,
URB-10052,LOC-04,Khandagiri,20.2588,85.7836,2026-07-25 06:16:47,126,0.55,18.3,75,33.5,55.7,523.7,17.7,88.1,Rain,51.0,False,None,
URB-10053,LOC-05,Vani Vihar,20.2974,85.8364,2026-07-25 06:29:47,66,0.29,25.0,45,25.7,42.5,469.6,20.0,82.8,Heavy Rain,32.0,False,None,
URB-10054,LOC-06,Bhubaneswar Railway Station,20.2657,85.8436,2026-07-25 06:49:47,180,0.76,26.6,139,65.5,117.5,556.6,20.5,80.2,Fog,66.4,False,None,
URB-10055,LOC-07,Nandankanan Road,20.37,85.825,2026-07-25 07:04:47,190,0.74,19.3,128,54.8,96.5,559.2,21.5,80.5,Fog,67.3,False,None,
URB-10056,LOC-08,Kalarahanga Road,20.38,85.83,2026-07-25 07:20:47,115,0.42,38.9,94,39.3,68.7,507.5,22.8,61.0,Haze,38.8,False,None,
URB-10057,LOC-01,Patia Main Road,20.3533,85.8197,2026-07-25 07:29:47,176,0.71,15.6,86,43.4,80.5,572.4,20.7,85.9,Rain,60.6,False,None,
URB-10058,LOC-02,Jayadev Vihar,20.301,85.8239,2026-07-25 07:51:47,244,0.96,10.0,125,56.3,97.5,596.7,22.7,80.7,Rain,80.3,False,None,
URB-10059,LOC-03,Saheed Nagar,20.2872,85.8415,2026-07-25 07:57:47,155,0.63,24.2,123,59.3,105.1,554.3,18.5,69.9,Partly Cloudy,59.6,False,None,
URB-10060,LOC-04,Khandagiri,20.2588,85.7836,2026-07-25 08:19:47,142,0.58,19.0,69,34.7,66.8,525.5,19.8,89.9,Heavy Rain,50.8,False,None,
URB-10061,LOC-05,Vani Vihar,20.2974,85.8364,2026-07-25 08:28:47,91,0.37,31.1,60,25.9,45.9,473.2,22.9,60.3,Partly Cloudy,34.8,False,None,
URB-10062,LOC-06,Bhubaneswar Railway Station,20.2657,85.8436,2026-07-25 08:43:47,203,0.75,27.8,145,63.5,111.5,581.3,23.5,56.7,Haze,66.5,False,None,
URB-10063,LOC-07,Nandankanan Road,20.37,85.825,2026-07-25 08:59:47,160,0.7,23.4,98,43.1,78.6,552.0,24.1,58.2,Clear,58.5,False,None,
URB-10064,LOC-08,Kalarahanga Road,20.38,85.83,2026-07-25 09:20:47,126,0.52,32.1,66,32.4,66.2,517.8,24.1,74.1,Heavy Rain,41.3,False,None,
URB-10065,LOC-01,Patia Main Road,20.3533,85.8197,2026-07-25 09:27:47,235,0.96,13.2,154,75.3,137.1,593.5,23.6,59.0,Haze,83.8,False,None,
URB-10066,LOC-02,Jayadev Vihar,20.301,85.8239,2026-07-25 09:43:47,234,0.89,12.6,109,54.5,105.3,619.9,22.7,82.9,Heavy Rain,73.4,False,None,
URB-10067,LOC-03,Saheed Nagar,20.2872,85.8415,2026-07-25 10:04:47,158,0.6,28.6,124,57.2,104.2,533.4,25.1,62.2,Clear,56.4,False,None,
URB-10068,LOC-04,Khandagiri,20.2588,85.7836,2026-07-25 10:17:47,159,0.66,21.6,118,56.1,97.8,526.2,25.2,81.5,Fog,61.2,False,None,
URB-10069,LOC-05,Vani Vihar,20.2974,85.8364,2026-07-25 10:36:47,102,0.38,29.8,64,34.3,66.5,483.1,23.6,63.0,Partly Cloudy,36.5,False,None,
URB-10070,LOC-06,Bhubaneswar Railway Station,20.2657,85.8436,2026-07-25 10:46:47,229,0.89,20.8,158,73.1,137.8,600.0,24.8,74.2,Fog,77.8,False,None,
URB-10071,LOC-07,Nandankanan Road,20.37,85.825,2026-07-25 10:58:47,197,0.87,12.3,100,49.4,92.6,583.8,23.8,74.3,Rain,71.2,False,None,
URB-10072,LOC-08,Kalarahanga Road,20.38,85.83,2026-07-25 11:14:47,125,0.48,31.4,65,32.2,61.5,509.2,26.0,74.2,Heavy Rain,39.9,False,None,
URB-10073,LOC-01,Patia Main Road,20.3533,85.8197,2026-07-25 11:33:47,190,0.75,23.1,119,51.1,101.5,561.2,28.7,54.9,Clear,64.3,False,None,
URB-10074,LOC-02,Jayadev Vihar,20.301,85.8239,2026-07-25 11:51:47,266,0.98,10.1,121,57.0,99.9,635.4,26.0,78.2,Rain,80.3,False,None,
URB-10075,LOC-03,Saheed Nagar,20.2872,85.8415,2026-07-25 12:01:47,176,0.68,15.6,118,55.4,108.0,546.5,28.1,73.2,Rain,65.0,False,None,
URB-10076,LOC-04,Khandagiri,20.2588,85.7836,2026-07-25 12:20:47,152,0.56,28.4,104,50.4,96.3,523.3,25.8,52.2,Clear,51.4,False,None,
URB-10077,LOC-05,Vani Vihar,20.2974,85.8364,2026-07-25 12:29:47,89,0.31,28.9,77,34.8,67.9,457.3,26.5,54.6,Haze,36.4,False,None,
URB-10078,LOC-06,Bhubaneswar Railway Station,20.2657,85.8436,2026-07-25 12:44:47,222,0.86,26.8,138,62.7,117.9,594.7,27.6,50.9,Clear,70.1,False,None,
URB-10079,LOC-07,Nandankanan Road,20.37,85.825,2026-07-25 13:04:47,191,0.69,16.6,91,39.5,78.8,560.7,28.2,74.1,Rain,60.2,False,None,
URB-10080,LOC-08,Kalarahanga Road,20.38,85.83,2026-07-25 13:18:47,107,0.41,32.4,69,31.0,50.9,483.1,28.8,67.0,Heavy Rain,37.3,False,None,
URB-10081,LOC-01,Patia Main Road,20.3533,85.8197,2026-07-25 13:27:47,219,0.96,13.6,146,63.6,113.2,603.1,26.4,78.4,Fog,82.2,False,None,
URB-10082,LOC-02,Jayadev Vihar,20.301,85.8239,2026-07-25 13:52:47,264,0.98,13.0,184,86.1,151.3,638.5,26.8,54.2,Haze,89.9,False,None,
URB-10083,LOC-03,Saheed Nagar,20.2872,85.8415,2026-07-25 14:03:47,151,0.66,26.0,108,53.7,105.8,525.5,28.0,50.7,Partly Cloudy,57.3,False,None,
URB-10084,LOC-04,Khandagiri,20.2588,85.7836,2026-07-25 14:16:47,165,0.72,18.9,127,59.9,108.8,526.5,29.3,48.3,Haze,66.6,False,None,
URB-10085,LOC-05,Vani Vihar,20.2974,85.8364,2026-07-25 14:35:47,82,0.32,24.0,51,22.8,45.6,453.7,27.3,76.5,Rain,34.7,False,None,
URB-10086,LOC-06,Bhubaneswar Railway Station,20.2657,85.8436,2026-07-25 14:52:47,212,0.88,27.2,134,60.9,115.1,578.9,28.6,53.6,Partly Cloudy,70.1,False,None,
URB-10087,LOC-07,Nandankanan Road,20.37,85.825,2026-07-25 14:58:47,152,0.52,31.5,92,41.1,83.2,516.4,26.7,55.3,Partly Cloudy,46.2,False,None,
URB-10088,LOC-08,Kalarahanga Road,20.38,85.83,2026-07-25 15:20:47,127,0.54,31.4,78,33.9,66.4,515.5,29.5,71.9,Heavy Rain,44.5,False,None,
URB-10089,LOC-01,Patia Main Road,20.3533,85.8197,2026-07-25 15:34:47,227,0.8,20.5,125,54.1,94.2,601.1,30.2,48.3,Partly Cloudy,68.6,False,None,
URB-10090,LOC-02,Jayadev Vihar,20.301,85.8239,2026-07-25 15:49:47,249,0.98,14.4,126,58.3,101.0,600.0,29.2,48.6,Clear,79.0,False,None,
URB-10091,LOC-03,Saheed Nagar,20.2872,85.8415,2026-07-25 16:00:47,159,0.71,18.6,162,70.3,123.5,524.0,29.2,66.2,Fog,72.5,False,None,
URB-10092,LOC-04,Khandagiri,20.2588,85.7836,2026-07-25 16:14:47,161,0.55,25.0,90,37.0,72.7,551.5,25.9,54.4,Clear,50.2,False,None,
URB-10093,LOC-05,Vani Vihar,20.2974,85.8364,2026-07-25 16:28:47,98,0.38,24.2,62,33.0,64.3,481.3,25.8,77.5,Heavy Rain,38.9,False,None,
URB-10094,LOC-06,Bhubaneswar Railway Station,20.2657,85.8436,2026-07-25 16:52:47,190,0.76,29.8,111,46.8,88.4,573.4,27.1,58.4,Clear,59.9,False,None,
URB-10095,LOC-07,Nandankanan Road,20.37,85.825,2026-07-25 17:01:47,197,0.8,16.2,144,61.8,116.8,592.1,26.4,74.9,Fog,74.1,False,None,
URB-10096,LOC-08,Kalarahanga Road,20.38,85.83,2026-07-25 17:22:47,139,0.51,35.2,106,44.7,81.9,509.2,25.4,76.4,Fog,46.4,False,None,
URB-10097,LOC-01,Patia Main Road,20.3533,85.8197,2026-07-25 17:32:47,225,0.89,15.6,122,52.2,89.9,580.9,25.9,58.6,Partly Cloudy,74.2,False,None,
URB-10098,LOC-02,Jayadev Vihar,20.301,85.8239,2026-07-25 17:50:47,261,0.98,10.9,109,47.9,85.9,647.5,25.9,80.3,Rain,77.8,False,None,
URB-10099,LOC-03,Saheed Nagar,20.2872,85.8415,2026-07-25 18:05:47,155,0.62,27.2,112,48.7,89.1,528.5,25.3,53.2,Partly Cloudy,55.8,False,None,
URB-10100,LOC-04,Khandagiri,20.2588,85.7836,2026-07-25 18:21:47,162,0.66,21.0,115,55.4,108.5,547.1,26.0,71.3,Fog,61.0,False,None,
URB-10101,LOC-05,Vani Vihar,20.2974,85.8364,2026-07-25 18:29:47,102,0.4,30.1,67,30.3,54.7,492.1,22.7,63.4,Partly Cloudy,37.7,False,None,
URB-10102,LOC-06,Bhubaneswar Railway Station,20.2657,85.8436,2026-07-25 18:47:47,231,0.98,16.2,170,76.7,142.2,613.1,22.7,76.8,Fog,85.8,False,None,
URB-10103,LOC-07,Nandankanan Road,20.37,85.825,2026-07-25 19:00:47,163,0.83,7.1,111,49.9,93.8,548.8,23.5,81.4,Fog,59.9,True,Severe Gridlock,Critical speed drop to 7.1 km/h indicating major arterial blockade.
URB-10104,LOC-08,Kalarahanga Road,20.38,85.83,2026-07-25 19:15:47,141,0.53,37.8,89,38.4,72.5,521.8,23.2,56.5,Partly Cloudy,42.9,False,None,
URB-10105,LOC-01,Patia Main Road,20.3533,85.8197,2026-07-25 19:32:47,204,0.88,17.1,118,53.1,100.2,577.0,21.4,61.0,Clear,72.3,False,None,
URB-10106,LOC-02,Jayadev Vihar,20.301,85.8239,2026-07-25 19:48:47,286,0.98,15.4,150,64.6,117.8,650.8,24.5,56.9,Clear,82.8,False,None,
URB-10107,LOC-03,Saheed Nagar,20.2872,85.8415,2026-07-25 19:58:47,199,0.85,12.4,115,49.7,96.1,585.3,21.4,84.2,Heavy Rain,72.9,False,None,
URB-10108,LOC-04,Khandagiri,20.2588,85.7836,2026-07-25 20:22:47,103,0.37,31.3,71,35.7,66.7,491.8,23.3,61.6,Partly Cloudy,36.6,False,None,
URB-10109,LOC-05,Vani Vihar,20.2974,85.8364,2026-07-25 20:36:47,78,0.35,25.2,52,23.8,44.9,484.7,21.1,88.1,Heavy Rain,35.5,False,None,
URB-10110,LOC-06,Bhubaneswar Railway Station,20.2657,85.8436,2026-07-25 20:46:47,140,0.56,32.3,118,57.7,111.7,519.1,19.8,88.6,Fog,51.9,False,None,
URB-10111,LOC-07,Nandankanan Road,20.37,85.825,2026-07-25 21:05:47,137,0.56,20.8,80,35.2,65.5,534.1,20.2,87.8,Heavy Rain,51.0,False,None,
URB-10112,LOC-08,Kalarahanga Road,20.38,85.83,2026-07-25 21:12:47,82,0.37,33.6,54,24.7,46.1,477.4,20.5,81.0,Heavy Rain,32.5,False,None,
URB-10113,LOC-01,Patia Main Road,20.3533,85.8197,2026-07-25 21:29:47,150,0.56,19.3,89,36.7,62.5,523.5,20.9,86.5,Rain,53.3,False,None,
URB-10114,LOC-02,Jayadev Vihar,20.301,85.8239,2026-07-25 21:46:47,196,0.82,14.9,94,41.8,84.8,586.3,19.6,86.4,Rain,66.8,False,None,
URB-10115,LOC-03,Saheed Nagar,20.2872,85.8415,2026-07-25 22:03:47,55,0.25,35.7,87,43.4,84.2,439.6,20.5,67.4,Partly Cloudy,32.4,False,None,
URB-10116,LOC-04,Khandagiri,20.2588,85.7836,2026-07-25 22:20:47,48,0.19,37.9,64,29.7,51.9,432.7,17.4,66.0,Clear,24.9,False,None,
URB-10117,LOC-05,Vani Vihar,20.2974,85.8364,2026-07-25 22:28:47,34,0.12,31.3,39,21.2,35.1,439.0,20.9,79.0,Rain,21.0,False,None,
URB-10118,LOC-06,Bhubaneswar Railway Station,20.2657,85.8436,2026-07-25 22:44:47,75,0.32,53.6,86,37.1,68.4,449.1,18.7,66.1,Partly Cloudy,30.4,False,None,
URB-10119,LOC-07,Nandankanan Road,20.37,85.825,2026-07-25 23:04:47,58,0.22,40.4,70,37.3,69.1,446.0,19.4,64.6,Partly Cloudy,25.9,False,None,
URB-10120,LOC-08,Kalarahanga Road,20.38,85.83,2026-07-25 23:18:47,39,0.18,51.3,69,35.8,67.8,442.2,15.9,88.7,Fog,21.8,False,None,
URB-10121,LOC-01,Patia Main Road,20.3533,85.8197,2026-07-25 23:35:47,59,0.25,35.4,78,33.3,61.7,464.3,16.0,70.4,Clear,30.9,False,None,
URB-10122,LOC-02,Jayadev Vihar,20.301,85.8239,2026-07-25 23:42:47,63,0.25,25.3,71,36.3,70.1,471.5,17.1,84.6,Heavy Rain,34.8,False,None,
URB-10123,LOC-03,Saheed Nagar,20.2872,85.8415,2026-07-25 23:59:47,49,0.22,39.6,72,29.2,51.4,424.7,18.8,66.3,Clear,26.6,False,None,
URB-10124,LOC-04,Khandagiri,20.2588,85.7836,2026-07-26 00:20:47,48,0.19,35.0,74,35.5,59.8,427.7,14.9,70.0,Haze,28.0,False,None,
URB-10125,LOC-05,Vani Vihar,20.2974,85.8364,2026-07-26 00:34:47,30,0.12,35.6,57,27.4,47.1,430.7,15.8,86.3,Fog,22.0,False,None,
URB-10126,LOC-06,Bhubaneswar Railway Station,20.2657,85.8436,2026-07-26 00:50:47,58,0.23,39.3,66,32.1,67.5,466.7,17.1,88.3,Rain,26.1,False,None,
URB-10127,LOC-07,Nandankanan Road,20.37,85.825,2026-07-26 00:57:47,63,0.24,28.2,53,20.3,39.7,456.8,18.2,90.1,Rain,29.8,False,None,
URB-10128,LOC-08,Kalarahanga Road,20.38,85.83,2026-07-26 01:14:47,38,0.16,50.4,66,28.6,47.1,441.7,14.0,76.8,Haze,20.5,False,None,
URB-10129,LOC-01,Patia Main Road,20.3533,85.8197,2026-07-26 01:27:47,74,0.3,28.1,59,26.1,53.7,463.3,15.0,95.0,Rain,33.3,False,None,
URB-10130,LOC-02,Jayadev Vihar,20.301,85.8239,2026-07-26 01:47:47,65,0.25,28.8,72,33.4,62.6,463.2,18.2,86.6,Rain,33.2,False,None,
URB-10131,LOC-03,Saheed Nagar,20.2872,85.8415,2026-07-26 02:05:47,59,0.25,24.5,70,28.3,55.9,452.2,17.6,89.1,Rain,35.0,False,None,
URB-10132,LOC-04,Khandagiri,20.2588,85.7836,2026-07-26 02:21:47,45,0.19,32.2,78,33.8,70.5,417.2,17.9,66.7,Haze,30.1,False,None,
URB-10133,LOC-05,Vani Vihar,20.2974,85.8364,2026-07-26 02:28:47,31,0.12,37.1,61,31.3,51.9,430.1,18.3,64.0,Haze,21.9,False,None,
URB-10134,LOC-06,Bhubaneswar Railway Station,20.2657,85.8436,2026-07-26 02:52:47,64,0.29,33.8,66,26.5,44.8,438.7,15.7,90.2,Rain,31.2,False,None,
URB-10135,LOC-07,Nandankanan Road,20.37,85.825,2026-07-26 03:02:47,53,0.24,28.8,69,34.8,68.2,430.1,16.3,74.7,Haze,32.3,False,None,
URB-10136,LOC-08,Kalarahanga Road,20.38,85.83,2026-07-26 03:21:47,42,0.19,38.1,47,27.1,55.9,418.2,14.1,90.6,Rain,21.8,False,None,
URB-10137,LOC-01,Patia Main Road,20.3533,85.8197,2026-07-26 03:32:47,61,0.21,32.9,98,46.5,90.6,465.6,18.0,70.1,Haze,34.1,False,None,
URB-10138,LOC-02,Jayadev Vihar,20.301,85.8239,2026-07-26 03:43:47,82,0.3,35.5,91,38.2,77.0,463.2,16.6,69.8,Partly Cloudy,35.2,False,None,
URB-10139,LOC-03,Saheed Nagar,20.2872,85.8415,2026-07-26 04:03:47,57,0.23,33.8,111,50.4,95.9,459.2,14.7,77.7,Haze,36.7,False,None,
URB-10140,LOC-04,Khandagiri,20.2588,85.7836,2026-07-26 04:20:47,48,0.21,30.2,73,31.9,54.8,438.3,18.6,70.4,Haze,31.1,False,None,
URB-10141,LOC-05,Vani Vihar,20.2974,85.8364,2026-07-26 04:30:47,35,0.14,28.0,38,19.4,39.1,409.7,15.3,96.6,Rain,23.2,False,None,
URB-10142,LOC-06,Bhubaneswar Railway Station,20.2657,85.8436,2026-07-26 04:52:47,70,0.29,48.4,90,36.9,74.4,463.0,18.8,65.2,Partly Cloudy,29.9,False,None,
URB-10143,LOC-07,Nandankanan Road,20.37,85.825,2026-07-26 05:07:47,52,0.19,33.6,78,37.5,67.0,446.5,15.4,95.8,Fog,29.4,False,None,
URB-10144,LOC-08,Kalarahanga Road,20.38,85.83,2026-07-26 05:22:47,36,0.13,38.8,45,19.4,40.7,425.0,17.7,85.5,Heavy Rain,18.7,False,None,
URB-10145,LOC-01,Patia Main Road,20.3533,85.8197,2026-07-26 05:32:47,56,0.22,27.7,54,21.3,37.7,438.2,17.6,86.3,Heavy Rain,29.4,False,None,
URB-10146,LOC-02,Jayadev Vihar,20.301,85.8239,2026-07-26 05:51:47,68,0.3,23.9,69,32.0,60.3,449.3,18.1,86.0,Heavy Rain,37.1,False,None,
URB-10147,LOC-03,Saheed Nagar,20.2872,85.8415,2026-07-26 06:01:47,109,0.49,21.3,79,36.5,73.9,511.8,17.6,87.1,Heavy Rain,47.8,False,None,
URB-10148,LOC-04,Khandagiri,20.2588,85.7836,2026-07-26 06:19:47,114,0.5,20.8,67,30.2,57.9,512.9,20.1,87.5,Rain,46.3,False,None,
URB-10149,LOC-05,Vani Vihar,20.2974,85.8364,2026-07-26 06:35:47,63,0.25,28.1,44,25.6,47.0,442.9,21.4,84.7,Rain,28.6,False,None,
URB-10150,LOC-06,Bhubaneswar Railway Station,20.2657,85.8436,2026-07-26 06:47:47,190,0.82,22.1,140,62.3,114.2,566.4,19.0,82.0,Fog,71.2,False,None,
URB-10151,LOC-07,Nandankanan Road,20.37,85.825,2026-07-26 07:06:47,165,0.75,17.5,128,58.7,108.3,539.2,21.0,86.9,Fog,68.7,False,None,
URB-10152,LOC-08,Kalarahanga Road,20.38,85.83,2026-07-26 07:21:47,128,0.44,31.3,77,39.4,75.4,494.6,20.0,83.1,Rain,40.4,False,None,
URB-10153,LOC-01,Patia Main Road,20.3533,85.8197,2026-07-26 07:31:47,232,0.98,12.2,167,77.3,146.8,612.7,20.9,60.4,Haze,87.3,False,None,
URB-10154,LOC-02,Jayadev Vihar,20.301,85.8239,2026-07-26 07:52:47,207,0.94,14.2,129,58.2,111.4,562.1,19.5,62.3,Partly Cloudy,78.1,False,None,
URB-10155,LOC-03,Saheed Nagar,20.2872,85.8415,2026-07-26 07:57:47,154,0.56,22.4,137,66.8,120.4,540.1,20.6,62.2,Haze,60.2,False,None,
URB-10156,LOC-04,Khandagiri,20.2588,85.7836,2026-07-26 08:22:47,169,0.63,21.3,139,68.4,129.7,565.4,20.9,61.6,Haze,63.9,False,None,
URB-10157,LOC-05,Vani Vihar,20.2974,85.8364,2026-07-26 08:34:47,99,0.4,25.4,61,32.4,59.2,493.0,20.9,84.4,Rain,39.0,False,None,
URB-10158,LOC-06,Bhubaneswar Railway Station,20.2657,85.8436,2026-07-26 08:44:47,188,0.85,17.4,97,47.9,85.3,581.2,22.8,83.3,Rain,67.3,False,None,
URB-10159,LOC-07,Nandankanan Road,20.37,85.825,2026-07-26 09:01:47,163,0.7,21.8,92,38.4,69.1,523.7,25.6,53.9,Partly Cloudy,58.2,False,None,
URB-10160,LOC-08,Kalarahanga Road,20.38,85.83,2026-07-26 09:22:47,107,0.43,49.3,76,32.2,67.4,487.6,25.7,60.2,Partly Cloudy,33.0,False,None,
URB-10161,LOC-01,Patia Main Road,20.3533,85.8197,2026-07-26 09:37:47,241,0.85,18.5,146,63.5,122.5,613.3,24.7,62.3,Clear,75.3,False,None,
URB-10162,LOC-02,Jayadev Vihar,20.301,85.8239,2026-07-26 09:42:47,271,0.98,10.7,119,55.6,109.0,653.8,22.5,76.6,Heavy Rain,79.7,False,None,
URB-10163,LOC-03,Saheed Nagar,20.2872,85.8415,2026-07-26 10:04:47,171,0.68,21.8,142,61.5,112.6,562.9,24.8,54.7,Haze,66.1,False,None,
URB-10164,LOC-04,Khandagiri,20.2588,85.7836,2026-07-26 10:14:47,158,0.69,23.6,105,51.5,95.4,547.5,23.4,63.5,Clear,59.2,False,None,
URB-10165,LOC-05,Vani Vihar,20.2974,85.8364,2026-07-26 10:37:47,85,0.3,34.3,69,36.6,65.4,461.4,23.8,56.7,Clear,31.9,False,None,
URB-10166,LOC-06,Bhubaneswar Railway Station,20.2657,85.8436,2026-07-26 10:42:47,225,0.95,14.3,114,56.3,106.9,582.2,24.0,78.1,Rain,75.8,False,None,
URB-10167,LOC-07,Nandankanan Road,20.37,85.825,2026-07-26 10:58:47,206,0.77,18.0,151,70.0,127.2,569.2,23.2,56.7,Haze,73.2,False,None,
URB-10168,LOC-08,Kalarahanga Road,20.38,85.83,2026-07-26 11:19:47,136,0.6,33.7,109,50.3,91.0,524.6,26.7,77.8,Fog,51.2,False,None,
URB-10169,LOC-01,Patia Main Road,20.3533,85.8197,2026-07-26 11:28:47,225,0.98,13.3,125,59.1,112.1,599.0,24.6,61.6,Clear,79.4,False,None,
URB-10170,LOC-02,Jayadev Vihar,20.301,85.8239,2026-07-26 11:50:47,261,0.98,10.2,131,62.2,112.9,628.2,24.0,78.6,Heavy Rain,82.0,False,None,
URB-10171,LOC-03,Saheed Nagar,20.2872,85.8415,2026-07-26 12:00:47,144,0.56,24.2,161,73.2,131.1,526.2,25.0,81.4,Fog,63.5,False,None,
URB-10172,LOC-04,Khandagiri,20.2588,85.7836,2026-07-26 12:14:47,170,0.71,18.9,139,62.3,117.4,567.7,26.6,58.8,Haze,68.3,False,None,
URB-10173,LOC-05,Vani Vihar,20.2974,85.8364,2026-07-26 12:35:47,100,0.38,30.9,66,25.7,41.6,486.5,27.3,56.3,Partly Cloudy,36.3,False,None,
URB-10174,LOC-06,Bhubaneswar Railway Station,20.2657,85.8436,2026-07-26 12:52:47,217,0.88,22.6,182,85.2,150.1,580.2,26.4,53.2,Haze,80.8,False,None,
URB-10175,LOC-07,Nandankanan Road,20.37,85.825,2026-07-26 13:03:47,196,0.87,13.5,141,66.5,115.4,559.6,25.8,71.6,Fog,77.7,False,None,
URB-10176,LOC-08,Kalarahanga Road,20.38,85.83,2026-07-26 13:18:47,112,0.41,35.8,70,34.8,62.4,478.1,27.8,71.2,Heavy Rain,35.8,False,None,
URB-10177,LOC-01,Patia Main Road,20.3533,85.8197,2026-07-26 13:37:47,184,0.82,15.1,97,45.6,88.1,561.5,27.4,71.7,Rain,67.2,False,None,
URB-10178,LOC-02,Jayadev Vihar,20.301,85.8239,2026-07-26 13:52:47,241,0.83,13.2,122,55.0,98.5,617.6,27.2,74.4,Heavy Rain,72.9,False,None,
URB-10179,LOC-03,Saheed Nagar,20.2872,85.8415,2026-07-26 14:05:47,154,0.57,20.9,98,44.3,82.7,519.4,27.8,68.9,Heavy Rain,54.5,False,None,
URB-10180,LOC-04,Khandagiri,20.2588,85.7836,2026-07-26 14:16:47,241,0.7,29.6,79,35.3,67.6,514.0,28.2,56.0,Partly Cloudy,43.2,True,Traffic Bottleneck,Sudden vehicular surge of 241 vehicles/min exceeding corridor capacity.
URB-10181,LOC-05,Vani Vihar,20.2974,85.8364,2026-07-26 14:30:47,103,0.42,26.9,80,41.4,84.0,502.5,27.2,78.8,Fog,42.4,False,None,
URB-10182,LOC-06,Bhubaneswar Railway Station,20.2657,85.8436,2026-07-26 14:49:47,228,0.97,20.4,134,62.8,112.7,589.8,27.1,52.2,Partly Cloudy,77.0,False,None,
URB-10183,LOC-07,Nandankanan Road,20.37,85.825,2026-07-26 15:04:47,155,0.71,16.2,81,38.1,66.9,548.1,29.9,68.9,Heavy Rain,59.5,False,None,
URB-10184,LOC-08,Kalarahanga Road,20.38,85.83,2026-07-26 15:16:47,142,0.58,32.3,118,54.1,102.2,508.9,26.9,73.4,Fog,52.7,False,None,
URB-10185,LOC-01,Patia Main Road,20.3533,85.8197,2026-07-26 15:31:47,235,0.98,10.2,116,53.1,104.3,593.2,29.3,67.7,Heavy Rain,79.4,False,None,
URB-10186,LOC-02,Jayadev Vihar,20.301,85.8239,2026-07-26 15:52:47,238,0.98,12.9,124,58.1,100.6,621.9,25.5,51.8,Clear,79.5,False,None,
URB-10187,LOC-03,Saheed Nagar,20.2872,85.8415,2026-07-26 16:00:47,174,0.78,8.0,139,63.9,116.2,569.0,29.3,72.6,Fog,61.9,True,Severe Gridlock,Critical speed drop to 8.0 km/h indicating major arterial blockade.
URB-10188,LOC-04,Khandagiri,20.2588,85.7836,2026-07-26 16:20:47,127,0.56,20.4,66,27.2,46.8,521.5,29.2,67.3,Rain,48.8,False,None,
URB-10189,LOC-05,Vani Vihar,20.2974,85.8364,2026-07-26 16:32:47,110,0.38,26.0,60,31.3,52.5,492.4,25.9,78.1,Rain,37.7,False,None,
URB-10190,LOC-06,Bhubaneswar Railway Station,20.2657,85.8436,2026-07-26 16:52:47,192,0.74,31.7,123,55.7,107.0,550.0,24.7,54.7,Clear,60.3,False,None,
URB-10191,LOC-07,Nandankanan Road,20.37,85.825,2026-07-26 16:58:47,215,0.79,18.5,162,75.7,135.5,596.2,27.5,71.5,Fog,75.7,False,None,
URB-10192,LOC-08,Kalarahanga Road,20.38,85.83,2026-07-26 17:22:47,115,0.51,37.7,84,43.1,77.1,486.8,24.5,61.5,Clear,41.2,False,None,
URB-10193,LOC-01,Patia Main Road,20.3533,85.8197,2026-07-26 17:36:47,225,0.91,11.5,97,47.1,85.0,607.1,27.7,75.3,Heavy Rain,72.6,False,None,
URB-10194,LOC-02,Jayadev Vihar,20.301,85.8239,2026-07-26 17:45:47,234,0.98,15.4,126,62.6,115.0,601.5,27.6,48.9,Clear,78.5,False,None,
URB-10195,LOC-03,Saheed Nagar,20.2872,85.8415,2026-07-26 18:03:47,157,0.64,17.5,91,39.6,72.0,547.2,24.0,76.5,Heavy Rain,57.8,False,None,
URB-10196,LOC-04,Khandagiri,20.2588,85.7836,2026-07-26 18:14:47,147,0.56,21.4,105,44.1,80.8,545.0,24.7,60.6,Haze,55.1,False,None,
URB-10197,LOC-05,Vani Vihar,20.2974,85.8364,2026-07-26 18:35:47,86,0.3,25.9,49,22.2,46.6,476.3,26.4,79.0,Heavy Rain,32.6,False,None,
URB-10198,LOC-06,Bhubaneswar Railway Station,20.2657,85.8436,2026-07-26 18:50:47,229,0.83,26.6,121,54.8,100.0,586.7,24.0,58.9,Partly Cloudy,66.1,False,None,
URB-10199,LOC-07,Nandankanan Road,20.37,85.825,2026-07-26 18:58:47,172,0.64,18.3,83,42.8,77.0,553.6,23.5,75.8,Rain,56.0,False,None,
URB-10200,LOC-08,Kalarahanga Road,20.38,85.83,2026-07-26 19:17:47,122,0.53,31.6,77,32.7,58.6,523.8,21.7,80.7,Heavy Rain,43.9,False,None,
URB-10201,LOC-01,Patia Main Road,20.3533,85.8197,2026-07-26 19:32:47,229,0.95,11.9,117,52.3,103.1,612.4,22.7,78.8,Rain,77.5,False,None,
URB-10202,LOC-02,Jayadev Vihar,20.301,85.8239,2026-07-26 19:50:47,262,0.98,15.4,136,64.1,122.7,629.3,24.6,57.5,Partly Cloudy,80.3,False,None,
URB-10203,LOC-03,Saheed Nagar,20.2872,85.8415,2026-07-26 20:03:47,130,0.54,22.6,124,61.7,113.2,518.3,23.1,63.2,Haze,57.0,False,None,
URB-10204,LOC-04,Khandagiri,20.2588,85.7836,2026-07-26 20:20:47,110,0.38,30.7,110,46.6,82.6,502.1,23.6,60.5,Haze,44.1,False,None,
URB-10205,LOC-05,Vani Vihar,20.2974,85.8364,2026-07-26 20:29:47,76,0.31,30.8,84,34.9,59.3,469.3,24.3,56.9,Haze,36.7,False,None,
URB-10206,LOC-06,Bhubaneswar Railway Station,20.2657,85.8436,2026-07-26 20:50:47,170,0.7,27.9,145,64.7,111.8,543.6,23.4,80.8,Fog,64.4,False,None,
URB-10207,LOC-07,Nandankanan Road,20.37,85.825,2026-07-26 21:03:47,121,0.55,25.7,84,38.6,71.1,496.4,20.2,61.8,Clear,48.9,False,None,
URB-10208,LOC-08,Kalarahanga Road,20.38,85.83,2026-07-26 21:17:47,89,0.39,43.6,65,35.1,61.8,489.1,21.2,65.0,Clear,30.2,False,None,
URB-10209,LOC-01,Patia Main Road,20.3533,85.8197,2026-07-26 21:29:47,160,0.73,15.0,87,35.4,67.9,535.2,18.9,88.1,Rain,61.9,False,None,
URB-10210,LOC-02,Jayadev Vihar,20.301,85.8239,2026-07-26 21:51:47,176,0.75,14.5,88,44.3,77.5,563.5,22.0,77.6,Heavy Rain,63.1,False,None,
URB-10211,LOC-03,Saheed Nagar,20.2872,85.8415,2026-07-26 22:04:47,49,0.22,38.3,84,37.3,74.8,444.7,19.5,66.9,Clear,29.4,False,None,
URB-10212,LOC-04,Khandagiri,20.2588,85.7836,2026-07-26 22:22:47,51,0.23,32.7,67,29.9,50.9,447.8,18.1,65.2,Haze,29.6,False,None,
URB-10213,LOC-05,Vani Vihar,20.2974,85.8364,2026-07-26 22:36:47,31,0.12,41.1,43,17.0,29.9,424.4,21.1,67.7,Partly Cloudy,16.8,False,None,
URB-10214,LOC-06,Bhubaneswar Railway Station,20.2657,85.8436,2026-07-26 22:49:47,57,0.22,42.2,95,43.7,83.9,431.8,20.6,88.7,Fog,29.3,False,None,
URB-10215,LOC-07,Nandankanan Road,20.37,85.825,2026-07-26 23:04:47,50,0.2,29.5,48,25.4,49.2,428.8,15.4,89.1,Heavy Rain,26.6,False,None,
URB-10216,LOC-08,Kalarahanga Road,20.38,85.83,2026-07-26 23:19:47,39,0.16,46.8,70,35.1,64.8,431.8,20.2,85.1,Fog,21.1,False,None,
URB-10217,LOC-01,Patia Main Road,20.3533,85.8197,2026-07-26 23:33:47,69,0.29,34.1,80,32.9,67.2,472.1,15.4,69.5,Clear,33.5,False,None,
URB-10218,LOC-02,Jayadev Vihar,20.301,85.8239,2026-07-26 23:45:47,83,0.34,33.3,75,31.8,55.3,478.1,18.4,64.1,Partly Cloudy,35.1,False,None,
URB-10219,LOC-03,Saheed Nagar,20.2872,85.8415,2026-07-27 00:02:47,49,0.2,31.7,112,56.3,106.5,447.3,15.8,89.0,Fog,36.8,False,None,
URB-10220,LOC-04,Khandagiri,20.2588,85.7836,2026-07-27 00:18:47,54,0.24,34.6,65,32.9,64.4,458.2,15.6,73.7,Clear,28.7,False,None,
URB-10221,LOC-05,Vani Vihar,20.2974,85.8364,2026-07-27 00:36:47,28,0.11,35.0,58,24.9,53.9,425.5,18.7,62.9,Haze,22.0,False,None,
URB-10222,LOC-06,Bhubaneswar Railway Station,20.2657,85.8436,2026-07-27 00:49:47,70,0.31,39.2,72,36.9,73.4,441.7,19.2,87.5,Rain,30.4,False,None,
URB-10223,LOC-07,Nandankanan Road,20.37,85.825,2026-07-27 01:03:47,57,0.22,36.4,67,35.1,69.6,448.2,14.4,76.9,Partly Cloudy,27.3,False,None,
URB-10224,LOC-08,Kalarahanga Road,20.38,85.83,2026-07-27 01:22:47,32,0.14,39.3,48,26.7,56.3,422.1,18.7,86.2,Heavy Rain,19.4,False,None,
URB-10225,LOC-01,Patia Main Road,20.3533,85.8197,2026-07-27 01:31:47,67,0.25,36.2,70,34.5,60.6,471.5,14.5,72.2,Clear,29.1,False,None,
URB-10226,LOC-02,Jayadev Vihar,20.301,85.8239,2026-07-27 01:43:47,67,0.23,38.5,74,30.5,62.8,456.1,15.9,66.2,Clear,27.9,False,None,
URB-10227,LOC-03,Saheed Nagar,20.2872,85.8415,2026-07-27 02:04:47,48,0.17,42.1,79,39.7,79.6,422.3,15.3,70.0,Clear,24.6,False,None,
URB-10228,LOC-04,Khandagiri,20.2588,85.7836,2026-07-27 02:22:47,39,0.16,40.8,57,30.8,59.7,416.7,15.3,69.2,Partly Cloudy,21.0,False,None,
URB-10229,LOC-05,Vani Vihar,20.2974,85.8364,2026-07-27 02:30:47,34,0.12,38.1,52,21.9,44.1,434.8,15.3,71.3,Clear,19.8,False,None,
URB-10230,LOC-06,Bhubaneswar Railway Station,20.2657,85.8436,2026-07-27 02:51:47,73,0.27,48.8,95,44.8,78.5,441.8,17.7,92.2,Fog,29.9,False,None,
URB-10231,LOC-07,Nandankanan Road,20.37,85.825,2026-07-27 03:07:47,62,0.27,34.6,58,31.0,51.0,446.2,14.9,74.0,Clear,28.6,False,None,
URB-10232,LOC-08,Kalarahanga Road,20.38,85.83,2026-07-27 03:17:47,37,0.16,56.8,144,47.9,44.9,430.2,14.6,72.8,Partly Cloudy,19.0,True,Air Quality Hazard,"Hazardous particulate spike (AQI 144, PM2.5 47.9 µg/m³) detected near Kalarahanga Road."
URB-10233,LOC-01,Patia Main Road,20.3533,85.8197,2026-07-27 03:27:47,74,0.29,34.3,73,35.3,66.6,470.1,17.5,68.0,Clear,32.2,False,None,
URB-10234,LOC-02,Jayadev Vihar,20.301,85.8239,2026-07-27 03:43:47,64,0.29,28.3,67,32.6,63.3,438.8,15.3,92.9,Rain,34.2,False,None,
URB-10235,LOC-03,Saheed Nagar,20.2872,85.8415,2026-07-27 04:03:47,62,0.23,30.5,98,46.8,89.1,467.8,14.9,73.8,Haze,36.1,False,None,
URB-10236,LOC-04,Khandagiri,20.2588,85.7836,2026-07-27 04:12:47,40,0.14,34.5,65,29.0,58.4,424.9,16.9,72.9,Haze,24.7,False,None,
URB-10237,LOC-05,Vani Vihar,20.2974,85.8364,2026-07-27 04:28:47,28,0.11,41.7,45,21.4,34.4,410.7,19.2,67.5,Clear,16.4,False,None,
URB-10238,LOC-06,Bhubaneswar Railway Station,20.2657,85.8436,2026-07-27 04:44:47,60,0.26,41.3,58,30.7,50.4,456.0,14.9,95.1,Rain,24.9,False,None,
URB-10239,LOC-07,Nandankanan Road,20.37,85.825,2026-07-27 05:02:47,65,0.23,29.7,57,23.9,41.7,434.9,19.3,88.2,Heavy Rain,29.3,False,None,
URB-10240,LOC-08,Kalarahanga Road,20.38,85.83,2026-07-27 05:17:47,43,0.18,37.8,46,17.2,32.0,440.6,15.5,89.0,Rain,21.4,False,None,
URB-10241,LOC-01,Patia Main Road,20.3533,85.8197,2026-07-27 05:31:47,60,0.24,24.3,61,28.1,54.5,437.0,18.1,85.9,Rain,33.1,False,None,
URB-10242,LOC-02,Jayadev Vihar,20.301,85.8239,2026-07-27 05:45:47,85,0.37,26.9,98,48.5,95.5,451.8,17.3,66.4,Haze,43.5,False,None,
URB-10243,LOC-03,Saheed Nagar,20.2872,85.8415,2026-07-27 05:57:47,51,0.22,31.1,114,57.0,99.7,429.1,20.2,63.9,Haze,38.2,False,None,
URB-10244,LOC-04,Khandagiri,20.2588,85.7836,2026-07-27 06:12:47,128,0.52,29.8,77,32.0,64.9,505.1,21.4,58.7,Partly Cloudy,44.4,False,None,
URB-10245,LOC-05,Vani Vihar,20.2974,85.8364,2026-07-27 06:36:47,72,0.33,32.8,63,31.7,56.8,450.2,18.1,70.9,Clear,32.8,False,None,
URB-10246,LOC-06,Bhubaneswar Railway Station,20.2657,85.8436,2026-07-27 06:43:47,144,0.62,33.9,96,42.8,83.6,508.8,18.7,65.1,Partly Cloudy,49.7,False,None,
URB-10247,LOC-07,Nandankanan Road,20.37,85.825,2026-07-27 07:04:47,303,0.98,10.8,117,57.2,100.2,659.9,21.5,83.8,Rain,79.3,False,None,
URB-10248,LOC-08,Kalarahanga Road,20.38,85.83,2026-07-27 07:17:47,186,0.78,20.2,88,43.1,76.3,582.0,18.1,86.9,Heavy Rain,61.5,False,None,
URB-10249,LOC-01,Patia Main Road,20.3533,85.8197,2026-07-27 07:29:47,253,0.98,15.5,140,65.4,121.5,607.9,22.1,60.6,Clear,81.0,False,None,
URB-10250,LOC-02,Jayadev Vihar,20.301,85.8239,2026-07-27 07:43:47,415,0.98,14.5,212,92.6,175.8,780.9,18.4,70.9,Clear,92.0,False,None,
URB-10251,LOC-03,Saheed Nagar,20.2872,85.8415,2026-07-27 08:06:47,281,0.98,9.2,270,118.4,109.8,655.2,20.4,81.5,Heavy Rain,82.0,True,Air Quality Hazard,"Hazardous particulate spike (AQI 270, PM2.5 118.4 µg/m³) detected near Saheed Nagar."
URB-10252,LOC-04,Khandagiri,20.2588,85.7836,2026-07-27 08:22:47,219,0.98,10.1,102,49.9,88.6,575.6,21.4,82.1,Rain,77.0,False,None,
URB-10253,LOC-05,Vani Vihar,20.2974,85.8364,2026-07-27 08:35:47,167,0.72,21.7,94,42.2,73.7,547.1,21.9,66.3,Clear,59.4,False,None,
URB-10254,LOC-06,Bhubaneswar Railway Station,20.2657,85.8436,2026-07-27 08:45:47,364,0.98,18.6,206,98.4,173.6,742.3,22.1,64.5,Clear,89.9,False,None,
URB-10255,LOC-07,Nandankanan Road,20.37,85.825,2026-07-27 09:01:47,299,0.98,10.9,198,88.6,167.1,684.0,22.1,85.3,Fog,93.4,False,None,
URB-10256,LOC-08,Kalarahanga Road,20.38,85.83,2026-07-27 09:14:47,191,0.83,28.3,117,54.3,101.2,583.5,21.2,65.2,Partly Cloudy,64.5,False,None,
URB-10257,LOC-01,Patia Main Road,20.3533,85.8197,2026-07-27 09:34:47,284,0.98,11.0,161,77.6,137.7,639.9,22.1,82.1,Fog,86.9,False,None,
URB-10258,LOC-02,Jayadev Vihar,20.301,85.8239,2026-07-27 09:44:47,301,0.98,10.6,129,54.8,104.2,651.6,21.6,82.9,Rain,81.5,False,None,
URB-10259,LOC-03,Saheed Nagar,20.2872,85.8415,2026-07-27 10:06:47,159,0.6,28.6,120,53.2,101.4,547.4,24.7,59.3,Clear,55.7,False,None,
URB-10260,LOC-04,Khandagiri,20.2588,85.7836,2026-07-27 10:21:47,132,0.54,18.8,77,40.1,81.4,506.1,25.9,72.4,Rain,50.7,False,None,
URB-10261,LOC-05,Vani Vihar,20.2974,85.8364,2026-07-27 10:36:47,85,0.32,37.1,66,29.0,48.4,476.0,25.7,52.5,Clear,30.8,False,None,
URB-10262,LOC-06,Bhubaneswar Railway Station,20.2657,85.8436,2026-07-27 10:47:47,224,0.98,21.7,119,51.6,98.3,603.4,26.1,54.2,Partly Cloudy,74.2,False,None,
URB-10263,LOC-07,Nandankanan Road,20.37,85.825,2026-07-27 10:58:47,149,0.58,23.8,116,53.7,93.2,547.9,26.9,54.6,Haze,56.6,False,None,
URB-10264,LOC-08,Kalarahanga Road,20.38,85.83,2026-07-27 11:21:47,134,0.49,35.9,102,42.9,77.3,527.6,23.9,54.4,Haze,44.5,False,None,
URB-10265,LOC-01,Patia Main Road,20.3533,85.8197,2026-07-27 11:29:47,173,0.78,19.0,143,64.7,121.3,544.2,28.7,55.9,Haze,71.7,False,None,
URB-10266,LOC-02,Jayadev Vihar,20.301,85.8239,2026-07-27 11:48:47,200,0.76,23.1,123,58.0,103.9,571.4,26.5,59.5,Partly Cloudy,65.4,False,None,
URB-10267,LOC-03,Saheed Nagar,20.2872,85.8415,2026-07-27 12:03:47,171,0.68,18.3,159,72.4,126.8,529.1,25.1,80.6,Fog,70.9,False,None,
URB-10268,LOC-04,Khandagiri,20.2588,85.7836,2026-07-27 12:22:47,170,0.67,15.9,80,38.4,69.9,559.4,27.1,78.3,Rain,57.8,False,None,
URB-10269,LOC-05,Vani Vihar,20.2974,85.8364,2026-07-27 12:33:47,85,0.29,25.5,50,25.5,42.4,462.0,28.9,72.3,Rain,32.6,False,None,
URB-10270,LOC-06,Bhubaneswar Railway Station,20.2657,85.8436,2026-07-27 12:50:47,248,0.98,14.9,123,60.0,110.1,631.8,28.8,71.0,Heavy Rain,78.3,False,None,
URB-10271,LOC-07,Nandankanan Road,20.37,85.825,2026-07-27 13:04:47,154,0.69,17.5,85,40.5,69.7,533.7,29.8,73.3,Rain,58.7,False,None,
URB-10272,LOC-08,Kalarahanga Road,20.38,85.83,2026-07-27 13:14:47,144,0.63,33.6,99,46.8,91.8,521.5,30.2,49.1,Partly Cloudy,50.7,False,None,
URB-10273,LOC-01,Patia Main Road,20.3533,85.8197,2026-07-27 13:28:47,195,0.76,20.3,124,58.0,107.2,561.5,27.6,57.3,Clear,66.9,False,None,
URB-10274,LOC-02,Jayadev Vihar,20.301,85.8239,2026-07-27 13:48:47,208,0.85,19.2,114,50.2,93.4,599.8,29.9,50.8,Partly Cloudy,69.4,False,None,
URB-10275,LOC-03,Saheed Nagar,20.2872,85.8415,2026-07-27 14:03:47,162,0.65,18.0,105,50.2,85.9,522.3,26.9,71.1,Rain,60.4,False,None,
URB-10276,LOC-04,Khandagiri,20.2588,85.7836,2026-07-27 14:17:47,133,0.57,24.9,105,46.1,85.4,530.6,25.6,59.8,Haze,53.7,False,None,
URB-10277,LOC-05,Vani Vihar,20.2974,85.8364,2026-07-27 14:28:47,83,0.38,32.7,68,28.5,49.5,482.7,26.8,54.0,Partly Cloudy,35.8,False,None,
URB-10278,LOC-06,Bhubaneswar Railway Station,20.2657,85.8436,2026-07-27 14:49:47,241,0.98,17.4,326,159.8,145.2,598.3,27.1,74.4,Fog,83.3,True,Air Quality Hazard,"Hazardous particulate spike (AQI 326, PM2.5 159.8 µg/m³) detected near Bhubaneswar Railway Station."
URB-10279,LOC-07,Nandankanan Road,20.37,85.825,2026-07-27 15:00:47,164,0.85,9.3,100,47.4,82.2,550.8,26.7,58.2,Clear,55.2,True,Severe Gridlock,Critical speed drop to 9.3 km/h indicating major arterial blockade.
URB-10280,LOC-08,Kalarahanga Road,20.38,85.83,2026-07-27 15:19:47,211,0.8,33.8,96,47.5,81.9,506.0,27.0,77.9,Fog,46.9,True,Traffic Bottleneck,Sudden vehicular surge of 211 vehicles/min exceeding corridor capacity.
URB-10281,LOC-01,Patia Main Road,20.3533,85.8197,2026-07-27 15:29:47,222,0.81,15.6,157,75.3,145.0,583.8,26.3,77.1,Fog,77.1,False,None,
URB-10282,LOC-02,Jayadev Vihar,20.301,85.8239,2026-07-27 15:49:47,248,0.98,12.7,154,71.7,130.4,608.3,29.3,49.1,Partly Cloudy,84.8,False,None,
URB-10283,LOC-03,Saheed Nagar,20.2872,85.8415,2026-07-27 16:02:47,232,0.92,11.9,124,58.4,112.8,616.8,26.7,71.0,Heavy Rain,77.5,False,None,
URB-10284,LOC-04,Khandagiri,20.2588,85.7836,2026-07-27 16:22:47,228,0.86,14.0,162,71.5,134.4,582.8,29.6,72.0,Fog,80.8,False,None,
URB-10285,LOC-05,Vani Vihar,20.2974,85.8364,2026-07-27 16:31:47,126,0.54,30.2,83,40.2,78.2,520.6,28.7,53.0,Partly Cloudy,46.0,False,None,
URB-10286,LOC-06,Bhubaneswar Railway Station,20.2657,85.8436,2026-07-27 16:46:47,365,0.98,15.4,150,70.6,132.4,726.8,29.7,73.6,Rain,82.8,False,None,
URB-10287,LOC-07,Nandankanan Road,20.37,85.825,2026-07-27 17:04:47,257,0.97,11.5,164,77.2,144.8,632.6,26.5,53.2,Haze,86.8,False,None,
URB-10288,LOC-08,Kalarahanga Road,20.38,85.83,2026-07-27 17:14:47,211,0.88,20.0,152,68.1,126.4,573.8,28.1,52.1,Haze,76.8,False,None,
URB-10289,LOC-01,Patia Main Road,20.3533,85.8197,2026-07-27 17:28:47,258,0.98,10.3,107,51.0,94.7,632.0,26.1,72.8,Heavy Rain,77.8,False,None,
URB-10290,LOC-02,Jayadev Vihar,20.301,85.8239,2026-07-27 17:44:47,414,0.98,15.5,214,94.1,165.6,783.3,28.7,48.4,Partly Cloudy,91.5,False,None,
URB-10291,LOC-03,Saheed Nagar,20.2872,85.8415,2026-07-27 17:59:47,265,0.9,11.4,133,63.5,110.6,643.9,24.6,80.7,Rain,78.6,False,None,
URB-10292,LOC-04,Khandagiri,20.2588,85.7836,2026-07-27 18:22:47,212,0.97,10.2,85,37.5,75.0,567.3,23.5,78.5,Heavy Rain,73.6,False,None,
URB-10293,LOC-05,Vani Vihar,20.2974,85.8364,2026-07-27 18:37:47,149,0.55,28.7,89,37.7,75.2,522.9,23.1,59.2,Clear,48.2,False,None,
URB-10294,LOC-06,Bhubaneswar Railway Station,20.2657,85.8436,2026-07-27 18:46:47,346,0.98,14.2,165,73.8,130.7,721.9,27.5,72.2,Heavy Rain,86.0,False,None,
URB-10295,LOC-07,Nandankanan Road,20.37,85.825,2026-07-27 19:03:47,245,0.98,13.1,124,58.3,100.5,624.9,24.0,55.7,Clear,79.4,False,None,
URB-10296,LOC-08,Kalarahanga Road,20.38,85.83,2026-07-27 19:16:47,193,0.79,22.5,119,54.0,94.1,553.0,25.2,72.7,Fog,66.2,False,None,
URB-10297,LOC-01,Patia Main Road,20.3533,85.8197,2026-07-27 19:29:47,324,0.98,13.6,165,71.6,136.3,693.1,24.4,56.1,Partly Cloudy,86.3,False,None,
URB-10298,LOC-02,Jayadev Vihar,20.301,85.8239,2026-07-27 19:51:47,328,0.98,14.1,186,83.3,151.1,694.6,24.9,61.0,Clear,89.7,False,None,
URB-10299,LOC-03,Saheed Nagar,20.2872,85.8415,2026-07-27 20:05:47,148,0.63,18.0,89,41.8,77.7,517.6,19.6,81.5,Heavy Rain,56.8,False,None,
URB-10300,LOC-04,Khandagiri,20.2588,85.7836,2026-07-27 20:20:47,121,0.56,10.5,82,33.9,58.6,493.1,24.4,56.4,Clear,41.6,True,Severe Gridlock,Critical speed drop to 10.5 km/h indicating major arterial blockade.
URB-10301,LOC-05,Vani Vihar,20.2974,85.8364,2026-07-27 20:32:47,69,0.3,27.8,79,33.3,60.3,467.4,19.7,69.0,Haze,36.9,False,None,
URB-10302,LOC-06,Bhubaneswar Railway Station,20.2657,85.8436,2026-07-27 20:51:47,186,0.65,27.1,97,43.5,86.1,549.7,21.5,87.4,Rain,54.4,False,None,
URB-10303,LOC-07,Nandankanan Road,20.37,85.825,2026-07-27 21:07:47,120,0.51,26.4,87,43.2,82.9,520.7,18.7,66.1,Partly Cloudy,47.4,False,None,
URB-10304,LOC-08,Kalarahanga Road,20.38,85.83,2026-07-27 21:18:47,99,0.44,34.8,63,33.2,61.4,493.2,22.4,81.2,Rain,36.2,False,None,
URB-10305,LOC-01,Patia Main Road,20.3533,85.8197,2026-07-27 21:37:47,130,0.58,19.3,89,44.8,83.4,521.7,21.6,79.8,Rain,54.1,False,None,
URB-10306,LOC-02,Jayadev Vihar,20.301,85.8239,2026-07-27 21:51:47,178,0.76,21.0,263,127.5,113.5,561.7,21.2,59.7,Clear,66.6,True,Air Quality Hazard,"Hazardous particulate spike (AQI 263, PM2.5 127.5 µg/m³) detected near Jayadev Vihar."
URB-10307,LOC-03,Saheed Nagar,20.2872,85.8415,2026-07-27 22:05:47,60,0.27,24.0,65,27.5,54.1,448.7,17.7,93.2,Heavy Rain,35.2,False,None,
URB-10308,LOC-04,Khandagiri,20.2588,85.7836,2026-07-27 22:15:47,45,0.2,38.3,57,28.2,47.3,449.8,18.7,63.1,Clear,23.8,False,None,
URB-10309,LOC-05,Vani Vihar,20.2974,85.8364,2026-07-27 22:35:47,25,0.09,36.6,52,26.1,56.2,422.3,18.0,88.1,Fog,19.4,False,None,
URB-10310,LOC-06,Bhubaneswar Railway Station,20.2657,85.8436,2026-07-27 22:42:47,76,0.38,19.1,83,34.3,66.6,467.4,20.1,63.5,Partly Cloudy,28.6,True,Severe Gridlock,Critical speed drop to 19.1 km/h indicating major arterial blockade.
URB-10311,LOC-07,Nandankanan Road,20.37,85.825,2026-07-27 23:07:47,58,0.22,25.3,58,26.2,46.0,463.1,17.7,91.7,Rain,31.3,False,None,
URB-10312,LOC-08,Kalarahanga Road,20.38,85.83,2026-07-27 23:13:47,35,0.15,39.3,45,23.0,38.2,420.0,19.0,82.0,Heavy Rain,19.2,False,None,
URB-10313,LOC-01,Patia Main Road,20.3533,85.8197,2026-07-27 23:34:47,66,0.26,34.2,87,41.0,82.7,434.6,18.9,67.2,Haze,33.5,False,None,
URB-10314,LOC-02,Jayadev Vihar,20.301,85.8239,2026-07-27 23:44:47,77,0.33,27.2,100,44.8,90.3,459.8,18.3,71.4,Haze,42.1,False,None,
URB-10315,LOC-03,Saheed Nagar,20.2872,85.8415,2026-07-28 00:00:47,51,0.19,26.9,77,35.8,72.1,453.1,15.0,93.5,Rain,32.6,False,None,
URB-10316,LOC-04,Khandagiri,20.2588,85.7836,2026-07-28 00:17:47,50,0.2,31.0,80,33.3,65.6,428.4,17.9,70.0,Haze,31.5,False,None,
URB-10317,LOC-05,Vani Vihar,20.2974,85.8364,2026-07-28 00:29:47,30,0.12,36.5,65,32.4,63.4,432.4,17.1,90.2,Fog,22.9,False,None,
URB-10318,LOC-06,Bhubaneswar Railway Station,20.2657,85.8436,2026-07-28 00:50:47,76,0.3,33.4,63,27.0,55.4,447.7,16.2,86.2,Rain,31.3,False,None,
URB-10319,LOC-07,Nandankanan Road,20.37,85.825,2026-07-28 01:07:47,50,0.17,30.2,50,24.7,49.6,428.2,16.4,89.0,Rain,25.5,False,None,
URB-10320,LOC-08,Kalarahanga Road,20.38,85.83,2026-07-28 01:15:47,41,0.16,49.2,60,26.8,49.5,443.8,17.2,71.1,Haze,19.4,False,None,
URB-10321,LOC-01,Patia Main Road,20.3533,85.8197,2026-07-28 01:37:47,74,0.26,27.8,62,26.2,51.7,449.7,18.0,91.6,Rain,32.4,False,None,
URB-10322,LOC-02,Jayadev Vihar,20.301,85.8239,2026-07-28 01:47:47,76,0.31,31.6,105,45.1,78.8,482.0,15.2,89.0,Fog,40.0,False,None,
URB-10323,LOC-03,Saheed Nagar,20.2872,85.8415,2026-07-28 02:03:47,52,0.21,35.5,88,37.1,64.1,445.2,14.8,71.1,Clear,31.1,False,None,
URB-10324,LOC-04,Khandagiri,20.2588,85.7836,2026-07-28 02:12:47,48,0.2,32.8,69,29.2,50.3,441.1,15.3,74.9,Haze,28.7,False,None,
URB-10325,LOC-05,Vani Vihar,20.2974,85.8364,2026-07-28 02:35:47,29,0.12,37.9,44,18.0,38.7,409.9,14.6,71.4,Partly Cloudy,18.6,False,None,
URB-10326,LOC-06,Bhubaneswar Railway Station,20.2657,85.8436,2026-07-28 02:50:47,56,0.24,45.5,108,51.4,92.3,461.6,16.6,71.3,Haze,31.0,False,None,
URB-10327,LOC-07,Nandankanan Road,20.37,85.825,2026-07-28 02:58:47,52,0.22,24.8,52,24.3,43.2,442.5,17.4,89.0,Heavy Rain,30.5,False,None,
URB-10328,LOC-08,Kalarahanga Road,20.38,85.83,2026-07-28 03:17:47,33,0.12,55.4,60,29.3,50.9,435.6,16.4,91.7,Fog,17.8,False,None,
URB-10329,LOC-01,Patia Main Road,20.3533,85.8197,2026-07-28 03:28:47,65,0.28,39.6,77,32.2,59.8,464.5,16.9,74.0,Partly Cloudy,29.9,False,None,
URB-10330,LOC-02,Jayadev Vihar,20.301,85.8239,2026-07-28 03:43:47,110,0.39,36.9,73,35.2,64.9,454.7,14.8,70.4,Clear,30.1,True,Traffic Bottleneck,Sudden vehicular surge of 110 vehicles/min exceeding corridor capacity.
URB-10331,LOC-03,Saheed Nagar,20.2872,85.8415,2026-07-28 04:05:47,56,0.23,39.7,93,38.9,76.8,448.8,17.8,64.0,Clear,30.6,False,None,
URB-10332,LOC-04,Khandagiri,20.2588,85.7836,2026-07-28 04:13:47,50,0.2,27.3,46,20.6,44.0,446.4,16.7,90.3,Rain,27.4,False,None,
URB-10333,LOC-05,Vani Vihar,20.2974,85.8364,2026-07-28 04:37:47,28,0.13,44.7,41,23.2,38.9,434.9,17.5,73.3,Partly Cloudy,50.0,True,Multi-Vector Urban Risk,Combined extreme congestion (13%) and high particulate pollution.
URB-10334,LOC-06,Bhubaneswar Railway Station,20.2657,85.8436,2026-07-28 04:50:47,78,0.29,46.2,110,50.6,88.5,481.3,16.0,90.1,Fog,33.4,False,None,
URB-10335,LOC-07,Nandankanan Road,20.37,85.825,2026-07-28 05:01:47,49,0.21,38.9,60,29.4,49.0,421.3,19.0,71.4,Partly Cloudy,24.4,False,None,
URB-10336,LOC-08,Kalarahanga Road,20.38,85.83,2026-07-28 05:16:47,35,0.14,63.9,48,18.3,30.8,420.8,18.6,64.4,Clear,16.5,False,None,
URB-10337,LOC-01,Patia Main Road,20.3533,85.8197,2026-07-28 05:32:47,68,0.29,28.4,84,36.9,73.2,458.9,19.3,90.6,Fog,37.1,False,None,
URB-10338,LOC-02,Jayadev Vihar,20.301,85.8239,2026-07-28 05:52:47,69,0.26,27.5,69,31.9,54.1,450.4,17.7,87.9,Heavy Rain,33.7,False,None,
URB-10339,LOC-03,Saheed Nagar,20.2872,85.8415,2026-07-28 05:58:47,60,0.21,27.9,65,25.4,48.3,439.5,19.7,81.2,Rain,65.8,True,Multi-Vector Urban Risk,Combined extreme congestion (21%) and high particulate pollution.
URB-10340,LOC-04,Khandagiri,20.2588,85.7836,2026-07-28 06:21:47,128,0.52,28.9,84,36.0,71.4,530.1,18.9,69.4,Partly Cloudy,46.0,False,None,
URB-10341,LOC-05,Vani Vihar,20.2974,85.8364,2026-07-28 06:31:47,73,0.29,35.1,66,31.8,54.7,460.8,19.8,68.8,Partly Cloudy,30.6,False,None,
URB-10342,LOC-06,Bhubaneswar Railway Station,20.2657,85.8436,2026-07-28 06:49:47,147,0.67,35.6,105,45.4,84.0,546.0,20.2,64.5,Partly Cloudy,52.4,False,None,
URB-10343,LOC-07,Nandankanan Road,20.37,85.825,2026-07-28 07:02:47,228,0.83,20.4,108,54.4,97.8,594.7,20.3,64.1,Partly Cloudy,66.9,False,None,
URB-10344,LOC-08,Kalarahanga Road,20.38,85.83,2026-07-28 07:20:47,206,0.91,19.1,134,62.8,120.6,582.2,18.8,68.3,Haze,75.3,False,None,
URB-10345,LOC-01,Patia Main Road,20.3533,85.8197,2026-07-28 07:33:47,306,0.98,15.2,155,67.1,118.3,669.9,20.4,65.4,Partly Cloudy,83.7,False,None,
URB-10346,LOC-02,Jayadev Vihar,20.301,85.8239,2026-07-28 07:52:47,320,0.98,9.9,150,70.7,129.5,691.7,18.5,84.6,Rain,85.5,False,None,
URB-10347,LOC-03,Saheed Nagar,20.2872,85.8415,2026-07-28 08:00:47,224,0.98,10.9,183,78.7,145.2,578.3,22.4,78.0,Fog,90.8,False,None,
URB-10348,LOC-04,Khandagiri,20.2588,85.7836,2026-07-28 08:16:47,221,0.86,19.6,127,62.6,110.9,599.4,23.9,61.4,Partly Cloudy,71.8,False,None,
URB-10349,LOC-05,Vani Vihar,20.2974,85.8364,2026-07-28 08:34:47,127,0.56,20.1,71,30.6,60.9,521.1,23.6,76.4,Heavy Rain,49.8,False,None,
URB-10350,LOC-06,Bhubaneswar Railway Station,20.2657,85.8436,2026-07-28 08:49:47,331,0.98,17.0,214,96.5,170.9,677.2,20.5,87.8,Fog,90.7,False,None,
URB-10351,LOC-07,Nandankanan Road,20.37,85.825,2026-07-28 09:04:47,279,0.98,12.1,192,87.8,153.1,656.2,21.5,84.3,Fog,91.8,False,None,
URB-10352,LOC-08,Kalarahanga Road,20.38,85.83,2026-07-28 09:22:47,181,0.71,29.9,127,60.8,109.7,565.8,23.2,64.6,Haze,60.7,False,None,
URB-10353,LOC-01,Patia Main Road,20.3533,85.8197,2026-07-28 09:36:47,296,0.98,14.9,154,67.9,117.3,677.8,21.5,63.7,Clear,83.7,False,None,
URB-10354,LOC-02,Jayadev Vihar,20.301,85.8239,2026-07-28 09:42:47,357,0.98,11.7,199,89.8,165.4,704.5,25.1,76.4,Fog,93.2,False,None,
URB-10355,LOC-03,Saheed Nagar,20.2872,85.8415,2026-07-28 10:05:47,172,0.71,17.9,107,45.9,86.0,545.7,23.5,80.3,Heavy Rain,63.2,False,None,
URB-10356,LOC-04,Khandagiri,20.2588,85.7836,2026-07-28 10:16:47,138,0.59,23.5,111,52.9,92.6,533.4,25.8,78.8,Fog,56.3,False,None,
URB-10357,LOC-05,Vani Vihar,20.2974,85.8364,2026-07-28 10:33:47,105,0.43,23.5,65,33.5,62.4,471.6,24.4,79.8,Rain,41.8,False,None,
URB-10358,LOC-06,Bhubaneswar Railway Station,20.2657,85.8436,2026-07-28 10:43:47,196,0.75,31.5,130,57.4,112.8,580.4,27.2,53.2,Clear,62.0,False,None,
URB-10359,LOC-07,Nandankanan Road,20.37,85.825,2026-07-28 10:59:47,180,0.61,23.5,142,65.0,122.5,574.2,25.1,54.3,Haze,62.5,False,None,
URB-10360,LOC-08,Kalarahanga Road,20.38,85.83,2026-07-28 11:22:47,206,0.71,46.8,82,37.0,64.6,484.7,25.1,56.3,Clear,36.5,True,Traffic Bottleneck,Sudden vehicular surge of 206 vehicles/min exceeding corridor capacity.
URB-10361,LOC-01,Patia Main Road,20.3533,85.8197,2026-07-28 11:28:47,188,0.83,17.4,146,63.6,123.4,558.1,28.6,69.9,Fog,75.0,False,None,
URB-10362,LOC-02,Jayadev Vihar,20.301,85.8239,2026-07-28 11:46:47,229,0.81,17.8,146,70.5,134.1,592.9,28.5,55.3,Partly Cloudy,74.1,False,None,
URB-10363,LOC-03,Saheed Nagar,20.2872,85.8415,2026-07-28 12:04:47,172,0.74,16.4,109,45.3,78.3,568.2,27.0,74.1,Heavy Rain,65.5,False,None,
URB-10364,LOC-04,Khandagiri,20.2588,85.7836,2026-07-28 12:22:47,155,0.57,26.0,103,44.8,77.0,552.7,27.3,49.1,Partly Cloudy,52.8,False,None,
URB-10365,LOC-05,Vani Vihar,20.2974,85.8364,2026-07-28 12:32:47,97,0.35,32.7,73,38.2,66.6,471.0,27.6,50.4,Clear,35.4,False,None,
URB-10366,LOC-06,Bhubaneswar Railway Station,20.2657,85.8436,2026-07-28 12:45:47,195,0.73,25.6,167,72.3,126.3,583.9,28.9,50.2,Haze,70.6,False,None,
URB-10367,LOC-07,Nandankanan Road,20.37,85.825,2026-07-28 13:04:47,150,0.66,22.5,131,63.8,118.5,543.9,27.2,72.4,Fog,63.1,False,None,
URB-10368,LOC-08,Kalarahanga Road,20.38,85.83,2026-07-28 13:14:47,114,0.42,39.6,98,45.1,82.1,479.8,29.3,70.8,Fog,39.2,False,None,
URB-10369,LOC-01,Patia Main Road,20.3533,85.8197,2026-07-28 13:29:47,235,0.98,10.1,113,50.1,94.4,614.1,25.4,74.0,Heavy Rain,78.9,False,None,
URB-10370,LOC-02,Jayadev Vihar,20.301,85.8239,2026-07-28 13:50:47,215,0.85,13.4,113,50.6,98.9,583.1,27.8,70.4,Rain,72.1,False,None,
URB-10371,LOC-03,Saheed Nagar,20.2872,85.8415,2026-07-28 13:59:47,147,0.6,21.0,142,63.7,111.8,511.3,26.6,72.5,Fog,63.3,False,None,
URB-10372,LOC-04,Khandagiri,20.2588,85.7836,2026-07-28 14:14:47,161,0.58,19.2,87,43.0,76.9,559.7,29.7,70.6,Heavy Rain,53.8,False,None,
URB-10373,LOC-05,Vani Vihar,20.2974,85.8364,2026-07-28 14:36:47,92,0.39,29.8,68,29.9,54.2,490.4,27.9,54.4,Clear,37.6,False,None,
URB-10374,LOC-06,Bhubaneswar Railway Station,20.2657,85.8436,2026-07-28 14:46:47,179,0.63,28.1,106,45.4,88.4,574.6,26.5,76.0,Rain,54.7,False,None,
URB-10375,LOC-07,Nandankanan Road,20.37,85.825,2026-07-28 15:07:47,179,0.77,19.0,120,51.7,100.2,551.3,26.7,76.3,Fog,67.3,False,None,
URB-10376,LOC-08,Kalarahanga Road,20.38,85.83,2026-07-28 15:22:47,127,0.56,30.7,98,42.8,81.7,495.8,26.4,73.6,Fog,49.2,False,None,
URB-10377,LOC-01,Patia Main Road,20.3533,85.8197,2026-07-28 15:34:47,220,0.89,12.1,99,43.1,83.7,579.7,29.6,66.9,Rain,71.9,False,None,
URB-10378,LOC-02,Jayadev Vihar,20.301,85.8239,2026-07-28 15:45:47,228,0.8,21.5,133,65.8,115.0,599.1,25.6,59.3,Partly Cloudy,69.5,False,None,
URB-10379,LOC-03,Saheed Nagar,20.2872,85.8415,2026-07-28 15:58:47,194,0.75,17.2,167,72.9,126.7,579.1,27.5,50.0,Haze,75.6,False,None,
URB-10380,LOC-04,Khandagiri,20.2588,85.7836,2026-07-28 16:17:47,217,0.96,11.6,100,46.9,86.3,592.2,25.4,81.4,Heavy Rain,75.1,False,None,
URB-10381,LOC-05,Vani Vihar,20.2974,85.8364,2026-07-28 16:36:47,144,0.6,18.1,72,32.1,56.7,518.5,27.4,76.9,Heavy Rain,52.6,False,None,
URB-10382,LOC-06,Bhubaneswar Railway Station,20.2657,85.8436,2026-07-28 16:42:47,355,0.98,16.8,249,112.8,198.2,713.3,24.7,82.2,Fog,90.8,False,None,
URB-10383,LOC-07,Nandankanan Road,20.37,85.825,2026-07-28 17:01:47,245,0.84,15.4,147,69.5,125.9,612.0,26.5,74.2,Fog,76.6,False,None,
URB-10384,LOC-08,Kalarahanga Road,20.38,85.83,2026-07-28 17:16:47,181,0.67,36.3,97,47.1,91.9,574.3,27.8,55.1,Clear,50.6,False,None,
URB-10385,LOC-01,Patia Main Road,20.3533,85.8197,2026-07-28 17:28:47,465,0.99,15.3,135,58.3,114.5,632.5,27.2,54.1,Partly Cloudy,78.6,True,Traffic Bottleneck,Sudden vehicular surge of 465 vehicles/min exceeding corridor capacity.
URB-10386,LOC-02,Jayadev Vihar,20.301,85.8239,2026-07-28 17:46:47,309,0.98,9.2,133,63.7,117.1,656.7,23.8,76.5,Rain,82.9,False,None,
URB-10387,LOC-03,Saheed Nagar,20.2872,85.8415,2026-07-28 17:57:47,217,0.93,10.5,110,54.5,96.9,581.0,25.7,76.9,Rain,76.2,False,None,
URB-10388,LOC-04,Khandagiri,20.2588,85.7836,2026-07-28 18:12:47,255,0.98,13.8,121,57.8,100.4,643.5,23.7,64.4,Clear,78.5,False,None,
URB-10389,LOC-05,Vani Vihar,20.2974,85.8364,2026-07-28 18:30:47,138,0.63,19.7,71,29.2,54.8,505.5,26.1,78.3,Heavy Rain,52.8,False,None,
URB-10390,LOC-06,Bhubaneswar Railway Station,20.2657,85.8436,2026-07-28 18:47:47,631,0.99,18.8,172,74.6,141.1,725.2,24.1,55.5,Clear,84.9,True,Traffic Bottleneck,Sudden vehicular surge of 631 vehicles/min exceeding corridor capacity.
URB-10391,LOC-07,Nandankanan Road,20.37,85.825,2026-07-28 19:06:47,268,0.98,11.7,174,83.6,160.4,619.8,21.8,58.2,Haze,88.8,False,None,
URB-10392,LOC-08,Kalarahanga Road,20.38,85.83,2026-07-28 19:12:47,195,0.83,20.8,96,46.8,91.3,555.5,22.2,86.5,Rain,64.6,False,None,
URB-10393,LOC-01,Patia Main Road,20.3533,85.8197,2026-07-28 19:30:47,324,0.98,13.1,154,72.3,128.0,702.5,23.5,59.1,Clear,84.6,False,None,
URB-10394,LOC-02,Jayadev Vihar,20.301,85.8239,2026-07-28 19:47:47,383,0.98,10.8,145,64.2,114.5,756.3,23.8,75.0,Rain,84.2,False,None,
URB-10395,LOC-03,Saheed Nagar,20.2872,85.8415,2026-07-28 19:57:47,254,0.98,12.9,183,79.0,151.7,628.4,22.9,61.9,Haze,89.8,False,None,
URB-10396,LOC-04,Khandagiri,20.2588,85.7836,2026-07-28 20:15:47,120,0.52,22.6,93,44.4,75.6,494.3,21.5,81.0,Fog,50.8,False,None,
URB-10397,LOC-05,Vani Vihar,20.2974,85.8364,2026-07-28 20:29:47,66,0.26,33.9,59,29.6,52.1,457.2,23.7,61.0,Clear,28.8,False,None,
URB-10398,LOC-06,Bhubaneswar Railway Station,20.2657,85.8436,2026-07-28 20:51:47,141,0.64,28.7,142,60.5,112.3,521.6,23.9,54.9,Haze,61.1,False,None,
URB-10399,LOC-07,Nandankanan Road,20.37,85.825,2026-07-28 21:03:47,153,0.53,20.9,73,31.0,58.6,533.9,21.6,85.9,Rain,48.5,False,None,
URB-10400,LOC-08,Kalarahanga Road,20.38,85.83,2026-07-28 21:15:47,92,0.33,43.8,90,44.0,85.7,480.6,22.7,81.5,Fog,32.1,False,None,
URB-10401,LOC-01,Patia Main Road,20.3533,85.8197,2026-07-28 21:37:47,167,0.65,16.3,95,44.1,83.4,557.0,20.7,84.0,Heavy Rain,59.5,False,None,
URB-10402,LOC-02,Jayadev Vihar,20.301,85.8239,2026-07-28 21:47:47,213,0.81,16.1,163,75.0,133.2,597.3,20.1,87.1,Fog,77.9,False,None,
URB-10403,LOC-03,Saheed Nagar,20.2872,85.8415,2026-07-28 22:01:47,62,0.24,26.4,74,39.2,70.1,459.9,21.4,83.9,Rain,34.3,False,None,
URB-10404,LOC-04,Khandagiri,20.2588,85.7836,2026-07-28 22:15:47,52,0.23,14.7,60,32.3,55.5,449.4,17.9,68.7,Partly Cloudy,21.8,True,Severe Gridlock,Critical speed drop to 14.7 km/h indicating major arterial blockade.
URB-10405,LOC-05,Vani Vihar,20.2974,85.8364,2026-07-28 22:29:47,28,0.13,38.9,46,18.9,30.2,410.4,18.0,68.7,Partly Cloudy,18.8,False,None,
URB-10406,LOC-06,Bhubaneswar Railway Station,20.2657,85.8436,2026-07-28 22:49:47,67,0.3,53.4,72,36.5,66.4,468.1,17.0,70.9,Partly Cloudy,27.1,False,None,
URB-10407,LOC-07,Nandankanan Road,20.37,85.825,2026-07-28 23:02:47,64,0.25,29.0,59,31.8,61.7,437.4,19.1,88.8,Rain,30.8,False,None,
URB-10408,LOC-08,Kalarahanga Road,20.38,85.83,2026-07-28 23:12:47,39,0.15,42.4,46,26.7,57.6,423.2,18.7,83.5,Rain,17.9,False,None,
URB-10409,LOC-01,Patia Main Road,20.3533,85.8197,2026-07-28 23:36:47,55,0.22,34.2,90,42.0,74.5,430.4,16.9,89.4,Fog,32.5,False,None,
URB-10410,LOC-02,Jayadev Vihar,20.301,85.8239,2026-07-28 23:48:47,65,0.23,32.5,97,47.0,83.3,453.0,18.5,64.2,Haze,34.9,False,None,
URB-10411,LOC-03,Saheed Nagar,20.2872,85.8415,2026-07-29 00:03:47,57,0.23,25.1,69,33.6,67.0,442.8,16.1,87.8,Rain,33.7,False,None,
URB-10412,LOC-04,Khandagiri,20.2588,85.7836,2026-07-29 00:17:47,51,0.22,33.2,77,32.2,63.9,438.5,18.9,84.0,Fog,30.7,False,None,
URB-10413,LOC-05,Vani Vihar,20.2974,85.8364,2026-07-29 00:27:47,35,0.16,42.9,44,20.3,31.9,439.3,14.4,75.3,Partly Cloudy,17.7,False,None,
URB-10414,LOC-06,Bhubaneswar Railway Station,20.2657,85.8436,2026-07-29 00:50:47,61,0.25,51.0,82,33.1,63.3,449.2,18.0,64.4,Partly Cloudy,26.9,False,None,
URB-10415,LOC-07,Nandankanan Road,20.37,85.825,2026-07-29 00:57:47,50,0.19,29.7,45,20.1,35.2,444.7,14.6,94.6,Rain,25.6,False,None,
URB-10416,LOC-08,Kalarahanga Road,20.38,85.83,2026-07-29 01:22:47,44,0.15,45.0,52,20.4,36.5,440.6,14.9,91.5,Rain,17.6,False,None,
URB-10417,LOC-01,Patia Main Road,20.3533,85.8197,2026-07-29 01:35:47,57,0.23,37.4,70,30.8,56.3,463.4,13.8,71.8,Clear,27.8,False,None,
URB-10418,LOC-02,Jayadev Vihar,20.301,85.8239,2026-07-29 01:47:47,71,0.29,28.9,101,50.2,98.7,478.0,16.2,73.8,Haze,39.8,False,None,
URB-10419,LOC-03,Saheed Nagar,20.2872,85.8415,2026-07-29 01:57:47,62,0.23,31.1,109,51.8,101.3,446.5,14.4,95.7,Fog,37.7,False,None,
URB-10420,LOC-04,Khandagiri,20.2588,85.7836,2026-07-29 02:18:47,47,0.18,37.9,60,28.8,57.1,441.5,15.7,67.8,Partly Cloudy,23.8,False,None,
URB-10421,LOC-05,Vani Vihar,20.2974,85.8364,2026-07-29 02:29:47,32,0.14,31.6,41,20.1,33.6,421.0,18.0,90.7,Rain,22.0,False,None,
URB-10422,LOC-06,Bhubaneswar Railway Station,20.2657,85.8436,2026-07-29 02:50:47,59,0.22,50.3,96,43.3,79.6,457.2,17.3,72.9,Haze,28.1,False,None,
URB-10423,LOC-07,Nandankanan Road,20.37,85.825,2026-07-29 03:07:47,52,0.23,29.6,72,34.1,59.8,429.2,17.5,69.9,Haze,32.0,False,None,
URB-10424,LOC-08,Kalarahanga Road,20.38,85.83,2026-07-29 03:22:47,37,0.16,57.4,50,27.0,51.0,428.4,16.7,72.1,Clear,17.6,False,None,
URB-10425,LOC-01,Patia Main Road,20.3533,85.8197,2026-07-29 03:30:47,54,0.23,34.1,75,37.3,63.1,434.4,15.8,73.7,Partly Cloudy,30.3,False,None,
URB-10426,LOC-02,Jayadev Vihar,20.301,85.8239,2026-07-29 03:49:47,75,0.28,30.5,104,46.6,83.6,452.4,15.7,86.9,Fog,39.1,False,None,
URB-10427,LOC-03,Saheed Nagar,20.2872,85.8415,2026-07-29 04:06:47,54,0.23,33.4,113,55.6,98.8,425.1,14.9,92.2,Fog,37.3,False,None,
URB-10428,LOC-04,Khandagiri,20.2588,85.7836,2026-07-29 04:12:47,44,0.19,36.2,75,32.6,56.2,422.2,16.5,94.1,Fog,27.6,False,None,
URB-10429,LOC-05,Vani Vihar,20.2974,85.8364,2026-07-29 04:27:47,30,0.11,37.6,62,33.3,65.4,420.1,17.9,64.3,Haze,21.4,False,None,
URB-10430,LOC-06,Bhubaneswar Railway Station,20.2657,85.8436,2026-07-29 04:48:47,67,0.24,39.6,64,31.7,65.7,463.8,15.3,91.6,Rain,26.0,False,None,
URB-10431,LOC-07,Nandankanan Road,20.37,85.825,2026-07-29 04:58:47,49,0.19,37.9,60,32.5,59.2,440.1,16.2,73.6,Clear,24.2,False,None,
URB-10432,LOC-08,Kalarahanga Road,20.38,85.83,2026-07-29 05:14:47,40,0.17,38.3,45,19.3,41.3,445.8,16.2,92.8,Rain,20.5,False,None,
URB-10433,LOC-01,Patia Main Road,20.3533,85.8197,2026-07-29 05:37:47,56,0.2,36.4,75,35.2,58.4,450.3,16.5,69.8,Partly Cloudy,27.9,False,None,
URB-10434,LOC-02,Jayadev Vihar,20.301,85.8239,2026-07-29 05:45:47,77,0.31,34.6,80,38.2,72.1,447.5,18.3,65.0,Partly Cloudy,34.1,False,None,
URB-10435,LOC-03,Saheed Nagar,20.2872,85.8415,2026-07-29 05:57:47,47,0.2,35.1,78,40.3,68.3,451.5,18.6,70.5,Partly Cloudy,29.1,False,None,
URB-10436,LOC-04,Khandagiri,20.2588,85.7836,2026-07-29 06:14:47,119,0.49,30.7,82,38.7,78.6,505.9,20.4,61.2,Partly Cloudy,43.6,False,None,
URB-10437,LOC-05,Vani Vihar,20.2974,85.8364,2026-07-29 06:31:47,70,0.27,24.0,46,23.6,41.6,455.1,19.3,84.0,Rain,31.9,False,None,
URB-10438,LOC-06,Bhubaneswar Railway Station,20.2657,85.8436,2026-07-29 06:50:47,176,0.73,29.3,118,56.0,109.8,562.6,19.6,70.5,Partly Cloudy,60.2,False,None,
URB-10439,LOC-07,Nandankanan Road,20.37,85.825,2026-07-29 07:01:47,280,0.98,10.2,121,55.6,104.6,666.8,19.7,81.7,Heavy Rain,80.3,False,None,
URB-10440,LOC-08,Kalarahanga Road,20.38,85.83,2026-07-29 07:14:47,169,0.63,29.0,128,55.7,104.5,531.8,20.3,87.5,Fog,58.1,False,None,
URB-10441,LOC-01,Patia Main Road,20.3533,85.8197,2026-07-29 07:27:47,288,0.98,9.6,113,49.9,93.1,659.8,21.4,80.4,Rain,79.2,False,None,
URB-10442,LOC-02,Jayadev Vihar,20.301,85.8239,2026-07-29 07:43:47,334,0.98,12.2,229,108.3,197.1,714.0,22.1,58.8,Haze,93.1,False,None,
URB-10443,LOC-03,Saheed Nagar,20.2872,85.8415,2026-07-29 07:57:47,222,0.8,16.7,192,91.7,160.9,609.4,22.4,61.0,Haze,82.2,False,None,
URB-10444,LOC-04,Khandagiri,20.2588,85.7836,2026-07-29 08:21:47,233,0.95,11.6,163,70.0,123.2,607.8,21.2,67.4,Haze,85.7,False,None,
URB-10445,LOC-05,Vani Vihar,20.2974,85.8364,2026-07-29 08:32:47,149,0.66,17.7,79,38.6,69.2,524.7,22.5,84.9,Heavy Rain,91.4,True,Multi-Vector Urban Risk,Combined extreme congestion (66%) and high particulate pollution.
URB-10446,LOC-06,Bhubaneswar Railway Station,20.2657,85.8436,2026-07-29 08:43:47,362,0.98,15.7,150,63.9,113.1,712.9,22.1,78.6,Heavy Rain,82.6,False,None,
URB-10447,LOC-07,Nandankanan Road,20.37,85.825,2026-07-29 09:05:47,298,0.98,13.2,139,61.8,117.8,656.8,23.5,63.5,Clear,81.9,False,None,
URB-10448,LOC-08,Kalarahanga Road,20.38,85.83,2026-07-29 09:20:47,217,0.79,22.4,136,57.6,111.4,585.8,25.4,53.1,Haze,69.2,False,None,
URB-10449,LOC-01,Patia Main Road,20.3533,85.8197,2026-07-29 09:32:47,344,0.98,10.7,148,64.7,114.5,714.4,21.2,85.8,Heavy Rain,84.8,False,None,
URB-10450,LOC-02,Jayadev Vihar,20.301,85.8239,2026-07-29 09:50:47,388,0.98,9.7,161,69.5,128.2,730.5,21.6,87.2,Rain,87.5,False,None,
URB-10451,LOC-03,Saheed Nagar,20.2872,85.8415,2026-07-29 10:01:47,194,0.85,18.5,133,56.4,97.0,556.5,24.1,62.8,Partly Cloudy,73.0,False,None,
URB-10452,LOC-04,Khandagiri,20.2588,85.7836,2026-07-29 10:12:47,140,0.49,28.9,94,42.8,77.4,529.2,27.0,55.8,Clear,46.6,False,None,
URB-10453,LOC-05,Vani Vihar,20.2974,85.8364,2026-07-29 10:30:47,104,0.45,24.0,82,40.9,79.1,505.5,26.3,56.2,Haze,45.4,False,None,
URB-10454,LOC-06,Bhubaneswar Railway Station,20.2657,85.8436,2026-07-29 10:46:47,224,0.97,17.6,160,71.6,126.6,614.5,23.2,64.2,Haze,83.0,False,None,
URB-10455,LOC-07,Nandankanan Road,20.37,85.825,2026-07-29 11:02:47,177,0.61,18.5,94,44.3,76.7,548.4,26.0,72.7,Rain,56.6,False,None,
URB-10456,LOC-08,Kalarahanga Road,20.38,85.83,2026-07-29 11:13:47,126,0.44,31.1,66,27.3,51.4,506.8,26.7,72.3,Rain,38.6,False,None,
URB-10457,LOC-01,Patia Main Road,20.3533,85.8197,2026-07-29 11:30:47,209,0.91,13.7,159,68.3,131.9,594.6,26.5,52.6,Haze,82.4,False,None,
URB-10458,LOC-02,Jayadev Vihar,20.301,85.8239,2026-07-29 11:49:47,244,0.97,14.6,124,52.9,102.4,627.5,24.6,62.7,Clear,78.2,False,None,
URB-10459,LOC-03,Saheed Nagar,20.2872,85.8415,2026-07-29 12:03:47,168,0.7,15.2,109,45.1,78.4,558.9,29.1,75.4,Rain,64.5,False,None,
URB-10460,LOC-04,Khandagiri,20.2588,85.7836,2026-07-29 12:20:47,141,0.58,18.1,84,36.8,75.4,529.2,26.3,76.3,Rain,53.9,False,None,
URB-10461,LOC-05,Vani Vihar,20.2974,85.8364,2026-07-29 12:32:47,98,0.41,32.2,77,40.3,67.6,497.1,29.0,47.1,Clear,38.8,False,None,
URB-10462,LOC-06,Bhubaneswar Railway Station,20.2657,85.8436,2026-07-29 12:47:47,240,0.98,19.3,136,61.0,113.0,619.1,26.7,53.1,Clear,78.3,False,None,
URB-10463,LOC-07,Nandankanan Road,20.37,85.825,2026-07-29 13:04:47,161,0.62,27.6,104,44.1,75.5,553.5,26.1,60.8,Partly Cloudy,89.2,True,Multi-Vector Urban Risk,Combined extreme congestion (62%) and high particulate pollution.
URB-10464,LOC-08,Kalarahanga Road,20.38,85.83,2026-07-29 13:22:47,144,0.51,27.9,80,41.3,78.7,536.8,29.6,74.5,Heavy Rain,45.5,False,None,
URB-10465,LOC-01,Patia Main Road,20.3533,85.8197,2026-07-29 13:33:47,225,0.87,14.1,167,78.3,140.0,594.5,25.3,77.0,Fog,82.0,False,None,
URB-10466,LOC-02,Jayadev Vihar,20.301,85.8239,2026-07-29 13:51:47,199,0.69,16.7,93,45.2,84.3,568.8,28.2,77.3,Rain,60.5,False,None,
URB-10467,LOC-03,Saheed Nagar,20.2872,85.8415,2026-07-29 14:01:47,170,0.68,17.4,109,51.9,96.5,537.8,28.7,73.6,Heavy Rain,62.6,False,None,
URB-10468,LOC-04,Khandagiri,20.2588,85.7836,2026-07-29 14:21:47,166,0.67,21.6,94,41.8,84.9,542.6,30.0,50.7,Clear,57.5,False,None,
URB-10469,LOC-05,Vani Vihar,20.2974,85.8364,2026-07-29 14:29:47,102,0.42,30.5,73,34.6,67.1,498.2,26.8,56.1,Clear,39.3,False,None,
URB-10470,LOC-06,Bhubaneswar Railway Station,20.2657,85.8436,2026-07-29 14:51:47,198,0.69,33.6,120,58.6,100.7,587.3,26.9,51.0,Clear,56.8,False,None,
URB-10471,LOC-07,Nandankanan Road,20.37,85.825,2026-07-29 14:59:47,195,0.82,15.9,127,58.4,100.6,557.5,29.4,68.3,Fog,72.1,False,None,
URB-10472,LOC-08,Kalarahanga Road,20.38,85.83,2026-07-29 15:14:47,142,0.51,35.5,110,51.9,91.6,542.5,29.1,68.7,Fog,46.9,False,None,
URB-10473,LOC-01,Patia Main Road,20.3533,85.8197,2026-07-29 15:32:47,212,0.91,15.1,129,61.6,113.9,572.5,27.3,52.1,Clear,76.4,False,None,
URB-10474,LOC-02,Jayadev Vihar,20.301,85.8239,2026-07-29 15:48:47,217,0.88,12.3,104,48.1,95.9,581.9,29.3,69.9,Heavy Rain,72.2,False,None,
URB-10475,LOC-03,Saheed Nagar,20.2872,85.8415,2026-07-29 16:05:47,241,0.98,12.3,200,88.6,163.2,618.0,26.1,53.6,Haze,93.1,False,None,
URB-10476,LOC-04,Khandagiri,20.2588,85.7836,2026-07-29 16:22:47,200,0.84,16.6,132,55.5,95.0,575.8,28.1,57.8,Haze,73.4,False,None,
URB-10477,LOC-05,Vani Vihar,20.2974,85.8364,2026-07-29 16:33:47,144,0.61,25.0,89,36.6,69.8,533.6,26.0,51.3,Clear,52.5,False,None,
URB-10478,LOC-06,Bhubaneswar Railway Station,20.2657,85.8436,2026-07-29 16:45:47,336,0.98,16.0,238,108.8,205.3,711.7,25.3,78.6,Fog,91.2,False,None,
URB-10479,LOC-07,Nandankanan Road,20.37,85.825,2026-07-29 16:59:47,251,0.98,9.3,115,54.4,104.5,619.0,29.7,73.1,Rain,79.7,False,None,
URB-10480,LOC-08,Kalarahanga Road,20.38,85.83,2026-07-29 17:13:47,203,0.78,20.5,91,41.9,84.3,560.1,28.5,69.9,Rain,61.9,False,None,
URB-10481,LOC-01,Patia Main Road,20.3533,85.8197,2026-07-29 17:29:47,303,0.98,12.7,202,87.9,154.3,656.4,27.0,58.6,Haze,92.8,False,None,
URB-10482,LOC-02,Jayadev Vihar,20.301,85.8239,2026-07-29 17:46:47,296,0.98,10.5,120,53.3,96.8,641.4,23.9,78.1,Heavy Rain,98.5,True,Multi-Vector Urban Risk,Combined extreme congestion (98%) and high particulate pollution.
URB-10483,LOC-03,Saheed Nagar,20.2872,85.8415,2026-07-29 18:04:47,245,0.98,10.8,132,63.2,110.6,598.3,23.6,78.4,Heavy Rain,81.9,False,None,
URB-10484,LOC-04,Khandagiri,20.2588,85.7836,2026-07-29 18:17:47,233,0.9,12.3,116,49.0,90.1,623.1,23.0,80.8,Rain,75.2,False,None,
URB-10485,LOC-05,Vani Vihar,20.2974,85.8364,2026-07-29 18:37:47,127,0.44,30.4,82,36.5,62.0,496.9,26.0,60.0,Partly Cloudy,41.8,False,None,
URB-10486,LOC-06,Bhubaneswar Railway Station,20.2657,85.8436,2026-07-29 18:45:47,270,0.93,24.9,155,70.7,136.7,627.5,24.4,61.3,Partly Cloudy,76.9,False,None,
URB-10487,LOC-07,Nandankanan Road,20.37,85.825,2026-07-29 18:57:47,255,0.97,15.1,132,64.8,124.7,620.7,23.6,61.1,Clear,79.3,False,None,
URB-10488,LOC-08,Kalarahanga Road,20.38,85.83,2026-07-29 19:21:47,213,0.73,29.5,101,48.5,84.3,592.9,23.4,64.1,Partly Cloudy,57.1,False,None,
URB-10489,LOC-01,Patia Main Road,20.3533,85.8197,2026-07-29 19:27:47,337,0.98,10.4,128,59.5,111.3,711.7,21.4,86.1,Rain,81.4,False,None,
URB-10490,LOC-02,Jayadev Vihar,20.301,85.8239,2026-07-29 19:45:47,335,0.98,10.7,145,64.5,125.6,692.6,21.7,84.3,Heavy Rain,84.2,False,None,
URB-10491,LOC-03,Saheed Nagar,20.2872,85.8415,2026-07-29 19:57:47,225,0.78,16.6,165,72.7,134.6,607.8,21.9,80.8,Fog,76.8,False,None,
URB-10492,LOC-04,Khandagiri,20.2588,85.7836,2026-07-29 20:22:47,108,0.39,29.9,102,47.8,85.3,475.4,19.5,90.0,Fog,43.5,False,None,
URB-10493,LOC-05,Vani Vihar,20.2974,85.8364,2026-07-29 20:34:47,64,0.23,30.6,76,36.2,70.9,450.6,20.7,60.7,Haze,32.2,False,None,
URB-10494,LOC-06,Bhubaneswar Railway Station,20.2657,85.8436,2026-07-29 20:43:47,183,0.69,28.1,168,77.8,148.0,562.0,20.5,69.1,Haze,68.0,False,None,
URB-10495,LOC-07,Nandankanan Road,20.37,85.825,2026-07-29 21:05:47,137,0.57,25.5,97,48.8,90.3,500.4,18.5,63.7,Partly Cloudy,52.0,False,None,
URB-10496,LOC-08,Kalarahanga Road,20.38,85.83,2026-07-29 21:12:47,100,0.37,47.5,65,32.7,67.7,478.4,22.0,64.6,Clear,28.7,False,None,
URB-10497,LOC-01,Patia Main Road,20.3533,85.8197,2026-07-29 21:27:47,157,0.55,18.9,93,46.8,82.7,534.1,20.8,83.0,Heavy Rain,53.8,False,None,
URB-10498,LOC-02,Jayadev Vihar,20.301,85.8239,2026-07-29 21:45:47,166,0.65,23.1,99,44.9,79.1,560.1,18.3,68.4,Clear,56.8,False,None,
URB-10499,LOC-03,Saheed Nagar,20.2872,85.8415,2026-07-29 21:59:47,125,0.49,20.0,81,38.1,67.8,501.8,19.3,84.4,Heavy Rain,48.8,False,None,
URB-10500,LOC-04,Khandagiri,20.2588,85.7836,2026-07-29 22:19:47,45,0.19,26.5,53,28.9,55.7,427.3,17.3,92.0,Heavy Rain,28.6,False,None,
URB-10501,LOC-05,Vani Vihar,20.2974,85.8364,2026-07-29 22:30:47,29,0.12,44.2,40,18.3,41.0,409.8,18.9,66.3,Clear,14.7,False,None,
URB-10502,LOC-06,Bhubaneswar Railway Station,20.2657,85.8436,2026-07-29 22:48:47,61,0.28,48.4,88,45.5,87.9,466.5,21.0,82.7,Fog,29.1,False,None,
URB-10503,LOC-07,Nandankanan Road,20.37,85.825,2026-07-29 23:03:47,55,0.24,33.1,82,39.8,72.7,428.4,17.7,84.3,Fog,32.4,False,None,
URB-10504,LOC-08,Kalarahanga Road,20.38,85.83,2026-07-29 23:17:47,35,0.16,37.5,45,22.1,49.4,433.3,16.1,90.4,Rain,20.5,False,None,
URB-10505,LOC-01,Patia Main Road,20.3533,85.8197,2026-07-29 23:29:47,62,0.27,30.2,79,40.5,72.9,449.4,18.4,71.0,Haze,69.5,True,Multi-Vector Urban Risk,Combined extreme congestion (27%) and high particulate pollution.
URB-10506,LOC-02,Jayadev Vihar,20.301,85.8239,2026-07-29 23:46:47,86,0.35,30.6,110,46.0,92.0,483.9,15.7,75.3,Haze,43.0,False,None,
URB-10507,LOC-03,Saheed Nagar,20.2872,85.8415,2026-07-29 23:57:47,51,0.2,35.1,84,41.5,71.8,435.6,18.5,69.3,Clear,30.1,False,None,
URB-10508,LOC-04,Khandagiri,20.2588,85.7836,2026-07-30 00:20:47,49,0.21,40.3,63,27.6,58.1,453.9,17.8,70.8,Clear,24.3,False,None,
URB-10509,LOC-05,Vani Vihar,20.2974,85.8364,2026-07-30 00:33:47,25,0.1,29.8,38,21.4,47.0,417.6,18.5,87.0,Rain,20.8,False,None,
URB-10510,LOC-06,Bhubaneswar Railway Station,20.2657,85.8436,2026-07-30 00:47:47,78,0.34,45.8,94,47.3,84.5,447.8,18.8,66.4,Haze,32.5,False,None,
URB-10511,LOC-07,Nandankanan Road,20.37,85.825,2026-07-30 00:58:47,53,0.22,38.0,59,32.2,61.1,457.7,16.9,70.9,Partly Cloudy,25.1,False,None,
URB-10512,LOC-08,Kalarahanga Road,20.38,85.83,2026-07-30 01:17:47,38,0.16,39.8,48,24.0,44.4,411.7,18.1,85.2,Heavy Rain,19.9,False,None,
URB-10513,LOC-01,Patia Main Road,20.3533,85.8197,2026-07-30 01:37:47,64,0.27,26.4,66,28.8,58.7,454.5,16.0,91.7,Rain,34.2,False,None,
URB-10514,LOC-02,Jayadev Vihar,20.301,85.8239,2026-07-30 01:47:47,82,0.28,25.3,73,31.7,66.7,467.0,14.5,97.5,Rain,36.3,False,None,
URB-10515,LOC-03,Saheed Nagar,20.2872,85.8415,2026-07-30 02:07:47,47,0.17,43.6,76,37.3,72.1,440.3,15.7,70.1,Partly Cloudy,23.3,False,None,
URB-10516,LOC-04,Khandagiri,20.2588,85.7836,2026-07-30 02:14:47,45,0.21,27.8,51,28.4,60.0,420.4,13.6,98.0,Rain,28.4,False,None,
URB-10517,LOC-05,Vani Vihar,20.2974,85.8364,2026-07-30 02:35:47,28,0.12,34.9,58,23.6,46.0,411.8,18.2,92.5,Fog,22.5,False,None,
URB-10518,LOC-06,Bhubaneswar Railway Station,20.2657,85.8436,2026-07-30 02:49:47,72,0.31,39.6,67,34.6,64.0,445.4,16.3,88.6,Rain,29.3,False,None,
URB-10519,LOC-07,Nandankanan Road,20.37,85.825,2026-07-30 02:57:47,60,0.25,29.8,82,37.4,72.4,466.4,14.9,87.9,Fog,34.5,False,None,
URB-10520,LOC-08,Kalarahanga Road,20.38,85.83,2026-07-30 03:20:47,35,0.13,43.4,41,23.0,41.9,444.2,18.2,86.3,Heavy Rain,15.7,False,None,
URB-10521,LOC-01,Patia Main Road,20.3533,85.8197,2026-07-30 03:31:47,61,0.28,28.0,66,33.7,60.0,433.4,17.3,88.5,Rain,33.8,False,None,
URB-10522,LOC-02,Jayadev Vihar,20.301,85.8239,2026-07-30 03:48:47,85,0.3,30.7,111,55.8,96.4,454.9,14.7,72.7,Haze,41.1,False,None,
URB-10523,LOC-03,Saheed Nagar,20.2872,85.8415,2026-07-30 04:03:47,44,0.18,37.5,88,37.6,75.2,421.6,16.6,70.8,Clear,28.9,False,None,
URB-10524,LOC-04,Khandagiri,20.2588,85.7836,2026-07-30 04:19:47,51,0.19,39.7,63,25.9,46.1,440.7,18.0,65.2,Clear,23.8,False,None,
URB-10525,LOC-05,Vani Vihar,20.2974,85.8364,2026-07-30 04:37:47,26,0.11,28.6,33,18.5,35.7,405.6,18.8,88.2,Heavy Rain,20.9,False,None,
URB-10526,LOC-06,Bhubaneswar Railway Station,20.2657,85.8436,2026-07-30 04:51:47,64,0.33,15.7,106,47.4,91.3,442.9,17.7,73.2,Haze,31.1,True,Severe Gridlock,Critical speed drop to 15.7 km/h indicating major arterial blockade.
URB-10527,LOC-07,Nandankanan Road,20.37,85.825,2026-07-30 04:59:47,48,0.18,36.0,73,38.0,68.7,423.6,15.1,90.1,Fog,27.0,False,None,
URB-10528,LOC-08,Kalarahanga Road,20.38,85.83,2026-07-30 05:20:47,45,0.18,50.9,69,35.8,71.8,422.8,15.7,74.0,Haze,21.8,False,None,
URB-10529,LOC-01,Patia Main Road,20.3533,85.8197,2026-07-30 05:31:47,68,0.29,23.7,62,27.6,52.0,459.4,19.4,81.0,Rain,35.6,False,None,
URB-10530,LOC-02,Jayadev Vihar,20.301,85.8239,2026-07-30 05:44:47,68,0.27,38.9,86,43.2,83.4,468.0,18.1,69.7,Clear,31.4,False,None,
URB-10531,LOC-03,Saheed Nagar,20.2872,85.8415,2026-07-30 05:58:47,53,0.19,29.9,69,35.2,71.7,459.6,17.7,86.6,Heavy Rain,29.7,False,None,
URB-10532,LOC-04,Khandagiri,20.2588,85.7836,2026-07-30 06:17:47,121,0.42,33.8,77,31.9,54.4,492.8,20.8,60.2,Partly Cloudy,38.4,False,None,
URB-10533,LOC-05,Vani Vihar,20.2974,85.8364,2026-07-30 06:28:47,61,0.24,36.9,58,26.8,56.9,437.8,16.7,71.5,Clear,26.3,False,None,
URB-10534,LOC-06,Bhubaneswar Railway Station,20.2657,85.8436,2026-07-30 06:46:47,137,0.48,33.9,136,57.5,100.7,522.4,19.4,62.9,Haze,51.0,False,None,
URB-10535,LOC-07,Nandankanan Road,20.37,85.825,2026-07-30 07:01:47,256,0.92,13.6,149,68.8,119.0,634.5,19.2,86.9,Fog,81.1,False,None,
URB-10536,LOC-08,Kalarahanga Road,20.38,85.83,2026-07-30 07:15:47,165,0.71,21.2,89,40.8,78.9,552.5,22.6,85.3,Rain,58.4,False,None,
URB-10537,LOC-01,Patia Main Road,20.3533,85.8197,2026-07-30 07:37:47,271,0.98,13.8,159,68.8,120.5,627.5,19.1,62.5,Clear,85.1,False,None,
URB-10538,LOC-02,Jayadev Vihar,20.301,85.8239,2026-07-30 07:47:47,329,0.98,11.0,220,101.9,191.0,690.8,19.9,64.7,Haze,93.7,False,None,
URB-10539,LOC-03,Saheed Nagar,20.2872,85.8415,2026-07-30 08:03:47,295,0.98,10.9,138,58.2,109.9,676.3,23.5,84.1,Rain,82.9,False,None,
URB-10540,LOC-04,Khandagiri,20.2588,85.7836,2026-07-30 08:18:47,221,0.93,10.4,105,52.2,91.5,589.7,23.0,85.3,Heavy Rain,75.4,False,None,
URB-10541,LOC-05,Vani Vihar,20.2974,85.8364,2026-07-30 08:30:47,129,0.57,19.1,72,36.1,68.9,500.4,21.6,82.6,Rain,50.8,False,None,
URB-10542,LOC-06,Bhubaneswar Railway Station,20.2657,85.8436,2026-07-30 08:52:47,305,0.98,16.0,137,58.9,108.4,689.0,22.1,78.3,Heavy Rain,80.2,False,None,
URB-10543,LOC-07,Nandankanan Road,20.37,85.825,2026-07-30 08:59:47,233,0.81,17.8,129,55.6,104.4,611.8,24.4,57.2,Clear,71.1,False,None,
URB-10544,LOC-08,Kalarahanga Road,20.38,85.83,2026-07-30 09:13:47,202,0.87,22.9,128,57.0,110.5,564.9,24.4,58.3,Haze,70.8,False,None,
URB-10545,LOC-01,Patia Main Road,20.3533,85.8197,2026-07-30 09:27:47,343,0.98,10.1,132,62.0,118.3,717.8,23.3,75.4,Heavy Rain,82.2,False,None,
URB-10546,LOC-02,Jayadev Vihar,20.301,85.8239,2026-07-30 09:44:47,346,0.98,9.9,149,68.4,125.2,717.0,23.9,79.1,Heavy Rain,85.3,False,None,
URB-10547,LOC-03,Saheed Nagar,20.2872,85.8415,2026-07-30 09:59:47,215,0.8,17.1,165,70.9,131.5,583.6,24.4,81.1,Fog,77.3,False,None,
URB-10548,LOC-04,Khandagiri,20.2588,85.7836,2026-07-30 10:17:47,162,0.66,18.4,93,42.0,71.4,545.8,24.4,77.7,Rain,58.5,False,None,
URB-10549,LOC-05,Vani Vihar,20.2974,85.8364,2026-07-30 10:30:47,89,0.31,31.1,85,34.6,67.1,489.9,23.1,57.0,Haze,36.7,False,None,
URB-10550,LOC-06,Bhubaneswar Railway Station,20.2657,85.8436,2026-07-30 10:50:47,197,0.83,20.0,109,53.1,92.1,591.7,24.4,77.3,Heavy Rain,67.3,False,None,
URB-10551,LOC-07,Nandankanan Road,20.37,85.825,2026-07-30 11:02:47,180,0.78,14.2,90,45.0,87.8,561.6,25.6,76.0,Heavy Rain,64.8,False,None,
URB-10552,LOC-08,Kalarahanga Road,20.38,85.83,2026-07-30 11:20:47,115,0.4,51.4,71,36.4,61.9,494.6,24.9,60.1,Partly Cloudy,30.9,False,None,
URB-10553,LOC-01,Patia Main Road,20.3533,85.8197,2026-07-30 11:28:47,223,0.89,13.6,170,76.8,141.3,607.5,27.0,72.5,Fog,83.5,False,None,
URB-10554,LOC-02,Jayadev Vihar,20.301,85.8239,2026-07-30 11:48:47,246,0.97,10.9,127,58.9,104.2,603.6,23.8,81.3,Rain,80.6,False,None,
URB-10555,LOC-03,Saheed Nagar,20.2872,85.8415,2026-07-30 12:04:47,194,0.78,15.0,116,53.4,96.6,580.4,26.9,75.3,Rain,69.0,False,None,
URB-10556,LOC-04,Khandagiri,20.2588,85.7836,2026-07-30 12:14:47,155,0.58,22.4,110,49.6,96.6,527.2,28.8,47.4,Haze,56.2,False,None,
URB-10557,LOC-05,Vani Vihar,20.2974,85.8364,2026-07-30 12:31:47,99,0.38,25.9,86,40.3,74.1,471.8,25.9,59.4,Haze,42.3,False,None,
URB-10558,LOC-06,Bhubaneswar Railway Station,20.2657,85.8436,2026-07-30 12:42:47,330,0.97,32.8,134,65.9,120.9,577.2,28.0,49.8,Partly Cloudy,58.9,True,Traffic Bottleneck,Sudden vehicular surge of 330 vehicles/min exceeding corridor capacity.
URB-10559,LOC-07,Nandankanan Road,20.37,85.825,2026-07-30 13:02:47,167,0.58,24.8,124,60.2,116.0,561.2,28.7,75.8,Fog,57.5,False,None,
URB-10560,LOC-08,Kalarahanga Road,20.38,85.83,2026-07-30 13:21:47,124,0.44,39.5,103,43.3,81.9,509.8,29.2,51.5,Haze,40.9,False,None,
URB-10561,LOC-01,Patia Main Road,20.3533,85.8197,2026-07-30 13:32:47,225,0.96,11.3,98,42.2,75.1,607.3,30.0,67.2,Rain,74.9,False,None,
URB-10562,LOC-02,Jayadev Vihar,20.301,85.8239,2026-07-30 13:51:47,235,0.9,18.1,149,71.8,138.3,599.2,27.4,55.7,Clear,78.0,False,None,
URB-10563,LOC-03,Saheed Nagar,20.2872,85.8415,2026-07-30 14:02:47,141,0.64,18.3,102,49.8,88.2,535.6,28.8,76.2,Rain,59.3,False,None,
URB-10564,LOC-04,Khandagiri,20.2588,85.7836,2026-07-30 14:16:47,169,0.65,22.1,120,59.1,107.3,532.0,29.8,53.9,Haze,61.0,False,None,
URB-10565,LOC-05,Vani Vihar,20.2974,85.8364,2026-07-30 14:31:47,82,0.36,23.0,56,30.0,60.5,457.2,30.0,74.2,Rain,37.7,False,None,
URB-10566,LOC-06,Bhubaneswar Railway Station,20.2657,85.8436,2026-07-30 14:42:47,241,0.98,16.0,125,61.0,117.1,610.7,27.6,77.0,Rain,78.1,False,None,
URB-10567,LOC-07,Nandankanan Road,20.37,85.825,2026-07-30 15:01:47,153,0.6,23.2,128,60.0,105.8,534.6,26.9,76.6,Fog,59.8,False,None,
URB-10568,LOC-08,Kalarahanga Road,20.38,85.83,2026-07-30 15:22:47,102,0.37,46.3,78,38.8,74.6,489.8,25.8,53.8,Partly Cloudy,31.0,False,None,
URB-10569,LOC-01,Patia Main Road,20.3533,85.8197,2026-07-30 15:36:47,196,0.89,14.3,150,66.8,119.5,586.3,26.0,52.7,Haze,79.7,False,None,
URB-10570,LOC-02,Jayadev Vihar,20.301,85.8239,2026-07-30 15:47:47,228,0.88,18.4,134,62.4,110.8,603.0,25.4,52.1,Partly Cloudy,74.5,False,None,
URB-10571,LOC-03,Saheed Nagar,20.2872,85.8415,2026-07-30 16:04:47,233,0.98,12.9,162,70.6,130.6,609.4,27.7,49.9,Partly Cloudy,98.5,True,Multi-Vector Urban Risk,Combined extreme congestion (98%) and high particulate pollution.
URB-10572,LOC-04,Khandagiri,20.2588,85.7836,2026-07-30 16:19:47,219,0.8,15.8,156,70.0,127.5,609.9,28.8,49.5,Haze,76.4,False,None,
URB-10573,LOC-05,Vani Vihar,20.2974,85.8364,2026-07-30 16:30:47,154,0.56,18.4,71,32.5,57.2,545.3,24.8,82.6,Rain,50.6,False,None,
URB-10574,LOC-06,Bhubaneswar Railway Station,20.2657,85.8436,2026-07-30 16:52:47,275,0.98,15.8,126,56.9,106.4,661.5,26.7,72.1,Heavy Rain,78.3,False,None,
URB-10575,LOC-07,Nandankanan Road,20.37,85.825,2026-07-30 17:05:47,229,0.98,14.0,131,62.0,118.7,595.3,26.8,56.5,Clear,98.5,True,Multi-Vector Urban Risk,Combined extreme congestion (98%) and high particulate pollution.
URB-10576,LOC-08,Kalarahanga Road,20.38,85.83,2026-07-30 17:16:47,196,0.7,25.7,90,39.9,73.8,553.0,24.6,74.8,Heavy Rain,55.9,False,None,
URB-10577,LOC-01,Patia Main Road,20.3533,85.8197,2026-07-30 17:35:47,267,0.95,9.9,127,62.4,111.6,620.4,28.1,76.2,Heavy Rain,80.3,False,None,
URB-10578,LOC-02,Jayadev Vihar,20.301,85.8239,2026-07-30 17:51:47,357,0.98,9.5,152,73.6,137.0,725.8,26.2,80.2,Rain,86.1,False,None,
URB-10579,LOC-03,Saheed Nagar,20.2872,85.8415,2026-07-30 18:00:47,215,0.78,20.3,152,69.3,126.4,575.0,24.8,54.0,Partly Cloudy,72.7,False,None,
URB-10580,LOC-04,Khandagiri,20.2588,85.7836,2026-07-30 18:20:47,216,0.76,15.8,93,46.2,89.4,575.3,24.2,75.7,Heavy Rain,63.8,False,None,
URB-10581,LOC-05,Vani Vihar,20.2974,85.8364,2026-07-30 18:36:47,147,0.6,24.3,98,47.8,91.2,528.3,25.4,56.1,Haze,54.0,False,None,
URB-10582,LOC-06,Bhubaneswar Railway Station,20.2657,85.8436,2026-07-30 18:42:47,341,0.98,14.4,136,58.0,111.9,705.5,27.3,77.4,Rain,80.8,False,None,
URB-10583,LOC-07,Nandankanan Road,20.37,85.825,2026-07-30 19:04:47,312,0.98,10.8,182,85.2,159.4,694.6,24.3,63.1,Haze,90.7,False,None,
URB-10584,LOC-08,Kalarahanga Road,20.38,85.83,2026-07-30 19:21:47,167,0.58,39.7,107,48.0,87.4,538.2,21.3,58.8,Partly Cloudy,47.1,False,None,
URB-10585,LOC-01,Patia Main Road,20.3533,85.8197,2026-07-30 19:33:47,254,0.93,15.4,125,55.2,106.4,619.7,24.3,63.1,Clear,76.4,False,None,
URB-10586,LOC-02,Jayadev Vihar,20.301,85.8239,2026-07-30 19:46:47,367,0.98,11.0,219,97.2,179.0,720.0,22.1,61.3,Haze,93.7,False,None,
URB-10587,LOC-03,Saheed Nagar,20.2872,85.8415,2026-07-30 20:03:47,135,0.53,20.1,88,42.5,73.8,498.1,21.2,82.8,Rain,51.5,False,None,
URB-10588,LOC-04,Khandagiri,20.2588,85.7836,2026-07-30 20:22:47,114,0.43,26.4,93,46.9,92.0,513.9,21.9,58.6,Haze,45.3,False,None,
URB-10589,LOC-05,Vani Vihar,20.2974,85.8364,2026-07-30 20:31:47,62,0.22,29.4,74,35.0,61.8,435.1,21.6,78.5,Fog,32.0,False,None,
URB-10590,LOC-06,Bhubaneswar Railway Station,20.2657,85.8436,2026-07-30 20:43:47,138,0.59,32.2,129,61.1,109.7,530.6,23.7,74.9,Fog,55.1,False,None,
URB-10591,LOC-07,Nandankanan Road,20.37,85.825,2026-07-30 21:07:47,145,0.54,22.0,85,40.3,80.6,540.4,18.9,83.5,Heavy Rain,50.5,False,None,
URB-10592,LOC-08,Kalarahanga Road,20.38,85.83,2026-07-30 21:20:47,79,0.28,48.8,74,35.3,65.8,465.2,21.4,66.6,Clear,26.6,False,None,
URB-10593,LOC-01,Patia Main Road,20.3533,85.8197,2026-07-30 21:36:47,167,0.76,15.7,84,42.0,81.0,557.5,18.4,83.8,Rain,62.2,False,None,
URB-10594,LOC-02,Jayadev Vihar,20.301,85.8239,2026-07-30 21:42:47,181,0.65,23.3,105,50.9,88.8,571.6,22.2,62.1,Partly Cloudy,57.7,False,None,
URB-10595,LOC-03,Saheed Nagar,20.2872,85.8415,2026-07-30 21:58:47,148,0.63,24.9,109,48.0,93.8,527.6,18.0,67.5,Partly Cloudy,56.8,False,None,
URB-10596,LOC-04,Khandagiri,20.2588,85.7836,2026-07-30 22:17:47,40,0.18,38.8,58,32.1,53.3,427.6,19.0,67.3,Clear,22.9,False,None,
URB-10597,LOC-05,Vani Vihar,20.2974,85.8364,2026-07-30 22:35:47,32,0.14,37.3,53,25.6,49.4,438.5,17.7,84.1,Fog,21.2,False,None,
URB-10598,LOC-06,Bhubaneswar Railway Station,20.2657,85.8436,2026-07-30 22:52:47,77,0.27,38.9,66,33.0,61.4,470.1,18.7,86.3,Heavy Rain,27.9,False,None,
URB-10599,LOC-07,Nandankanan Road,20.37,85.825,2026-07-30 23:05:47,59,0.25,40.3,70,34.7,63.3,462.2,18.8,66.5,Partly Cloudy,27.1,False,None,
URB-10600,LOC-08,Kalarahanga Road,20.38,85.83,2026-07-30 23:22:47,42,0.18,51.2,72,35.1,60.1,446.6,18.4,65.2,Haze,22.3,False,None,
URB-10601,LOC-01,Patia Main Road,20.3533,85.8197,2026-07-30 23:36:47,55,0.21,30.4,51,27.8,50.4,436.6,16.3,86.0,Heavy Rain,27.1,False,None,
URB-10602,LOC-02,Jayadev Vihar,20.301,85.8239,2026-07-30 23:50:47,83,0.32,32.2,91,44.8,87.2,458.8,18.1,67.7,Clear,37.6,False,None,
URB-10603,LOC-03,Saheed Nagar,20.2872,85.8415,2026-07-31 00:05:47,61,0.27,28.2,81,40.4,82.2,454.1,14.8,88.3,Rain,35.9,False,None,
URB-10604,LOC-04,Khandagiri,20.2588,85.7836,2026-07-31 00:13:47,48,0.21,30.0,66,27.8,50.5,440.7,16.8,86.5,Fog,30.0,False,None,
URB-10605,LOC-05,Vani Vihar,20.2974,85.8364,2026-07-31 00:34:47,30,0.13,32.4,54,30.0,60.5,416.5,18.4,83.6,Fog,58.5,True,Multi-Vector Urban Risk,Combined extreme congestion (13%) and high particulate pollution.
URB-10606,LOC-06,Bhubaneswar Railway Station,20.2657,85.8436,2026-07-31 00:47:47,68,0.24,37.9,63,31.9,58.7,466.4,16.1,92.5,Rain,26.7,False,None,
URB-10607,LOC-07,Nandankanan Road,20.37,85.825,2026-07-31 01:03:47,65,0.29,28.2,55,28.5,57.1,454.1,17.1,93.8,Heavy Rain,32.1,False,None,
URB-10608,LOC-08,Kalarahanga Road,20.38,85.83,2026-07-31 01:13:47,37,0.14,61.8,57,23.2,45.4,425.7,15.7,66.8,Clear,18.1,False,None,
URB-10609,LOC-01,Patia Main Road,20.3533,85.8197,2026-07-31 01:37:47,74,0.29,32.8,90,39.9,79.2,469.6,18.1,90.1,Fog,36.0,False,None,
URB-10610,LOC-02,Jayadev Vihar,20.301,85.8239,2026-07-31 01:51:47,80,0.31,33.2,85,43.1,84.3,468.8,17.6,70.1,Partly Cloudy,35.7,False,None,
URB-10611,LOC-03,Saheed Nagar,20.2872,85.8415,2026-07-31 02:00:47,46,0.19,27.5,70,29.6,56.0,445.2,17.9,88.4,Rain,31.1,False,None,
URB-10612,LOC-04,Khandagiri,20.2588,85.7836,2026-07-31 02:17:47,41,0.14,36.5,73,38.7,66.3,435.6,14.7,75.7,Haze,25.1,False,None,
URB-10613,LOC-05,Vani Vihar,20.2974,85.8364,2026-07-31 02:32:47,31,0.12,27.0,42,19.4,44.7,428.9,14.1,91.8,Rain,23.6,False,None,
URB-10614,LOC-06,Bhubaneswar Railway Station,20.2657,85.8436,2026-07-31 02:51:47,73,0.33,43.9,108,52.8,98.6,474.5,14.7,90.9,Fog,35.2,False,None,
URB-10615,LOC-07,Nandankanan Road,20.37,85.825,2026-07-31 03:03:47,62,0.22,32.5,73,33.1,60.8,438.5,17.6,88.1,Fog,30.3,False,None,
URB-10616,LOC-08,Kalarahanga Road,20.38,85.83,2026-07-31 03:18:47,39,0.15,56.7,51,21.6,41.4,431.2,16.6,70.3,Partly Cloudy,17.4,False,None,
URB-10617,LOC-01,Patia Main Road,20.3533,85.8197,2026-07-31 03:34:47,74,0.3,33.1,99,41.8,80.8,474.6,14.4,69.7,Haze,37.8,False,None,
URB-10618,LOC-02,Jayadev Vihar,20.301,85.8239,2026-07-31 03:43:47,67,0.27,32.6,99,44.6,77.1,473.1,15.6,76.1,Haze,36.8,False,None,
URB-10619,LOC-03,Saheed Nagar,20.2872,85.8415,2026-07-31 03:57:47,47,0.18,36.7,93,43.7,74.4,429.4,16.1,93.8,Fog,30.1,False,None,
URB-10620,LOC-04,Khandagiri,20.2588,85.7836,2026-07-31 04:16:47,41,0.18,35.4,55,23.8,44.6,433.8,14.6,68.5,Partly Cloudy,24.1,False,None,
URB-10621,LOC-05,Vani Vihar,20.2974,85.8364,2026-07-31 04:33:47,33,0.15,26.9,41,15.9,34.5,410.2,17.5,91.4,Heavy Rain,24.7,False,None,
URB-10622,LOC-06,Bhubaneswar Railway Station,20.2657,85.8436,2026-07-31 04:51:47,71,0.27,48.4,101,44.2,75.9,452.5,14.5,75.0,Haze,31.0,False,None,
URB-10623,LOC-07,Nandankanan Road,20.37,85.825,2026-07-31 04:57:47,59,0.26,30.1,89,41.5,81.1,453.9,17.5,84.6,Fog,35.9,False,None,
URB-10624,LOC-08,Kalarahanga Road,20.38,85.83,2026-07-31 05:20:47,42,0.17,51.8,51,21.0,45.2,439.1,17.9,72.8,Partly Cloudy,18.2,False,None,
URB-10625,LOC-01,Patia Main Road,20.3533,85.8197,2026-07-31 05:36:47,55,0.22,26.4,56,23.0,36.8,448.1,17.7,92.8,Heavy Rain,30.4,False,None,
URB-10626,LOC-02,Jayadev Vihar,20.301,85.8239,2026-07-31 05:48:47,64,0.29,26.0,58,31.6,62.1,444.0,16.2,93.4,Rain,33.8,False,None,
URB-10627,LOC-03,Saheed Nagar,20.2872,85.8415,2026-07-31 06:02:47,109,0.38,32.3,99,48.8,84.7,485.9,18.6,65.3,Partly Cloudy,41.4,False,None,
URB-10628,LOC-04,Khandagiri,20.2588,85.7836,2026-07-31 06:21:47,103,0.41,27.3,98,40.8,68.9,505.7,17.8,86.5,Fog,44.9,False,None,
URB-10629,LOC-05,Vani Vihar,20.2974,85.8364,2026-07-31 06:27:47,75,0.31,23.3,54,24.8,52.3,473.0,19.8,81.6,Rain,35.2,False,None,
URB-10630,LOC-06,Bhubaneswar Railway Station,20.2657,85.8436,2026-07-31 06:44:47,167,0.6,25.8,87,43.3,87.4,563.4,21.3,83.6,Rain,51.3,False,None,
URB-10631,LOC-07,Nandankanan Road,20.37,85.825,2026-07-31 07:07:47,224,0.98,14.1,116,54.5,101.9,600.5,22.1,60.7,Partly Cloudy,77.5,False,None,
URB-10632,LOC-08,Kalarahanga Road,20.38,85.83,2026-07-31 07:12:47,201,0.82,26.6,110,48.3,88.4,571.7,18.6,63.5,Partly Cloudy,63.8,False,None,
URB-10633,LOC-01,Patia Main Road,20.3533,85.8197,2026-07-31 07:32:47,350,0.98,13.2,204,89.9,171.2,718.3,19.3,67.7,Haze,92.6,False,None,
URB-10634,LOC-02,Jayadev Vihar,20.301,85.8239,2026-07-31 07:44:47,406,0.98,10.8,252,114.3,206.6,740.8,18.8,67.4,Haze,93.8,False,None,
URB-10635,LOC-03,Saheed Nagar,20.2872,85.8415,2026-07-31 08:07:47,217,0.75,19.4,189,89.3,161.1,597.2,22.9,59.2,Haze,78.4,False,None,
URB-10636,LOC-04,Khandagiri,20.2588,85.7836,2026-07-31 08:12:47,217,0.98,14.0,127,56.7,98.4,579.2,19.6,63.4,Clear,79.4,False,None,
URB-10637,LOC-05,Vani Vihar,20.2974,85.8364,2026-07-31 08:31:47,130,0.59,24.6,103,42.4,86.1,493.5,22.0,64.0,Haze,54.3,False,None,
URB-10638,LOC-06,Bhubaneswar Railway Station,20.2657,85.8436,2026-07-31 08:43:47,328,0.98,14.8,147,62.8,110.0,696.6,22.3,83.4,Rain,82.5,False,None,
URB-10639,LOC-07,Nandankanan Road,20.37,85.825,2026-07-31 09:01:47,303,0.98,12.6,205,95.0,175.2,658.7,25.3,72.3,Fog,92.9,False,None,
URB-10640,LOC-08,Kalarahanga Road,20.38,85.83,2026-07-31 09:19:47,213,0.89,26.7,125,55.0,104.2,568.8,25.7,55.8,Clear,69.1,False,None,
URB-10641,LOC-01,Patia Main Road,20.3533,85.8197,2026-07-31 09:32:47,331,0.98,11.3,180,78.9,138.2,684.0,23.2,79.7,Fog,90.1,False,None,
URB-10642,LOC-02,Jayadev Vihar,20.301,85.8239,2026-07-31 09:42:47,321,0.98,13.1,184,85.1,148.6,700.6,22.0,60.3,Haze,89.9,False,None,
URB-10643,LOC-03,Saheed Nagar,20.2872,85.8415,2026-07-31 09:57:47,279,0.98,12.8,217,101.9,186.2,636.0,23.4,84.5,Fog,92.8,False,None,
URB-10644,LOC-04,Khandagiri,20.2588,85.7836,2026-07-31 10:13:47,152,0.66,21.1,104,45.9,90.3,535.0,22.9,76.3,Fog,59.0,False,None,
URB-10645,LOC-05,Vani Vihar,20.2974,85.8364,2026-07-31 10:29:47,109,0.43,30.2,75,32.7,59.6,498.1,22.8,62.6,Clear,40.2,False,None,
URB-10646,LOC-06,Bhubaneswar Railway Station,20.2657,85.8436,2026-07-31 10:48:47,240,0.98,20.9,144,61.8,116.0,609.1,24.8,57.1,Partly Cloudy,79.0,False,None,
URB-10647,LOC-07,Nandankanan Road,20.37,85.825,2026-07-31 10:57:47,181,0.74,14.4,96,48.2,83.6,538.4,26.1,76.8,Heavy Rain,64.2,False,None,
URB-10648,LOC-08,Kalarahanga Road,20.38,85.83,2026-07-31 11:17:47,123,0.51,28.2,70,32.6,63.5,491.2,24.0,75.3,Heavy Rain,43.5,False,None,
URB-10649,LOC-01,Patia Main Road,20.3533,85.8197,2026-07-31 11:36:47,222,0.79,16.4,160,74.8,130.5,588.5,25.6,71.7,Fog,76.4,False,None,
URB-10650,LOC-02,Jayadev Vihar,20.301,85.8239,2026-07-31 11:50:47,230,0.84,17.4,139,65.5,127.6,618.3,27.7,51.9,Clear,74.2,False,None,
URB-10651,LOC-03,Saheed Nagar,20.2872,85.8415,2026-07-31 12:02:47,172,0.65,20.0,171,77.9,149.0,542.9,25.2,81.0,Fog,70.9,False,None,
URB-10652,LOC-04,Khandagiri,20.2588,85.7836,2026-07-31 12:15:47,152,0.56,20.6,75,31.6,66.7,549.9,26.4,77.8,Heavy Rain,50.2,False,None,
URB-10653,LOC-05,Vani Vihar,20.2974,85.8364,2026-07-31 12:28:47,80,0.28,25.0,48,17.9,30.2,454.8,27.6,76.3,Rain,32.1,False,None,
URB-10654,LOC-06,Bhubaneswar Railway Station,20.2657,85.8436,2026-07-31 12:46:47,190,0.84,21.6,138,66.4,116.6,553.8,25.6,54.2,Haze,72.0,False,None,
URB-10655,LOC-07,Nandankanan Road,20.37,85.825,2026-07-31 12:58:47,207,0.78,13.9,109,55.0,107.2,593.7,28.0,77.4,Rain,68.3,False,None,
URB-10656,LOC-08,Kalarahanga Road,20.38,85.83,2026-07-31 13:13:47,108,0.49,45.2,78,40.9,72.3,479.9,27.2,52.9,Clear,35.8,False,None,
URB-10657,LOC-01,Patia Main Road,20.3533,85.8197,2026-07-31 13:36:47,181,0.73,19.8,152,72.9,140.7,551.0,25.6,79.6,Fog,70.9,False,None,
URB-10658,LOC-02,Jayadev Vihar,20.301,85.8239,2026-07-31 13:45:47,202,0.8,17.4,158,72.2,132.4,559.4,27.8,55.8,Haze,76.0,False,None,
URB-10659,LOC-03,Saheed Nagar,20.2872,85.8415,2026-07-31 14:02:47,161,0.68,20.9,166,76.5,133.2,539.7,26.8,53.8,Haze,70.8,False,None,
URB-10660,LOC-04,Khandagiri,20.2588,85.7836,2026-07-31 14:15:47,164,0.64,17.2,81,38.0,65.4,558.1,28.4,76.8,Heavy Rain,56.2,False,None,
URB-10661,LOC-05,Vani Vihar,20.2974,85.8364,2026-07-31 14:34:47,90,0.37,28.1,82,40.9,73.4,480.8,27.6,73.3,Fog,40.1,False,None,
URB-10662,LOC-06,Bhubaneswar Railway Station,20.2657,85.8436,2026-07-31 14:44:47,194,0.81,19.7,108,52.5,103.4,552.9,29.7,70.6,Heavy Rain,66.5,False,None,
URB-10663,LOC-07,Nandankanan Road,20.37,85.825,2026-07-31 14:58:47,151,0.55,18.7,84,36.5,71.3,524.1,27.0,77.7,Rain,52.4,False,None,
URB-10664,LOC-08,Kalarahanga Road,20.38,85.83,2026-07-31 15:20:47,103,0.39,36.2,65,31.8,59.3,499.0,27.3,73.1,Rain,33.9,False,None,
URB-10665,LOC-01,Patia Main Road,20.3533,85.8197,2026-07-31 15:29:47,184,0.79,13.6,95,46.9,84.5,549.9,28.2,73.2,Heavy Rain,66.4,False,None,
URB-10666,LOC-02,Jayadev Vihar,20.301,85.8239,2026-07-31 15:45:47,258,0.98,4.0,123,52.6,103.8,625.2,28.1,71.6,Heavy Rain,80.9,True,Severe Gridlock,Critical speed drop to 4.0 km/h indicating major arterial blockade.
URB-10667,LOC-03,Saheed Nagar,20.2872,85.8415,2026-07-31 16:02:47,246,0.98,13.9,133,63.7,123.5,627.5,27.4,52.2,Partly Cloudy,80.5,False,None,
URB-10668,LOC-04,Khandagiri,20.2588,85.7836,2026-07-31 16:17:47,229,0.94,13.4,147,67.5,119.3,615.8,29.6,67.6,Fog,81.6,False,None,
URB-10669,LOC-05,Vani Vihar,20.2974,85.8364,2026-07-31 16:36:47,150,0.56,18.4,77,30.9,53.6,537.0,25.6,79.9,Heavy Rain,51.7,False,None,
URB-10670,LOC-06,Bhubaneswar Railway Station,20.2657,85.8436,2026-07-31 16:48:47,289,0.98,14.8,128,62.7,113.7,653.3,26.5,70.4,Rain,79.2,False,None,
URB-10671,LOC-07,Nandankanan Road,20.37,85.825,2026-07-31 16:59:47,263,0.98,11.7,161,76.6,142.9,647.8,25.7,80.2,Fog,86.5,False,None,
URB-10672,LOC-08,Kalarahanga Road,20.38,85.83,2026-07-31 17:21:47,191,0.76,22.7,80,36.0,71.9,557.9,23.8,75.7,Rain,58.0,False,None,
URB-10673,LOC-01,Patia Main Road,20.3533,85.8197,2026-07-31 17:36:47,300,0.98,10.7,136,64.3,115.2,656.5,28.1,72.4,Heavy Rain,82.7,False,None,
URB-10674,LOC-02,Jayadev Vihar,20.301,85.8239,2026-07-31 17:44:47,324,0.98,10.6,142,63.8,124.0,684.9,28.3,69.4,Heavy Rain,83.8,False,None,
URB-10675,LOC-03,Saheed Nagar,20.2872,85.8415,2026-07-31 17:59:47,286,0.98,10.5,152,68.5,129.7,635.1,27.4,77.9,Rain,85.6,False,None,
URB-10676,LOC-04,Khandagiri,20.2588,85.7836,2026-07-31 18:17:47,239,0.96,15.6,110,45.8,87.0,606.5,23.3,57.1,Clear,74.8,False,None,
URB-10677,LOC-05,Vani Vihar,20.2974,85.8364,2026-07-31 18:34:47,136,0.53,19.1,64,31.5,58.7,498.9,23.8,81.4,Heavy Rain,47.9,False,None,
URB-10678,LOC-06,Bhubaneswar Railway Station,20.2657,85.8436,2026-07-31 18:43:47,338,0.98,17.1,235,107.8,191.7,698.0,23.9,75.8,Fog,90.7,False,None,
URB-10679,LOC-07,Nandankanan Road,20.37,85.825,2026-07-31 19:03:47,231,0.98,14.6,109,51.8,91.5,589.0,22.8,58.0,Partly Cloudy,76.0,False,None,
URB-10680,LOC-08,Kalarahanga Road,20.38,85.83,2026-07-31 19:22:47,194,0.83,25.0,117,56.4,108.0,565.2,22.6,76.6,Fog,66.2,False,None,
URB-10681,LOC-01,Patia Main Road,20.3533,85.8197,2026-07-31 19:32:47,273,0.93,14.2,127,62.7,109.3,621.3,25.2,59.0,Partly Cloudy,77.3,False,None,
URB-10682,LOC-02,Jayadev Vihar,20.301,85.8239,2026-07-31 19:52:47,382,0.98,14.2,191,91.3,165.3,751.4,22.7,62.2,Partly Cloudy,90.5,False,None,
URB-10683,LOC-03,Saheed Nagar,20.2872,85.8415,2026-07-31 20:00:47,113,0.43,28.4,97,46.2,82.3,502.9,19.6,62.7,Partly Cloudy,45.0,False,None,
URB-10684,LOC-04,Khandagiri,20.2588,85.7836,2026-07-31 20:12:47,128,0.5,30.8,91,46.2,86.7,510.2,24.5,60.4,Clear,45.5,False,None,
URB-10685,LOC-05,Vani Vihar,20.2974,85.8364,2026-07-31 20:28:47,69,0.29,29.8,70,35.1,68.5,474.1,23.4,76.2,Fog,34.0,False,None,
URB-10686,LOC-06,Bhubaneswar Railway Station,20.2657,85.8436,2026-07-31 20:52:47,246,0.7,33.6,90,43.5,73.5,519.9,22.1,84.3,Heavy Rain,43.2,True,Traffic Bottleneck,Sudden vehicular surge of 246 vehicles/min exceeding corridor capacity.
URB-10687,LOC-07,Nandankanan Road,20.37,85.825,2026-07-31 21:01:47,150,0.65,25.1,86,36.7,61.6,512.4,19.8,63.3,Partly Cloudy,53.5,False,None,
URB-10688,LOC-08,Kalarahanga Road,20.38,85.83,2026-07-31 21:21:47,103,0.51,11.4,71,34.4,61.2,493.4,21.7,82.7,Heavy Rain,36.8,True,Severe Gridlock,Critical speed drop to 11.4 km/h indicating major arterial blockade.
URB-10689,LOC-01,Patia Main Road,20.3533,85.8197,2026-07-31 21:32:47,141,0.49,32.0,92,46.1,85.8,541.4,22.0,64.0,Partly Cloudy,44.7,False,None,
URB-10690,LOC-02,Jayadev Vihar,20.301,85.8239,2026-07-31 21:52:47,155,0.62,27.8,96,40.9,76.9,516.6,22.9,65.0,Clear,52.7,False,None,
URB-10691,LOC-03,Saheed Nagar,20.2872,85.8415,2026-07-31 22:00:47,53,0.21,38.1,85,37.3,70.8,429.3,17.5,68.0,Partly Cloudy,29.2,False,None,
URB-10692,LOC-04,Khandagiri,20.2588,85.7836,2026-07-31 22:15:47,52,0.21,30.1,49,24.1,44.9,436.2,18.4,87.1,Rain,26.9,False,None,
URB-10693,LOC-05,Vani Vihar,20.2974,85.8364,2026-07-31 22:34:47,33,0.13,37.5,49,19.8,36.3,441.0,18.0,68.4,Clear,20.0,False,None,
URB-10694,LOC-06,Bhubaneswar Railway Station,20.2657,85.8436,2026-07-31 22:46:47,69,0.27,36.7,61,32.1,63.7,465.7,17.5,92.9,Heavy Rain,28.1,False,None,
URB-10695,LOC-07,Nandankanan Road,20.37,85.825,2026-07-31 23:03:47,66,0.3,24.9,55,21.1,46.8,454.0,18.5,88.1,Heavy Rain,34.2,False,None,
URB-10696,LOC-08,Kalarahanga Road,20.38,85.83,2026-07-31 23:21:47,35,0.14,55.8,52,26.3,52.8,443.0,18.9,66.7,Partly Cloudy,17.2,False,None,
URB-10697,LOC-01,Patia Main Road,20.3533,85.8197,2026-07-31 23:33:47,58,0.23,34.8,90,38.0,72.5,441.7,18.8,62.1,Haze,32.6,False,None,
URB-10698,LOC-02,Jayadev Vihar,20.301,85.8239,2026-07-31 23:44:47,68,0.28,26.9,68,30.4,60.3,442.7,15.8,87.2,Rain,34.7,False,None,
URB-10699,LOC-03,Saheed Nagar,20.2872,85.8415,2026-07-31 23:58:47,61,0.27,28.9,109,53.9,100.8,447.0,18.7,87.0,Fog,40.4,False,None,
URB-10700,LOC-04,Khandagiri,20.2588,85.7836,2026-08-01 00:13:47,48,0.21,37.2,56,24.3,53.5,423.9,18.0,72.3,Clear,24.6,False,None,
URB-10701,LOC-05,Vani Vihar,20.2974,85.8364,2026-08-01 00:27:47,26,0.11,41.7,44,22.8,39.0,424.6,18.0,64.7,Clear,16.2,False,None,
URB-10702,LOC-06,Bhubaneswar Railway Station,20.2657,85.8436,2026-08-01 00:43:47,69,0.25,36.3,77,39.4,72.5,467.1,18.3,84.5,Heavy Rain,30.3,False,None,
URB-10703,LOC-07,Nandankanan Road,20.37,85.825,2026-08-01 00:58:47,50,0.19,32.4,75,36.5,62.2,431.1,16.0,71.9,Haze,29.5,False,None,
URB-10704,LOC-08,Kalarahanga Road,20.38,85.83,2026-08-01 01:12:47,40,0.18,44.4,74,36.9,75.4,431.9,13.7,75.5,Haze,22.9,False,None,
URB-10705,LOC-01,Patia Main Road,20.3533,85.8197,2026-08-01 01:32:47,63,0.24,34.3,94,42.1,71.6,471.7,17.8,92.7,Fog,33.9,False,None,
URB-10706,LOC-02,Jayadev Vihar,20.301,85.8239,2026-08-01 01:47:47,62,0.28,35.5,68,31.9,66.7,464.2,18.3,62.8,Clear,30.4,False,None,
URB-10707,LOC-03,Saheed Nagar,20.2872,85.8415,2026-08-01 02:00:47,52,0.22,29.4,73,38.3,68.8,442.4,16.8,84.8,Rain,31.9,False,None,
URB-10708,LOC-04,Khandagiri,20.2588,85.7836,2026-08-01 02:12:47,43,0.17,34.4,69,36.4,74.5,429.7,16.6,65.9,Haze,26.7,False,None,
URB-10709,LOC-05,Vani Vihar,20.2974,85.8364,2026-08-01 02:28:47,29,0.12,36.5,62,24.2,46.0,435.9,17.9,71.0,Haze,22.4,False,None,
URB-10710,LOC-06,Bhubaneswar Railway Station,20.2657,85.8436,2026-08-01 02:52:47,79,0.31,46.7,100,42.7,86.0,484.3,15.9,91.6,Fog,32.4,False,None,
URB-10711,LOC-07,Nandankanan Road,20.37,85.825,2026-08-01 02:58:47,67,0.23,29.5,59,29.2,61.8,448.4,15.4,89.7,Heavy Rain,29.8,False,None,
URB-10712,LOC-08,Kalarahanga Road,20.38,85.83,2026-08-01 03:22:47,45,0.19,56.3,56,30.4,50.7,447.3,15.4,69.1,Partly Cloudy,19.9,False,None,
URB-10713,LOC-01,Patia Main Road,20.3533,85.8197,2026-08-01 03:33:47,67,0.27,33.2,82,33.8,66.9,467.6,14.8,69.0,Haze,33.5,False,None,
URB-10714,LOC-02,Jayadev Vihar,20.301,85.8239,2026-08-01 03:43:47,71,0.31,32.7,98,48.6,97.2,462.0,13.7,90.1,Fog,38.2,False,None,
URB-10715,LOC-03,Saheed Nagar,20.2872,85.8415,2026-08-01 04:02:47,61,0.22,33.4,117,51.8,100.5,453.5,14.8,67.9,Haze,37.6,False,None,
URB-10716,LOC-04,Khandagiri,20.2588,85.7836,2026-08-01 04:15:47,49,0.18,27.1,44,19.0,36.7,449.0,18.5,90.5,Heavy Rain,26.3,False,None,
URB-10717,LOC-05,Vani Vihar,20.2974,85.8364,2026-08-01 04:31:47,31,0.13,32.8,62,25.4,51.5,414.6,19.1,61.9,Haze,24.7,False,None,
URB-10718,LOC-06,Bhubaneswar Railway Station,20.2657,85.8436,2026-08-01 04:45:47,73,0.33,44.8,112,55.5,97.3,475.0,17.9,66.1,Haze,70.4,True,Multi-Vector Urban Risk,Combined extreme congestion (33%) and high particulate pollution.
URB-10719,LOC-07,Nandankanan Road,20.37,85.825,2026-08-01 05:02:47,60,0.28,27.4,57,23.6,50.3,444.6,17.9,86.0,Heavy Rain,32.5,False,None,
URB-10720,LOC-08,Kalarahanga Road,20.38,85.83,2026-08-01 05:14:47,42,0.17,43.7,42,16.3,34.8,446.8,18.8,86.4,Rain,17.3,False,None,
URB-10721,LOC-01,Patia Main Road,20.3533,85.8197,2026-08-01 05:29:47,58,0.25,38.9,71,37.8,65.3,427.6,18.9,67.4,Partly Cloudy,28.0,False,None,
URB-10722,LOC-02,Jayadev Vihar,20.301,85.8239,2026-08-01 05:48:47,84,0.38,25.8,116,54.7,102.4,489.6,16.2,66.2,Haze,47.6,False,None,
URB-10723,LOC-03,Saheed Nagar,20.2872,85.8415,2026-08-01 06:07:47,126,0.43,25.4,141,63.2,119.1,507.9,19.9,69.7,Haze,54.2,False,None,
URB-10724,LOC-04,Khandagiri,20.2588,85.7836,2026-08-01 06:22:47,124,0.55,28.5,76,31.0,58.1,497.6,19.8,64.0,Clear,46.0,False,None,
URB-10725,LOC-05,Vani Vihar,20.2974,85.8364,2026-08-01 06:35:47,61,0.25,37.7,52,24.2,48.2,440.8,20.2,67.6,Partly Cloudy,25.2,False,None,
URB-10726,LOC-06,Bhubaneswar Railway Station,20.2657,85.8436,2026-08-01 06:51:47,142,0.49,46.2,94,43.9,82.1,534.6,17.4,72.0,Partly Cloudy,38.5,False,None,
URB-10727,LOC-07,Nandankanan Road,20.37,85.825,2026-08-01 07:04:47,189,0.78,21.3,121,59.4,104.6,576.7,18.6,69.6,Clear,66.7,False,None,
URB-10728,LOC-08,Kalarahanga Road,20.38,85.83,2026-08-01 07:14:47,132,0.58,35.7,85,42.8,72.6,499.0,19.0,63.1,Clear,45.2,False,None,
URB-10729,LOC-01,Patia Main Road,20.3533,85.8197,2026-08-01 07:35:47,202,0.82,13.6,113,52.0,100.3,594.6,17.9,86.2,Rain,70.8,False,None,
URB-10730,LOC-02,Jayadev Vihar,20.301,85.8239,2026-08-01 07:49:47,254,0.98,14.2,132,56.4,108.8,643.0,19.7,65.8,Partly Cloudy,80.2,False,None,
URB-10731,LOC-03,Saheed Nagar,20.2872,85.8415,2026-08-01 08:00:47,164,0.72,24.4,111,52.2,90.1,546.7,20.6,62.7,Partly Cloudy,61.0,False,None,
URB-10732,LOC-04,Khandagiri,20.2588,85.7836,2026-08-01 08:18:47,174,0.68,18.4,127,53.9,103.0,541.8,21.6,64.5,Haze,65.2,False,None,
URB-10733,LOC-05,Vani Vihar,20.2974,85.8364,2026-08-01 08:37:47,107,0.44,32.1,70,35.4,64.4,491.8,20.3,67.8,Partly Cloudy,38.8,False,None,
URB-10734,LOC-06,Bhubaneswar Railway Station,20.2657,85.8436,2026-08-01 08:45:47,206,0.83,28.2,141,67.2,118.2,576.7,21.1,59.2,Clear,68.8,False,None,
URB-10735,LOC-07,Nandankanan Road,20.37,85.825,2026-08-01 09:01:47,162,0.74,20.5,101,50.2,94.2,558.9,25.0,53.7,Clear,62.0,False,None,
URB-10736,LOC-08,Kalarahanga Road,20.38,85.83,2026-08-01 09:13:47,122,0.5,34.3,97,47.2,82.7,495.6,21.5,78.2,Fog,44.8,False,None,
URB-10737,LOC-01,Patia Main Road,20.3533,85.8197,2026-08-01 09:37:47,215,0.96,12.3,163,75.9,133.8,592.2,22.3,83.4,Fog,85.8,False,None,
URB-10738,LOC-02,Jayadev Vihar,20.301,85.8239,2026-08-01 09:46:47,282,0.98,13.8,150,67.9,122.5,659.9,24.4,57.6,Clear,83.6,False,None,
URB-10739,LOC-03,Saheed Nagar,20.2872,85.8415,2026-08-01 10:01:47,195,0.78,15.4,102,45.0,87.6,587.5,23.6,81.0,Rain,66.4,False,None,
URB-10740,LOC-04,Khandagiri,20.2588,85.7836,2026-08-01 10:22:47,125,0.46,28.0,93,45.9,77.8,510.5,22.9,58.5,Clear,45.7,False,None,
URB-10741,LOC-05,Vani Vihar,20.2974,85.8364,2026-08-01 10:37:47,109,0.39,27.8,84,33.9,58.9,500.5,25.9,76.5,Fog,41.4,False,None,
URB-10742,LOC-06,Bhubaneswar Railway Station,20.2657,85.8436,2026-08-01 10:42:47,208,0.84,22.1,182,87.3,162.4,602.0,25.8,60.5,Haze,79.4,False,None,
URB-10743,LOC-07,Nandankanan Road,20.37,85.825,2026-08-01 11:04:47,191,0.85,18.3,109,54.6,99.6,555.9,24.1,62.2,Partly Cloudy,68.9,False,None,
URB-10744,LOC-08,Kalarahanga Road,20.38,85.83,2026-08-01 11:17:47,117,0.49,45.5,80,34.6,57.3,514.3,28.0,50.9,Clear,36.1,False,None,
URB-10745,LOC-01,Patia Main Road,20.3533,85.8197,2026-08-01 11:33:47,232,0.98,15.4,142,68.4,119.0,604.4,28.2,57.1,Partly Cloudy,98.5,True,Multi-Vector Urban Risk,Combined extreme congestion (98%) and high particulate pollution.
URB-10746,LOC-02,Jayadev Vihar,20.301,85.8239,2026-08-01 11:47:47,224,0.76,16.3,110,46.3,86.1,584.0,25.5,72.8,Rain,66.5,False,None,
URB-10747,LOC-03,Saheed Nagar,20.2872,85.8415,2026-08-01 11:58:47,140,0.61,17.6,106,49.1,87.4,519.8,25.6,75.2,Heavy Rain,59.2,False,None,
URB-10748,LOC-04,Khandagiri,20.2588,85.7836,2026-08-01 12:22:47,129,0.49,21.0,67,26.6,48.8,505.5,29.0,68.5,Heavy Rain,45.8,False,None,
URB-10749,LOC-05,Vani Vihar,20.2974,85.8364,2026-08-01 12:27:47,101,0.46,33.3,72,35.2,60.3,505.2,25.3,56.9,Partly Cloudy,39.4,False,None,
URB-10750,LOC-06,Bhubaneswar Railway Station,20.2657,85.8436,2026-08-01 12:48:47,230,0.98,18.5,155,69.2,119.8,587.3,29.5,73.7,Fog,82.1,False,None,
URB-10751,LOC-07,Nandankanan Road,20.37,85.825,2026-08-01 12:57:47,200,0.78,17.7,125,56.5,106.0,555.3,27.1,52.2,Haze,69.2,False,None,
URB-10752,LOC-08,Kalarahanga Road,20.38,85.83,2026-08-01 13:14:47,114,0.4,44.6,78,38.9,66.6,505.6,28.6,51.4,Partly Cloudy,32.3,False,None,
URB-10753,LOC-01,Patia Main Road,20.3533,85.8197,2026-08-01 13:36:47,181,0.8,20.3,229,94.9,78.6,543.8,25.9,55.2,Partly Cloudy,65.2,True,Air Quality Hazard,"Hazardous particulate spike (AQI 229, PM2.5 94.9 µg/m³) detected near Patia Main Road."
URB-10754,LOC-02,Jayadev Vihar,20.301,85.8239,2026-08-01 13:43:47,227,0.91,17.0,119,53.8,92.6,618.5,26.4,54.7,Clear,73.7,False,None,
URB-10755,LOC-03,Saheed Nagar,20.2872,85.8415,2026-08-01 14:02:47,194,0.83,12.9,117,51.9,92.7,585.4,26.4,70.4,Rain,72.2,False,None,
URB-10756,LOC-04,Khandagiri,20.2588,85.7836,2026-08-01 14:21:47,143,0.53,28.3,94,46.0,79.8,517.1,26.1,57.5,Clear,48.5,False,None,
URB-10757,LOC-05,Vani Vihar,20.2974,85.8364,2026-08-01 14:32:47,104,0.42,26.3,99,41.9,81.6,494.6,26.6,53.9,Haze,46.0,False,None,
URB-10758,LOC-06,Bhubaneswar Railway Station,20.2657,85.8436,2026-08-01 14:51:47,237,0.86,21.8,165,75.0,141.4,592.2,30.2,50.9,Haze,77.4,False,None,
URB-10759,LOC-07,Nandankanan Road,20.37,85.825,2026-08-01 14:59:47,157,0.61,26.9,100,44.5,80.6,552.0,29.3,54.5,Clear,53.5,False,None,
URB-10760,LOC-08,Kalarahanga Road,20.38,85.83,2026-08-01 15:13:47,105,0.41,36.2,67,27.4,45.0,489.7,25.4,77.9,Heavy Rain,35.0,False,None,
URB-10761,LOC-01,Patia Main Road,20.3533,85.8197,2026-08-01 15:30:47,224,0.89,14.5,159,73.2,132.6,597.1,25.7,55.8,Haze,81.2,False,None,
URB-10762,LOC-02,Jayadev Vihar,20.301,85.8239,2026-08-01 15:45:47,196,0.8,20.2,120,57.2,101.8,551.8,29.9,50.3,Partly Cloudy,67.9,False,None,
URB-10763,LOC-03,Saheed Nagar,20.2872,85.8415,2026-08-01 16:01:47,162,0.57,21.7,168,74.4,130.9,542.1,26.2,57.1,Haze,66.3,False,None,
URB-10764,LOC-04,Khandagiri,20.2588,85.7836,2026-08-01 16:12:47,178,0.82,15.3,142,63.1,122.8,539.8,27.9,54.5,Haze,75.0,False,None,
URB-10765,LOC-05,Vani Vihar,20.2974,85.8364,2026-08-01 16:31:47,87,0.39,26.7,81,39.8,70.8,492.7,27.8,48.4,Haze,41.4,False,None,
URB-10766,LOC-06,Bhubaneswar Railway Station,20.2657,85.8436,2026-08-01 16:42:47,235,0.98,18.9,192,85.0,157.4,609.8,28.3,74.4,Fog,88.4,False,None,
URB-10767,LOC-07,Nandankanan Road,20.37,85.825,2026-08-01 17:00:47,170,0.63,18.4,81,39.7,72.0,560.3,27.5,70.3,Heavy Rain,55.2,False,None,
URB-10768,LOC-08,Kalarahanga Road,20.38,85.83,2026-08-01 17:13:47,115,0.42,35.4,69,27.3,46.6,486.1,26.2,78.0,Heavy Rain,36.2,False,None,
URB-10769,LOC-01,Patia Main Road,20.3533,85.8197,2026-08-01 17:33:47,219,0.76,16.4,141,64.7,122.4,581.9,28.3,57.3,Haze,71.9,False,None,
URB-10770,LOC-02,Jayadev Vihar,20.301,85.8239,2026-08-01 17:51:47,237,0.81,20.8,127,54.0,94.3,618.8,27.0,49.9,Clear,69.2,False,None,
URB-10771,LOC-03,Saheed Nagar,20.2872,85.8415,2026-08-01 17:57:47,204,0.72,23.4,135,62.4,114.0,572.1,27.3,51.1,Clear,65.7,False,None,
URB-10772,LOC-04,Khandagiri,20.2588,85.7836,2026-08-01 18:17:47,135,0.47,22.6,68,29.6,56.0,521.6,23.1,83.6,Heavy Rain,44.4,False,None,
URB-10773,LOC-05,Vani Vihar,20.2974,85.8364,2026-08-01 18:29:47,114,0.39,32.2,82,36.7,74.3,483.5,25.8,53.6,Clear,38.9,False,None,
URB-10774,LOC-06,Bhubaneswar Railway Station,20.2657,85.8436,2026-08-01 18:43:47,198,0.7,22.0,98,49.3,97.5,591.4,24.3,79.7,Heavy Rain,59.1,False,None,
URB-10775,LOC-07,Nandankanan Road,20.37,85.825,2026-08-01 19:06:47,167,0.67,24.4,96,47.4,85.5,552.5,21.8,64.0,Partly Cloudy,56.4,False,None,
URB-10776,LOC-08,Kalarahanga Road,20.38,85.83,2026-08-01 19:19:47,123,0.46,40.5,115,55.5,97.1,517.6,25.0,61.1,Haze,43.3,False,None,
URB-10777,LOC-01,Patia Main Road,20.3533,85.8197,2026-08-01 19:34:47,233,0.98,12.8,147,65.4,114.6,589.2,23.2,62.5,Haze,83.5,False,None,
URB-10778,LOC-02,Jayadev Vihar,20.301,85.8239,2026-08-01 19:47:47,247,0.98,11.1,130,63.7,115.4,621.4,24.2,75.1,Rain,81.4,False,None,
URB-10779,LOC-03,Saheed Nagar,20.2872,85.8415,2026-08-01 20:05:47,130,0.53,22.8,146,69.8,123.9,495.3,23.1,80.6,Fog,60.4,False,None,
URB-10780,LOC-04,Khandagiri,20.2588,85.7836,2026-08-01 20:17:47,101,0.45,30.0,84,37.4,75.1,484.9,20.2,60.8,Clear,42.7,False,None,
URB-10781,LOC-05,Vani Vihar,20.2974,85.8364,2026-08-01 20:29:47,73,0.32,25.4,49,25.5,42.7,478.0,21.6,79.7,Rain,33.7,False,None,
URB-10782,LOC-06,Bhubaneswar Railway Station,20.2657,85.8436,2026-08-01 20:44:47,178,0.75,21.9,99,46.5,81.1,537.4,20.0,85.8,Heavy Rain,61.4,False,None,
URB-10783,LOC-07,Nandankanan Road,20.37,85.825,2026-08-01 20:59:47,127,0.43,33.5,79,36.8,75.5,506.0,23.3,59.7,Clear,39.3,False,None,
URB-10784,LOC-08,Kalarahanga Road,20.38,85.83,2026-08-01 21:17:47,105,0.44,31.0,67,31.2,51.3,475.7,22.4,76.7,Heavy Rain,38.8,False,None,
URB-10785,LOC-01,Patia Main Road,20.3533,85.8197,2026-08-01 21:37:47,159,0.7,17.9,81,42.2,78.8,538.2,21.5,82.0,Heavy Rain,58.2,False,None,
URB-10786,LOC-02,Jayadev Vihar,20.301,85.8239,2026-08-01 21:44:47,164,0.68,18.9,148,70.8,129.5,529.9,21.7,63.0,Haze,68.7,False,None,
URB-10787,LOC-03,Saheed Nagar,20.2872,85.8415,2026-08-01 22:07:47,59,0.27,10.3,65,31.3,64.0,454.0,17.5,84.8,Heavy Rain,30.1,True,Severe Gridlock,Critical speed drop to 10.3 km/h indicating major arterial blockade.
URB-10788,LOC-04,Khandagiri,20.2588,85.7836,2026-08-01 22:14:47,40,0.15,30.9,77,33.1,55.9,447.4,17.4,85.9,Fog,29.0,False,None,
URB-10789,LOC-05,Vani Vihar,20.2974,85.8364,2026-08-01 22:27:47,35,0.14,31.4,63,33.9,63.5,410.2,18.0,92.8,Fog,25.9,False,None,
URB-10790,LOC-06,Bhubaneswar Railway Station,20.2657,85.8436,2026-08-01 22:48:47,64,0.23,48.0,99,48.3,82.3,445.9,21.0,63.5,Haze,29.0,False,None,
URB-10791,LOC-07,Nandankanan Road,20.37,85.825,2026-08-01 23:04:47,64,0.22,30.2,91,39.3,69.0,459.9,15.7,92.7,Fog,34.6,False,None,
URB-10792,LOC-08,Kalarahanga Road,20.38,85.83,2026-08-01 23:14:47,34,0.15,49.6,62,31.8,57.3,434.7,18.5,71.6,Haze,19.4,False,None,
URB-10793,LOC-01,Patia Main Road,20.3533,85.8197,2026-08-01 23:33:47,73,0.32,34.1,68,32.9,61.7,449.1,18.3,63.3,Clear,32.6,False,None,
URB-10794,LOC-02,Jayadev Vihar,20.301,85.8239,2026-08-01 23:44:47,76,0.35,25.8,74,30.9,54.8,446.9,15.7,89.6,Rain,39.0,False,None,
URB-10795,LOC-03,Saheed Nagar,20.2872,85.8415,2026-08-01 23:58:47,47,0.2,36.8,84,35.2,60.2,436.2,16.5,74.0,Clear,29.3,False,None,
URB-10796,LOC-04,Khandagiri,20.2588,85.7836,2026-08-02 00:12:47,52,0.2,29.9,55,30.3,55.1,458.5,14.9,91.3,Rain,27.7,False,None,
URB-10797,LOC-05,Vani Vihar,20.2974,85.8364,2026-08-02 00:35:47,28,0.12,30.8,37,20.9,32.7,425.0,17.5,91.2,Heavy Rain,20.9,False,None,
URB-10798,LOC-06,Bhubaneswar Railway Station,20.2657,85.8436,2026-08-02 00:46:47,60,0.23,35.9,65,31.7,65.6,444.5,16.6,86.0,Heavy Rain,27.6,False,None,
URB-10799,LOC-07,Nandankanan Road,20.37,85.825,2026-08-02 00:58:47,61,0.27,39.6,62,33.9,63.3,460.6,15.3,70.3,Partly Cloudy,26.8,False,None,
URB-10800,LOC-08,Kalarahanga Road,20.38,85.83,2026-08-02 01:19:47,36,0.12,55.4,46,22.7,41.6,426.2,16.9,67.9,Clear,15.4,False,None,
URB-10801,LOC-01,Patia Main Road,20.3533,85.8197,2026-08-02 01:32:47,75,0.27,24.8,59,24.3,40.9,443.4,17.5,88.0,Heavy Rain,33.7,False,None,
URB-10802,LOC-02,Jayadev Vihar,20.301,85.8239,2026-08-02 01:43:47,84,0.33,24.5,62,32.8,60.5,459.2,18.2,84.5,Rain,36.8,False,None,
URB-10803,LOC-03,Saheed Nagar,20.2872,85.8415,2026-08-02 02:01:47,48,0.22,37.9,81,41.6,78.4,439.6,17.4,73.6,Partly Cloudy,29.0,False,None,
URB-10804,LOC-04,Khandagiri,20.2588,85.7836,2026-08-02 02:20:47,41,0.17,34.2,72,36.7,72.1,417.7,16.8,93.0,Fog,62.3,True,Multi-Vector Urban Risk,Combined extreme congestion (17%) and high particulate pollution.
URB-10805,LOC-05,Vani Vihar,20.2974,85.8364,2026-08-02 02:29:47,34,0.12,32.5,40,22.3,37.0,421.9,16.1,85.9,Heavy Rain,20.6,False,None,
URB-10806,LOC-06,Bhubaneswar Railway Station,20.2657,85.8436,2026-08-02 02:51:47,57,0.24,50.7,72,30.5,52.8,454.2,17.4,69.9,Clear,24.7,False,None,
URB-10807,LOC-07,Nandankanan Road,20.37,85.825,2026-08-02 02:57:47,63,0.22,29.6,57,26.2,48.3,451.8,17.8,90.3,Rain,29.0,False,None,
URB-10808,LOC-08,Kalarahanga Road,20.38,85.83,2026-08-02 03:20:47,39,0.17,38.0,45,21.7,39.8,417.1,15.8,88.1,Heavy Rain,20.7,False,None,
URB-10809,LOC-01,Patia Main Road,20.3533,85.8197,2026-08-02 03:37:47,67,0.28,28.3,67,27.0,43.8,471.5,14.2,89.6,Heavy Rain,33.8,False,None,
URB-10810,LOC-02,Jayadev Vihar,20.301,85.8239,2026-08-02 03:43:47,81,0.34,24.9,72,36.9,64.6,473.2,16.2,93.8,Heavy Rain,38.8,False,None,
URB-10811,LOC-03,Saheed Nagar,20.2872,85.8415,2026-08-02 04:05:47,46,0.2,30.4,75,36.2,71.9,430.4,18.3,87.2,Heavy Rain,30.9,False,None,
URB-10812,LOC-04,Khandagiri,20.2588,85.7836,2026-08-02 04:17:47,80,0.25,40.9,59,22.6,49.3,428.7,18.8,70.9,Partly Cloudy,21.7,True,Traffic Bottleneck,Sudden vehicular surge of 80 vehicles/min exceeding corridor capacity.
URB-10813,LOC-05,Vani Vihar,20.2974,85.8364,2026-08-02 04:29:47,34,0.14,30.6,40,19.6,36.2,418.3,15.2,92.9,Rain,22.3,False,None,
URB-10814,LOC-06,Bhubaneswar Railway Station,20.2657,85.8436,2026-08-02 04:48:47,75,0.31,47.1,92,42.6,78.2,468.0,19.2,62.9,Clear,31.0,False,None,
URB-10815,LOC-07,Nandankanan Road,20.37,85.825,2026-08-02 04:59:47,85,0.29,32.2,70,30.7,51.7,449.6,18.9,90.0,Fog,29.1,True,Traffic Bottleneck,Sudden vehicular surge of 85 vehicles/min exceeding corridor capacity.
URB-10816,LOC-08,Kalarahanga Road,20.38,85.83,2026-08-02 05:22:47,34,0.14,50.3,69,36.9,70.9,444.5,18.1,83.1,Fog,20.2,False,None,
URB-10817,LOC-01,Patia Main Road,20.3533,85.8197,2026-08-02 05:29:47,67,0.25,34.9,71,30.6,50.9,468.9,18.9,69.7,Partly Cloudy,30.0,False,None,
URB-10818,LOC-02,Jayadev Vihar,20.301,85.8239,2026-08-02 05:44:47,63,0.29,32.7,85,36.9,64.1,436.1,19.9,61.4,Haze,35.1,False,None,
URB-10819,LOC-03,Saheed Nagar,20.2872,85.8415,2026-08-02 06:02:47,125,0.5,26.5,112,50.2,90.1,490.4,21.3,58.8,Partly Cloudy,51.4,False,None,
URB-10820,LOC-04,Khandagiri,20.2588,85.7836,2026-08-02 06:14:47,105,0.47,31.2,75,33.2,69.7,494.7,20.8,60.0,Partly Cloudy,41.3,False,None,
URB-10821,LOC-05,Vani Vihar,20.2974,85.8364,2026-08-02 06:27:47,74,0.27,33.7,66,27.9,50.7,465.8,19.2,66.4,Partly Cloudy,30.5,False,None,
URB-10822,LOC-06,Bhubaneswar Railway Station,20.2657,85.8436,2026-08-02 06:42:47,145,0.51,31.2,82,40.0,76.8,510.6,17.9,85.1,Rain,44.1,False,None,
URB-10823,LOC-07,Nandankanan Road,20.37,85.825,2026-08-02 07:04:47,189,0.73,14.9,87,39.1,74.1,552.0,21.4,86.8,Heavy Rain,62.0,False,None,
URB-10824,LOC-08,Kalarahanga Road,20.38,85.83,2026-08-02 07:16:47,142,0.65,35.3,96,45.4,85.8,538.1,20.1,67.3,Partly Cloudy,50.1,False,None,
URB-10825,LOC-01,Patia Main Road,20.3533,85.8197,2026-08-02 07:36:47,203,0.84,12.2,103,45.3,88.9,564.4,18.1,88.0,Rain,70.5,False,None,
URB-10826,LOC-02,Jayadev Vihar,20.301,85.8239,2026-08-02 07:50:47,238,0.84,14.2,107,47.9,83.4,606.4,18.9,84.1,Rain,70.2,False,None,
URB-10827,LOC-03,Saheed Nagar,20.2872,85.8415,2026-08-02 07:57:47,188,0.8,13.4,99,43.4,76.3,566.9,19.6,82.9,Rain,67.6,False,None,
URB-10828,LOC-04,Khandagiri,20.2588,85.7836,2026-08-02 08:20:47,164,0.74,16.6,87,39.5,78.3,549.5,22.4,82.9,Rain,61.5,False,None,
URB-10829,LOC-05,Vani Vihar,20.2974,85.8364,2026-08-02 08:27:47,100,0.46,21.6,58,27.9,49.5,470.0,20.4,82.7,Heavy Rain,42.8,False,None,
URB-10830,LOC-06,Bhubaneswar Railway Station,20.2657,85.8436,2026-08-02 08:51:47,255,0.95,23.3,129,60.5,104.9,620.6,24.0,63.2,Clear,73.9,False,None,
URB-10831,LOC-07,Nandankanan Road,20.37,85.825,2026-08-02 09:03:47,175,0.66,19.9,115,50.7,101.0,535.7,24.9,57.6,Haze,61.6,False,None,
URB-10832,LOC-08,Kalarahanga Road,20.38,85.83,2026-08-02 09:22:47,144,0.65,32.6,99,49.2,94.4,513.6,25.2,53.6,Clear,52.0,False,None,
URB-10833,LOC-01,Patia Main Road,20.3533,85.8197,2026-08-02 09:28:47,228,0.98,15.0,114,56.1,96.6,601.7,21.1,65.2,Partly Cloudy,76.7,False,None,
URB-10834,LOC-02,Jayadev Vihar,20.301,85.8239,2026-08-02 09:46:47,227,0.96,15.6,134,57.5,103.3,594.5,24.5,62.5,Clear,79.0,False,None,
URB-10835,LOC-03,Saheed Nagar,20.2872,85.8415,2026-08-02 10:06:47,177,0.74,15.7,101,49.2,90.8,543.9,24.9,77.6,Heavy Rain,64.4,False,None,
URB-10836,LOC-04,Khandagiri,20.2588,85.7836,2026-08-02 10:16:47,125,0.51,26.4,211,101.9,83.2,513.9,26.2,52.8,Haze,48.8,True,Air Quality Hazard,"Hazardous particulate spike (AQI 211, PM2.5 101.9 µg/m³) detected near Khandagiri."
URB-10837,LOC-05,Vani Vihar,20.2974,85.8364,2026-08-02 10:34:47,85,0.3,24.1,59,25.7,48.1,475.1,25.1,80.9,Heavy Rain,35.3,False,None,
URB-10838,LOC-06,Bhubaneswar Railway Station,20.2657,85.8436,2026-08-02 10:50:47,244,0.89,23.8,152,66.3,118.5,633.6,26.8,54.9,Clear,75.3,False,None,
URB-10839,LOC-07,Nandankanan Road,20.37,85.825,2026-08-02 11:01:47,189,0.68,21.6,126,53.0,100.3,574.9,24.9,81.6,Fog,63.5,False,None,
URB-10840,LOC-08,Kalarahanga Road,20.38,85.83,2026-08-02 11:16:47,142,0.5,41.7,78,33.8,57.3,508.8,26.3,55.6,Clear,37.8,False,None,
URB-10841,LOC-01,Patia Main Road,20.3533,85.8197,2026-08-02 11:33:47,188,0.73,22.4,119,56.0,110.2,565.4,26.2,55.0,Partly Cloudy,63.8,False,None,
URB-10842,LOC-02,Jayadev Vihar,20.301,85.8239,2026-08-02 11:42:47,242,0.89,17.1,133,59.8,105.9,603.8,28.2,54.7,Clear,75.3,False,None,
URB-10843,LOC-03,Saheed Nagar,20.2872,85.8415,2026-08-02 12:01:47,152,0.66,16.9,90,41.5,80.2,523.3,27.7,75.8,Heavy Rain,58.7,False,None,
URB-10844,LOC-04,Khandagiri,20.2588,85.7836,2026-08-02 12:16:47,133,0.5,22.7,96,43.9,79.0,502.2,29.2,47.6,Haze,50.4,False,None,
URB-10845,LOC-05,Vani Vihar,20.2974,85.8364,2026-08-02 12:31:47,85,0.48,10.5,71,32.7,54.5,465.6,27.1,49.4,Clear,37.2,True,Severe Gridlock,Critical speed drop to 10.5 km/h indicating major arterial blockade.
URB-10846,LOC-06,Bhubaneswar Railway Station,20.2657,85.8436,2026-08-02 12:45:47,214,0.92,20.8,163,72.9,134.4,571.6,28.7,70.3,Fog,79.9,False,None,
URB-10847,LOC-07,Nandankanan Road,20.37,85.825,2026-08-02 13:01:47,177,0.78,14.1,96,47.6,87.9,547.6,27.9,74.8,Rain,66.0,False,None,
URB-10848,LOC-08,Kalarahanga Road,20.38,85.83,2026-08-02 13:20:47,129,0.46,36.8,92,43.2,83.2,499.9,30.3,48.1,Haze,41.1,False,None,
URB-10849,LOC-01,Patia Main Road,20.3533,85.8197,2026-08-02 13:30:47,174,0.78,16.9,137,66.8,130.0,535.9,26.7,56.2,Haze,71.7,False,None,
URB-10850,LOC-02,Jayadev Vihar,20.301,85.8239,2026-08-02 13:44:47,269,0.98,9.8,115,53.5,101.8,640.7,30.0,67.8,Rain,79.4,False,None,
URB-10851,LOC-03,Saheed Nagar,20.2872,85.8415,2026-08-02 13:58:47,186,0.76,16.1,121,51.9,98.6,556.3,25.8,71.4,Heavy Rain,68.5,False,None,
URB-10852,LOC-04,Khandagiri,20.2588,85.7836,2026-08-02 14:16:47,149,0.54,23.7,107,52.4,91.2,511.7,27.0,74.0,Fog,53.5,False,None,
URB-10853,LOC-05,Vani Vihar,20.2974,85.8364,2026-08-02 14:27:47,91,0.4,21.2,57,31.2,59.6,462.4,29.9,73.0,Heavy Rain,40.4,False,None,
URB-10854,LOC-06,Bhubaneswar Railway Station,20.2657,85.8436,2026-08-02 14:46:47,250,0.91,24.0,138,66.2,123.7,603.2,26.6,54.8,Partly Cloudy,73.5,False,None,
URB-10855,LOC-07,Nandankanan Road,20.37,85.825,2026-08-02 14:58:47,206,0.85,12.3,89,43.7,77.4,577.8,29.9,73.2,Rain,68.4,False,None,
URB-10856,LOC-08,Kalarahanga Road,20.38,85.83,2026-08-02 15:15:47,115,0.43,35.5,72,29.4,55.8,496.9,26.2,78.5,Rain,37.0,False,None,
URB-10857,LOC-01,Patia Main Road,20.3533,85.8197,2026-08-02 15:35:47,217,0.86,15.0,157,76.2,138.5,587.1,27.3,49.3,Haze,79.4,False,None,
URB-10858,LOC-02,Jayadev Vihar,20.301,85.8239,2026-08-02 15:51:47,259,0.98,9.9,108,53.1,92.5,632.9,29.8,74.1,Rain,78.2,False,None,
URB-10859,LOC-03,Saheed Nagar,20.2872,85.8415,2026-08-02 16:04:47,174,0.6,20.2,142,62.8,115.3,564.8,27.9,71.5,Fog,63.7,False,None,
URB-10860,LOC-04,Khandagiri,20.2588,85.7836,2026-08-02 16:12:47,165,0.69,24.4,103,47.3,83.5,525.6,25.7,52.9,Clear,58.4,False,None,
URB-10861,LOC-05,Vani Vihar,20.2974,85.8364,2026-08-02 16:29:47,104,0.44,24.4,55,22.3,48.3,500.8,27.8,70.3,Rain,40.0,False,None,
URB-10862,LOC-06,Bhubaneswar Railway Station,20.2657,85.8436,2026-08-02 16:45:47,193,0.66,35.0,123,53.2,94.3,564.3,29.3,49.0,Partly Cloudy,55.4,False,None,
URB-10863,LOC-07,Nandankanan Road,20.37,85.825,2026-08-02 17:01:47,200,0.89,14.8,151,70.5,124.5,572.3,26.9,71.5,Fog,79.6,False,None,
URB-10864,LOC-08,Kalarahanga Road,20.38,85.83,2026-08-02 17:20:47,128,0.48,44.6,82,39.9,68.4,528.6,26.2,57.4,Partly Cloudy,36.2,False,None,
URB-10865,LOC-01,Patia Main Road,20.3533,85.8197,2026-08-02 17:33:47,177,0.7,23.2,120,56.2,96.8,534.7,25.3,58.5,Partly Cloudy,62.4,False,None,
URB-10866,LOC-02,Jayadev Vihar,20.301,85.8239,2026-08-02 17:44:47,279,0.98,9.2,118,58.1,107.5,632.4,26.2,79.3,Heavy Rain,80.2,False,None,
URB-10867,LOC-03,Saheed Nagar,20.2872,85.8415,2026-08-02 17:59:47,155,0.65,21.1,159,74.1,142.2,532.9,28.0,49.4,Haze,68.3,False,None,
URB-10868,LOC-04,Khandagiri,20.2588,85.7836,2026-08-02 18:22:47,146,0.58,19.9,78,32.4,58.2,529.4,27.1,77.1,Heavy Rain,51.9,False,None,
URB-10869,LOC-05,Vani Vihar,20.2974,85.8364,2026-08-02 18:32:47,104,0.4,25.0,82,42.2,78.1,502.7,23.3,76.0,Fog,42.9,False,None,
URB-10870,LOC-06,Bhubaneswar Railway Station,20.2657,85.8436,2026-08-02 18:45:47,254,0.92,25.0,149,64.2,123.3,633.8,24.6,53.7,Clear,75.4,False,None,
URB-10871,LOC-07,Nandankanan Road,20.37,85.825,2026-08-02 19:02:47,197,0.68,18.7,143,65.9,116.6,556.6,23.3,76.4,Fog,67.9,False,None,
URB-10872,LOC-08,Kalarahanga Road,20.38,85.83,2026-08-02 19:22:47,117,0.5,30.0,148,68.5,55.1,501.4,25.0,73.4,Rain,40.5,True,Air Quality Hazard,"Hazardous particulate spike (AQI 148, PM2.5 68.5 µg/m³) detected near Kalarahanga Road."
URB-10873,LOC-01,Patia Main Road,20.3533,85.8197,2026-08-02 19:27:47,232,0.95,11.6,116,53.5,94.2,597.4,24.5,82.8,Rain,77.5,False,None,
URB-10874,LOC-02,Jayadev Vihar,20.301,85.8239,2026-08-02 19:49:47,235,0.97,12.4,162,69.6,121.5,592.0,21.4,82.2,Fog,86.0,False,None,
URB-10875,LOC-03,Saheed Nagar,20.2872,85.8415,2026-08-02 20:01:47,113,0.42,32.4,114,49.8,95.2,489.9,20.6,68.5,Clear,45.5,False,None,
URB-10876,LOC-04,Khandagiri,20.2588,85.7836,2026-08-02 20:14:47,96,0.39,25.2,57,28.6,48.1,498.7,22.0,81.0,Rain,38.0,False,None,
URB-10877,LOC-05,Vani Vihar,20.2974,85.8364,2026-08-02 20:31:47,62,0.24,30.3,72,35.7,73.1,444.2,23.3,56.4,Haze,32.0,False,None,
URB-10878,LOC-06,Bhubaneswar Railway Station,20.2657,85.8436,2026-08-02 20:42:47,165,0.72,32.7,110,46.2,84.4,547.9,23.7,62.5,Partly Cloudy,56.7,False,None,
URB-10879,LOC-07,Nandankanan Road,20.37,85.825,2026-08-02 20:58:47,138,0.49,26.3,109,49.8,96.4,503.4,22.0,79.3,Fog,50.5,False,None,
URB-10880,LOC-08,Kalarahanga Road,20.38,85.83,2026-08-02 21:15:47,109,0.37,50.9,80,32.2,60.2,480.9,21.0,62.3,Clear,31.3,False,None,
URB-10881,LOC-01,Patia Main Road,20.3533,85.8197,2026-08-02 21:33:47,136,0.58,22.9,131,58.5,105.4,502.0,18.5,68.4,Haze,59.7,False,None,
URB-10882,LOC-02,Jayadev Vihar,20.301,85.8239,2026-08-02 21:45:47,157,0.54,27.5,96,47.2,93.1,546.4,22.0,62.4,Partly Cloudy,49.7,False,None,
URB-10883,LOC-03,Saheed Nagar,20.2872,85.8415,2026-08-02 21:57:47,110,0.43,30.1,115,49.0,89.2,486.6,21.0,67.4,Clear,47.3,False,None,
URB-10884,LOC-04,Khandagiri,20.2588,85.7836,2026-08-02 22:22:47,39,0.18,37.0,60,27.4,48.9,438.3,20.6,68.1,Clear,24.2,False,None,
URB-10885,LOC-05,Vani Vihar,20.2974,85.8364,2026-08-02 22:35:47,34,0.13,31.8,39,17.7,41.1,418.4,19.2,82.2,Rain,21.1,False,None,
URB-10886,LOC-06,Bhubaneswar Railway Station,20.2657,85.8436,2026-08-02 22:43:47,77,0.34,49.7,88,43.5,73.8,456.5,19.3,62.3,Partly Cloudy,31.5,False,None,
URB-10887,LOC-07,Nandankanan Road,20.37,85.825,2026-08-02 23:04:47,62,0.28,27.8,78,40.8,69.3,464.3,16.6,71.0,Haze,36.0,False,None,
URB-10888,LOC-08,Kalarahanga Road,20.38,85.83,2026-08-02 23:18:47,32,0.12,42.4,43,22.0,35.1,412.8,17.2,90.8,Heavy Rain,16.1,False,None,
URB-10889,LOC-01,Patia Main Road,20.3533,85.8197,2026-08-02 23:27:47,70,0.27,33.1,81,39.7,75.8,448.5,19.0,83.7,Fog,33.4,False,None,
URB-10890,LOC-02,Jayadev Vihar,20.301,85.8239,2026-08-02 23:42:47,76,0.35,36.9,78,38.3,75.5,454.9,20.2,65.0,Clear,34.2,False,None,
URB-10891,LOC-03,Saheed Nagar,20.2872,85.8415,2026-08-03 00:03:47,58,0.26,24.6,64,27.3,52.3,427.8,18.3,92.1,Heavy Rain,34.3,False,None,
URB-10892,LOC-04,Khandagiri,20.2588,85.7836,2026-08-03 00:18:47,48,0.18,40.6,53,25.5,45.7,449.5,18.4,68.5,Clear,21.2,False,None,
URB-10893,LOC-05,Vani Vihar,20.2974,85.8364,2026-08-03 00:29:47,30,0.12,29.5,37,13.2,32.8,440.6,16.7,93.4,Heavy Rain,21.5,False,None,
URB-10894,LOC-06,Bhubaneswar Railway Station,20.2657,85.8436,2026-08-03 00:51:47,63,0.22,43.7,91,43.3,75.1,462.3,15.7,95.1,Fog,27.9,False,None,
URB-10895,LOC-07,Nandankanan Road,20.37,85.825,2026-08-03 00:57:47,49,0.17,41.1,64,25.4,51.4,453.5,17.2,64.6,Partly Cloudy,22.4,False,None,
URB-10896,LOC-08,Kalarahanga Road,20.38,85.83,2026-08-03 01:16:47,41,0.18,55.1,48,22.0,42.3,440.6,16.7,68.4,Clear,18.1,False,None,
URB-10897,LOC-01,Patia Main Road,20.3533,85.8197,2026-08-03 01:32:47,61,0.27,30.5,85,42.1,75.8,455.6,18.1,84.3,Fog,35.4,False,None,
URB-10898,LOC-02,Jayadev Vihar,20.301,85.8239,2026-08-03 01:52:47,74,0.34,25.3,73,29.1,56.5,448.0,13.9,98.0,Rain,38.7,False,None,
URB-10899,LOC-03,Saheed Nagar,20.2872,85.8415,2026-08-03 02:05:47,58,0.23,32.6,94,45.6,82.8,441.0,14.6,76.4,Haze,34.3,False,None,
URB-10900,LOC-04,Khandagiri,20.2588,85.7836,2026-08-03 02:13:47,53,0.24,37.9,61,24.7,52.6,462.6,16.7,72.3,Clear,26.3,False,None,
URB-10901,LOC-05,Vani Vihar,20.2974,85.8364,2026-08-03 02:36:47,32,0.13,28.4,38,21.1,47.6,411.6,16.4,94.5,Heavy Rain,22.7,False,None,
URB-10902,LOC-06,Bhubaneswar Railway Station,20.2657,85.8436,2026-08-03 02:47:47,79,0.33,42.0,108,45.4,82.2,484.4,15.5,67.5,Haze,36.1,False,None,
URB-10903,LOC-07,Nandankanan Road,20.37,85.825,2026-08-03 03:00:47,63,0.23,29.0,62,30.6,60.1,471.2,18.3,85.0,Heavy Rain,30.6,False,None,
URB-10904,LOC-08,Kalarahanga Road,20.38,85.83,2026-08-03 03:16:47,63,0.19,41.9,48,26.6,56.0,446.7,16.6,91.4,Rain,17.7,True,Traffic Bottleneck,Sudden vehicular surge of 63 vehicles/min exceeding corridor capacity.
URB-10905,LOC-01,Patia Main Road,20.3533,85.8197,2026-08-03 03:33:47,70,0.3,25.4,55,22.4,36.4,442.0,18.1,91.2,Rain,33.9,False,None,
URB-10906,LOC-02,Jayadev Vihar,20.301,85.8239,2026-08-03 03:50:47,85,0.33,24.4,77,39.6,75.2,473.8,17.3,85.2,Heavy Rain,39.5,False,None,
URB-10907,LOC-03,Saheed Nagar,20.2872,85.8415,2026-08-03 03:57:47,58,0.22,37.7,81,37.2,64.0,443.6,16.0,74.3,Clear,29.1,False,None,
URB-10908,LOC-04,Khandagiri,20.2588,85.7836,2026-08-03 04:21:47,40,0.18,34.1,68,31.7,60.9,425.8,17.6,87.4,Fog,27.1,False,None,
URB-10909,LOC-05,Vani Vihar,20.2974,85.8364,2026-08-03 04:28:47,28,0.11,42.1,46,19.9,35.6,436.1,17.2,72.6,Partly Cloudy,16.4,False,None,
URB-10910,LOC-06,Bhubaneswar Railway Station,20.2657,85.8436,2026-08-03 04:44:47,75,0.32,55.4,85,35.2,62.6,450.9,16.9,70.4,Clear,30.2,False,None,
URB-10911,LOC-07,Nandankanan Road,20.37,85.825,2026-08-03 05:01:47,56,0.25,25.6,59,29.2,49.7,462.1,20.2,87.2,Heavy Rain,32.5,False,None,
URB-10912,LOC-08,Kalarahanga Road,20.38,85.83,2026-08-03 05:20:47,33,0.15,63.5,55,21.0,35.8,426.3,19.3,61.1,Partly Cloudy,18.1,False,None,
URB-10913,LOC-01,Patia Main Road,20.3533,85.8197,2026-08-03 05:36:47,69,0.28,27.8,67,30.6,56.6,448.9,15.8,93.4,Heavy Rain,34.0,False,None,
URB-10914,LOC-02,Jayadev Vihar,20.301,85.8239,2026-08-03 05:44:47,81,0.29,25.1,65,30.3,53.7,451.1,19.2,88.5,Rain,35.4,False,None,
URB-10915,LOC-03,Saheed Nagar,20.2872,85.8415,2026-08-03 06:05:47,143,0.61,21.1,155,68.9,131.6,540.7,18.7,71.3,Haze,66.0,False,None,
URB-10916,LOC-04,Khandagiri,20.2588,85.7836,2026-08-03 06:22:47,130,0.54,26.6,80,36.7,68.3,515.5,20.9,60.9,Clear,47.3,False,None,
URB-10917,LOC-05,Vani Vihar,20.2974,85.8364,2026-08-03 06:34:47,64,0.27,24.1,49,23.0,45.6,453.3,20.1,82.0,Rain,32.3,False,None,
URB-10918,LOC-06,Bhubaneswar Railway Station,20.2657,85.8436,2026-08-03 06:42:47,176,0.73,23.5,111,54.7,106.1,542.8,18.2,88.0,Heavy Rain,61.9,False,None,
URB-10919,LOC-07,Nandankanan Road,20.37,85.825,2026-08-03 07:07:47,269,0.98,10.4,129,63.0,119.9,638.8,19.4,83.1,Heavy Rain,81.6,False,None,
URB-10920,LOC-08,Kalarahanga Road,20.38,85.83,2026-08-03 07:19:47,169,0.66,23.5,82,34.2,69.8,565.4,21.3,81.5,Rain,54.0,False,None,
URB-10921,LOC-01,Patia Main Road,20.3533,85.8197,2026-08-03 07:34:47,295,0.98,11.5,169,79.8,142.6,660.8,22.4,84.2,Fog,88.0,False,None,
URB-10922,LOC-02,Jayadev Vihar,20.301,85.8239,2026-08-03 07:48:47,346,0.98,9.3,131,59.4,105.2,705.8,19.0,87.9,Heavy Rain,82.5,False,None,
URB-10923,LOC-03,Saheed Nagar,20.2872,85.8415,2026-08-03 08:05:47,277,0.98,15.5,178,76.3,138.0,648.7,20.1,65.2,Partly Cloudy,87.6,False,None,
URB-10924,LOC-04,Khandagiri,20.2588,85.7836,2026-08-03 08:17:47,239,0.97,10.7,96,44.6,88.2,610.8,21.3,80.0,Rain,75.2,False,None,
URB-10925,LOC-05,Vani Vihar,20.2974,85.8364,2026-08-03 08:29:47,135,0.49,22.3,78,32.1,58.7,534.1,19.7,80.7,Rain,47.1,False,None,
URB-10926,LOC-06,Bhubaneswar Railway Station,20.2657,85.8436,2026-08-03 08:44:47,299,0.98,15.5,145,67.8,119.0,654.0,20.9,79.9,Rain,81.8,False,None,
URB-10927,LOC-07,Nandankanan Road,20.37,85.825,2026-08-03 09:01:47,231,0.93,16.3,125,61.4,107.0,612.2,21.2,65.6,Clear,75.9,False,None,
URB-10928,LOC-08,Kalarahanga Road,20.38,85.83,2026-08-03 09:18:47,207,0.92,24.5,109,46.0,92.3,578.3,24.8,55.8,Partly Cloudy,68.6,False,None,
URB-10929,LOC-01,Patia Main Road,20.3533,85.8197,2026-08-03 09:33:47,297,0.98,10.0,129,57.9,114.1,653.4,22.5,83.3,Rain,81.8,False,None,
URB-10930,LOC-02,Jayadev Vihar,20.301,85.8239,2026-08-03 09:47:47,381,0.98,12.2,229,100.1,179.8,718.9,24.9,77.1,Fog,93.1,False,None,
URB-10931,LOC-03,Saheed Nagar,20.2872,85.8415,2026-08-03 10:07:47,145,0.52,30.7,118,53.8,102.7,525.1,23.7,55.9,Clear,51.1,False,None,
URB-10932,LOC-04,Khandagiri,20.2588,85.7836,2026-08-03 10:15:47,159,0.59,25.4,97,43.7,73.7,531.6,23.3,58.3,Clear,52.9,False,None,
URB-10933,LOC-05,Vani Vihar,20.2974,85.8364,2026-08-03 10:35:47,97,0.37,24.7,64,34.7,58.7,475.2,26.0,76.1,Heavy Rain,38.6,False,None,
URB-10934,LOC-06,Bhubaneswar Railway Station,20.2657,85.8436,2026-08-03 10:43:47,186,0.64,25.9,93,46.7,86.5,547.3,23.5,83.4,Heavy Rain,53.9,False,None,
URB-10935,LOC-07,Nandankanan Road,20.37,85.825,2026-08-03 11:05:47,158,0.7,16.3,87,44.0,78.3,517.6,24.3,83.5,Heavy Rain,60.1,False,None,
URB-10936,LOC-08,Kalarahanga Road,20.38,85.83,2026-08-03 11:17:47,130,0.46,37.6,105,45.8,84.4,500.2,26.8,76.9,Fog,43.0,False,None,
URB-10937,LOC-01,Patia Main Road,20.3533,85.8197,2026-08-03 11:29:47,204,0.9,15.0,133,59.0,104.0,575.3,24.5,53.9,Partly Cloudy,76.8,False,None,
URB-10938,LOC-02,Jayadev Vihar,20.301,85.8239,2026-08-03 11:50:47,223,0.77,14.8,103,48.6,96.4,582.0,25.5,77.3,Heavy Rain,66.4,False,None,
URB-10939,LOC-03,Saheed Nagar,20.2872,85.8415,2026-08-03 12:03:47,182,0.7,20.5,150,69.4,121.5,576.2,27.5,75.2,Fog,69.0,False,None,
URB-10940,LOC-04,Khandagiri,20.2588,85.7836,2026-08-03 12:14:47,149,0.53,20.5,86,40.7,82.8,534.9,26.6,75.9,Rain,51.0,False,None,
URB-10941,LOC-05,Vani Vihar,20.2974,85.8364,2026-08-03 12:36:47,190,0.58,24.8,94,39.7,73.6,482.4,25.8,60.6,Haze,45.1,True,Traffic Bottleneck,Sudden vehicular surge of 190 vehicles/min exceeding corridor capacity.
URB-10942,LOC-06,Bhubaneswar Railway Station,20.2657,85.8436,2026-08-03 12:42:47,215,0.84,27.7,133,59.6,108.1,581.6,27.2,50.4,Partly Cloudy,68.0,False,None,
URB-10943,LOC-07,Nandankanan Road,20.37,85.825,2026-08-03 13:01:47,169,0.59,22.9,120,51.4,94.1,535.7,26.1,77.2,Fog,58.1,False,None,
URB-10944,LOC-08,Kalarahanga Road,20.38,85.83,2026-08-03 13:16:47,107,0.48,37.8,101,44.9,82.2,478.4,29.6,54.2,Haze,43.0,False,None,
URB-10945,LOC-01,Patia Main Road,20.3533,85.8197,2026-08-03 13:30:47,194,0.88,13.7,100,44.3,88.4,557.4,27.1,71.3,Heavy Rain,70.8,False,None,
URB-10946,LOC-02,Jayadev Vihar,20.301,85.8239,2026-08-03 13:50:47,245,0.84,17.7,130,60.8,119.0,614.6,25.5,58.7,Clear,72.5,False,None,
URB-10947,LOC-03,Saheed Nagar,20.2872,85.8415,2026-08-03 14:04:47,176,0.7,19.4,141,59.7,115.9,568.4,29.3,74.1,Fog,68.0,False,None,
URB-10948,LOC-04,Khandagiri,20.2588,85.7836,2026-08-03 14:14:47,125,0.55,25.6,92,40.2,80.1,505.2,29.1,49.5,Partly Cloudy,50.3,False,None,
URB-10949,LOC-05,Vani Vihar,20.2974,85.8364,2026-08-03 14:27:47,106,0.47,20.9,69,32.2,67.1,498.8,30.0,70.9,Rain,45.4,False,None,
URB-10950,LOC-06,Bhubaneswar Railway Station,20.2657,85.8436,2026-08-03 14:52:47,182,0.66,31.3,133,61.9,116.8,544.7,26.8,51.5,Haze,59.0,False,None,
URB-10951,LOC-07,Nandankanan Road,20.37,85.825,2026-08-03 15:07:47,201,0.91,13.4,152,65.3,126.5,578.3,25.9,55.8,Haze,81.3,False,None,
URB-10952,LOC-08,Kalarahanga Road,20.38,85.83,2026-08-03 15:13:47,133,0.48,43.9,80,35.7,60.5,533.3,29.1,54.2,Partly Cloudy,36.2,False,None,
URB-10953,LOC-01,Patia Main Road,20.3533,85.8197,2026-08-03 15:30:47,226,0.94,12.0,96,46.3,81.0,586.0,29.1,67.7,Rain,73.4,False,None,
URB-10954,LOC-02,Jayadev Vihar,20.301,85.8239,2026-08-03 15:47:47,214,0.78,15.8,101,46.3,87.0,574.7,26.8,76.8,Heavy Rain,66.0,False,None,
URB-10955,LOC-03,Saheed Nagar,20.2872,85.8415,2026-08-03 16:07:47,249,0.98,12.8,190,83.6,156.0,600.6,28.9,70.5,Fog,91.1,False,None,
URB-10956,LOC-04,Khandagiri,20.2588,85.7836,2026-08-03 16:22:47,344,0.99,13.4,99,43.1,79.6,585.5,28.7,67.9,Rain,69.2,True,Traffic Bottleneck,Sudden vehicular surge of 344 vehicles/min exceeding corridor capacity.
URB-10957,LOC-05,Vani Vihar,20.2974,85.8364,2026-08-03 16:35:47,150,0.6,22.0,120,53.2,92.3,522.9,27.5,55.3,Haze,59.0,False,None,
URB-10958,LOC-06,Bhubaneswar Railway Station,20.2657,85.8436,2026-08-03 16:42:47,312,0.98,21.0,163,71.2,123.5,659.8,29.3,49.1,Partly Cloudy,82.2,False,None,
URB-10959,LOC-07,Nandankanan Road,20.37,85.825,2026-08-03 17:04:47,277,0.98,11.8,168,78.4,140.6,657.7,25.0,76.2,Fog,87.7,False,None,
URB-10960,LOC-08,Kalarahanga Road,20.38,85.83,2026-08-03 17:15:47,161,0.63,29.5,109,48.1,90.5,543.0,26.7,71.6,Fog,54.5,False,None,
URB-10961,LOC-01,Patia Main Road,20.3533,85.8197,2026-08-03 17:35:47,351,0.98,13.1,154,73.2,128.9,717.4,27.7,49.0,Partly Cloudy,84.6,False,None,
URB-10962,LOC-02,Jayadev Vihar,20.301,85.8239,2026-08-03 17:48:47,350,0.98,13.3,188,85.0,158.9,696.9,25.3,53.9,Partly Cloudy,90.4,False,None,
URB-10963,LOC-03,Saheed Nagar,20.2872,85.8415,2026-08-03 18:05:47,210,0.75,14.2,116,52.0,95.6,586.0,24.5,75.4,Rain,68.2,False,None,
URB-10964,LOC-04,Khandagiri,20.2588,85.7836,2026-08-03 18:13:47,191,0.82,12.8,97,43.9,79.9,577.8,27.0,77.7,Heavy Rain,68.4,False,None,
URB-10965,LOC-05,Vani Vihar,20.2974,85.8364,2026-08-03 18:34:47,155,0.64,19.9,108,52.8,99.2,538.8,26.3,54.2,Haze,59.5,False,None,
URB-10966,LOC-06,Bhubaneswar Railway Station,20.2657,85.8436,2026-08-03 18:43:47,291,0.98,15.8,182,79.4,142.6,649.0,23.0,59.3,Haze,88.2,False,None,
URB-10967,LOC-07,Nandankanan Road,20.37,85.825,2026-08-03 19:04:47,248,0.98,13.2,138,61.6,116.9,614.1,23.6,55.7,Clear,81.8,False,None,
URB-10968,LOC-08,Kalarahanga Road,20.38,85.83,2026-08-03 19:18:47,164,0.58,38.7,100,45.2,77.2,550.1,21.1,64.9,Clear,46.4,False,None,
URB-10969,LOC-01,Patia Main Road,20.3533,85.8197,2026-08-03 19:37:47,315,0.98,14.0,159,71.2,134.9,673.4,23.4,58.3,Clear,85.0,False,None,
URB-10970,LOC-02,Jayadev Vihar,20.301,85.8239,2026-08-03 19:50:47,400,0.98,9.2,164,75.9,144.7,772.9,24.6,75.7,Heavy Rain,88.3,False,None,
URB-10971,LOC-03,Saheed Nagar,20.2872,85.8415,2026-08-03 20:04:47,110,0.64,7.4,85,41.0,80.3,476.0,22.5,79.9,Rain,48.9,True,Severe Gridlock,Critical speed drop to 7.4 km/h indicating major arterial blockade.
URB-10972,LOC-04,Khandagiri,20.2588,85.7836,2026-08-03 20:14:47,107,0.37,23.2,59,29.9,52.5,496.7,22.5,79.8,Rain,38.5,False,None,
URB-10973,LOC-05,Vani Vihar,20.2974,85.8364,2026-08-03 20:28:47,79,0.33,34.1,59,30.8,63.0,457.1,24.4,60.3,Partly Cloudy,31.5,False,None,
URB-10974,LOC-06,Bhubaneswar Railway Station,20.2657,85.8436,2026-08-03 20:50:47,163,0.57,32.4,154,69.1,134.1,527.6,24.4,79.8,Fog,58.5,False,None,
URB-10975,LOC-07,Nandankanan Road,20.37,85.825,2026-08-03 21:07:47,129,0.5,23.3,99,49.7,98.9,521.0,21.6,65.0,Haze,50.7,False,None,
URB-10976,LOC-08,Kalarahanga Road,20.38,85.83,2026-08-03 21:21:47,112,0.46,32.0,68,28.8,60.9,507.5,21.4,78.4,Rain,39.3,False,None,
URB-10977,LOC-01,Patia Main Road,20.3533,85.8197,2026-08-03 21:29:47,156,0.54,19.7,81,40.3,77.4,522.7,19.4,81.0,Rain,50.9,False,None,
URB-10978,LOC-02,Jayadev Vihar,20.301,85.8239,2026-08-03 21:49:47,201,0.84,14.5,157,73.9,137.2,564.9,21.5,80.0,Fog,78.8,False,None,
URB-10979,LOC-03,Saheed Nagar,20.2872,85.8415,2026-08-03 22:03:47,55,0.22,32.2,114,48.8,95.7,446.8,18.2,65.9,Haze,37.6,False,None,
URB-10980,LOC-04,Khandagiri,20.2588,85.7836,2026-08-03 22:20:47,41,0.16,33.3,70,37.3,63.4,438.3,19.4,61.7,Haze,27.0,False,None,
URB-10981,LOC-05,Vani Vihar,20.2974,85.8364,2026-08-03 22:35:47,28,0.12,29.4,40,19.6,36.5,418.9,17.3,89.9,Rain,22.1,False,None,
URB-10982,LOC-06,Bhubaneswar Railway Station,20.2657,85.8436,2026-08-03 22:46:47,73,0.33,41.4,94,42.3,74.3,462.2,18.4,91.9,Fog,34.0,False,None,
URB-10983,LOC-07,Nandankanan Road,20.37,85.825,2026-08-03 23:01:47,64,0.28,39.7,62,32.9,58.4,471.8,18.0,66.5,Partly Cloudy,27.2,False,None,
URB-10984,LOC-08,Kalarahanga Road,20.38,85.83,2026-08-03 23:22:47,41,0.17,58.8,50,22.5,46.9,437.3,17.8,68.6,Clear,18.1,False,None,
URB-10985,LOC-01,Patia Main Road,20.3533,85.8197,2026-08-03 23:34:47,73,0.26,35.3,69,36.1,65.7,462.0,16.9,69.3,Partly Cloudy,29.8,False,None,
URB-10986,LOC-02,Jayadev Vihar,20.301,85.8239,2026-08-03 23:48:47,67,0.23,25.7,66,29.8,49.0,459.7,17.8,84.1,Heavy Rain,32.9,False,None,
URB-10987,LOC-03,Saheed Nagar,20.2872,85.8415,2026-08-03 23:59:47,56,0.24,34.7,102,47.0,82.5,426.3,18.3,90.4,Fog,35.1,False,None,
URB-10988,LOC-04,Khandagiri,20.2588,85.7836,2026-08-04 00:19:47,50,0.18,28.2,45,16.6,33.5,448.5,15.3,88.4,Rain,26.0,False,None,
URB-10989,LOC-05,Vani Vihar,20.2974,85.8364,2026-08-04 00:37:47,29,0.11,33.0,62,32.6,67.3,419.6,17.5,91.8,Fog,23.8,False,None,
URB-10990,LOC-06,Bhubaneswar Railway Station,20.2657,85.8436,2026-08-04 00:43:47,73,0.31,49.9,88,45.2,89.6,461.5,16.7,68.8,Clear,30.3,False,None,
URB-10991,LOC-07,Nandankanan Road,20.37,85.825,2026-08-04 01:06:47,66,0.28,30.4,90,43.8,74.4,467.5,14.0,77.1,Haze,36.8,False,None,
URB-10992,LOC-08,Kalarahanga Road,20.38,85.83,2026-08-04 01:20:47,41,0.16,45.4,70,28.6,49.0,417.7,15.0,75.8,Haze,21.1,False,None,
URB-10993,LOC-01,Patia Main Road,20.3533,85.8197,2026-08-04 01:32:47,73,0.32,32.9,81,37.4,66.0,444.6,16.9,65.4,Partly Cloudy,35.5,False,None,
URB-10994,LOC-02,Jayadev Vihar,20.301,85.8239,2026-08-04 01:46:47,73,0.32,30.9,90,39.4,69.2,463.4,16.7,72.6,Haze,38.1,False,None,
URB-10995,LOC-03,Saheed Nagar,20.2872,85.8415,2026-08-04 02:02:47,49,0.22,30.1,98,47.5,90.9,444.5,15.9,70.5,Haze,35.9,False,None,
URB-10996,LOC-04,Khandagiri,20.2588,85.7836,2026-08-04 02:16:47,42,0.15,31.0,46,21.8,47.3,436.1,14.2,88.8,Heavy Rain,23.6,False,None,
URB-10997,LOC-05,Vani Vihar,20.2974,85.8364,2026-08-04 02:34:47,34,0.16,34.9,58,31.4,61.2,429.1,16.0,91.2,Fog,24.1,False,None,
URB-10998,LOC-06,Bhubaneswar Railway Station,20.2657,85.8436,2026-08-04 02:49:47,67,0.26,55.0,73,34.9,68.8,437.9,14.6,70.2,Partly Cloudy,25.7,False,None,
URB-10999,LOC-07,Nandankanan Road,20.37,85.825,2026-08-04 03:00:47,57,0.23,27.9,56,30.2,60.5,426.8,17.4,92.1,Rain,30.1,False,None,
URB-11000,LOC-08,Kalarahanga Road,20.38,85.83,2026-08-04 03:12:47,41,0.19,40.6,45,17.0,37.6,422.8,18.5,90.7,Heavy Rain,20.2,False,None,
URB-11001,LOC-01,Patia Main Road,20.3533,85.8197,2026-08-04 03:35:47,58,0.25,34.8,74,31.1,65.7,464.7,18.0,65.3,Partly Cloudy,30.6,False,None,
URB-11002,LOC-02,Jayadev Vihar,20.301,85.8239,2026-08-04 03:46:47,81,0.35,36.8,76,32.6,65.1,484.1,14.4,71.4,Clear,33.9,False,None,
URB-11003,LOC-03,Saheed Nagar,20.2872,85.8415,2026-08-04 03:58:47,60,0.21,34.5,106,44.7,84.3,431.9,16.1,90.3,Fog,34.7,False,None,
URB-11004,LOC-04,Khandagiri,20.2588,85.7836,2026-08-04 04:16:47,38,0.15,37.0,70,33.8,67.2,438.0,16.5,91.7,Fog,24.8,False,None,
URB-11005,LOC-05,Vani Vihar,20.2974,85.8364,2026-08-04 04:31:47,31,0.12,27.8,38,21.8,38.0,423.2,16.9,94.2,Heavy Rain,22.5,False,None,
URB-11006,LOC-06,Bhubaneswar Railway Station,20.2657,85.8436,2026-08-04 04:50:47,63,0.25,49.9,111,50.7,88.7,469.5,16.7,88.1,Fog,31.9,False,None,
URB-11007,LOC-07,Nandankanan Road,20.37,85.825,2026-08-04 05:03:47,53,0.24,31.5,83,41.0,72.0,448.2,18.0,64.8,Haze,33.4,False,None,
URB-11008,LOC-08,Kalarahanga Road,20.38,85.83,2026-08-04 05:17:47,39,0.16,53.3,60,27.0,46.2,418.5,18.6,85.3,Fog,19.4,False,None,
URB-11009,LOC-01,Patia Main Road,20.3533,85.8197,2026-08-04 05:37:47,60,0.24,37.2,66,28.3,60.0,452.8,17.3,71.3,Partly Cloudy,27.5,False,None,
URB-11010,LOC-02,Jayadev Vihar,20.301,85.8239,2026-08-04 05:47:47,70,0.3,37.9,82,33.0,68.5,450.6,16.8,70.4,Partly Cloudy,32.4,False,None,
URB-11011,LOC-03,Saheed Nagar,20.2872,85.8415,2026-08-04 06:03:47,137,0.49,21.1,99,43.1,85.1,509.3,20.6,81.1,Rain,86.4,True,Multi-Vector Urban Risk,Combined extreme congestion (49%) and high particulate pollution.
URB-11012,LOC-04,Khandagiri,20.2588,85.7836,2026-08-04 06:18:47,115,0.49,22.6,62,25.5,51.7,503.2,18.7,84.7,Rain,44.1,False,None,
URB-11013,LOC-05,Vani Vihar,20.2974,85.8364,2026-08-04 06:36:47,85,0.39,24.9,52,29.3,56.5,467.1,21.3,85.1,Heavy Rain,37.2,False,None,
URB-11014,LOC-06,Bhubaneswar Railway Station,20.2657,85.8436,2026-08-04 06:42:47,156,0.63,30.5,124,61.6,116.9,526.8,18.9,70.5,Haze,56.6,False,None,
URB-11015,LOC-07,Nandankanan Road,20.37,85.825,2026-08-04 06:59:47,225,0.68,23.6,103,47.7,85.2,500.9,19.4,88.5,Fog,50.0,True,Traffic Bottleneck,Sudden vehicular surge of 225 vehicles/min exceeding corridor capacity.
URB-11016,LOC-08,Kalarahanga Road,20.38,85.83,2026-08-04 07:17:47,211,0.83,21.1,91,43.7,84.2,572.3,20.3,84.2,Rain,63.6,False,None,
URB-11017,LOC-01,Patia Main Road,20.3533,85.8197,2026-08-04 07:27:47,264,0.98,13.8,154,70.4,122.0,632.1,18.2,68.0,Partly Cloudy,84.2,False,None,
URB-11018,LOC-02,Jayadev Vihar,20.301,85.8239,2026-08-04 07:42:47,400,0.98,12.1,214,93.2,171.1,746.3,19.6,81.3,Fog,93.2,False,None,
URB-11019,LOC-03,Saheed Nagar,20.2872,85.8415,2026-08-04 07:59:47,283,0.98,13.0,217,98.0,175.6,654.1,22.9,83.2,Fog,92.7,False,None,
URB-11020,LOC-04,Khandagiri,20.2588,85.7836,2026-08-04 08:14:47,207,0.75,18.4,156,75.1,136.2,579.5,23.4,62.3,Haze,73.1,False,None,
URB-11021,LOC-05,Vani Vihar,20.2974,85.8364,2026-08-04 08:36:47,120,0.44,22.1,63,28.9,57.0,493.4,20.6,85.8,Heavy Rain,42.6,False,None,
URB-11022,LOC-06,Bhubaneswar Railway Station,20.2657,85.8436,2026-08-04 08:51:47,364,0.98,14.9,292,135.0,124.9,710.2,20.2,82.8,Rain,81.2,True,Air Quality Hazard,"Hazardous particulate spike (AQI 292, PM2.5 135.0 µg/m³) detected near Bhubaneswar Railway Station."
URB-11023,LOC-07,Nandankanan Road,20.37,85.825,2026-08-04 09:05:47,312,0.98,9.8,125,55.0,108.0,665.0,22.1,79.9,Rain,81.2,False,None,
URB-11024,LOC-08,Kalarahanga Road,20.38,85.83,2026-08-04 09:17:47,162,0.73,31.4,101,48.8,88.5,554.2,22.9,60.1,Clear,56.2,False,None,
URB-11025,LOC-01,Patia Main Road,20.3533,85.8197,2026-08-04 09:33:47,273,0.98,15.0,150,64.7,122.8,624.4,21.9,66.3,Partly Cloudy,83.0,False,None,
URB-11026,LOC-02,Jayadev Vihar,20.301,85.8239,2026-08-04 09:49:47,367,0.98,11.6,217,96.2,169.8,712.9,26.0,59.0,Haze,93.4,False,None,
URB-11027,LOC-03,Saheed Nagar,20.2872,85.8415,2026-08-04 09:57:47,279,0.98,10.9,135,65.2,116.9,640.3,25.8,79.7,Heavy Rain,82.4,False,None,
URB-11028,LOC-04,Khandagiri,20.2588,85.7836,2026-08-04 10:13:47,153,0.59,22.3,114,48.7,86.4,550.8,23.9,60.6,Haze,57.4,False,None,
URB-11029,LOC-05,Vani Vihar,20.2974,85.8364,2026-08-04 10:29:47,84,0.36,30.1,83,37.1,68.0,453.0,26.5,78.9,Fog,38.9,False,None,
URB-11030,LOC-06,Bhubaneswar Railway Station,20.2657,85.8436,2026-08-04 10:44:47,246,0.98,21.4,129,55.7,102.7,628.8,23.4,63.7,Partly Cloudy,76.1,False,None,
URB-11031,LOC-07,Nandankanan Road,20.37,85.825,2026-08-04 11:07:47,205,0.76,14.6,86,43.4,86.8,590.8,25.4,80.8,Rain,63.1,False,None,
URB-11032,LOC-08,Kalarahanga Road,20.38,85.83,2026-08-04 11:18:47,133,0.48,33.8,95,48.4,89.1,508.6,24.9,76.8,Fog,43.9,False,None,
URB-11033,LOC-01,Patia Main Road,20.3533,85.8197,2026-08-04 11:35:47,177,0.73,16.3,85,40.8,73.9,546.8,26.1,79.9,Heavy Rain,60.9,False,None,
URB-11034,LOC-02,Jayadev Vihar,20.301,85.8239,2026-08-04 11:43:47,236,0.98,10.3,104,49.4,95.1,592.4,26.3,78.6,Heavy Rain,77.2,False,None,
URB-11035,LOC-03,Saheed Nagar,20.2872,85.8415,2026-08-04 12:01:47,146,0.54,22.3,151,69.1,128.0,532.8,26.3,80.3,Fog,61.9,False,None,
URB-11036,LOC-04,Khandagiri,20.2588,85.7836,2026-08-04 12:14:47,142,0.6,19.1,75,30.2,52.3,540.2,24.9,81.7,Rain,52.6,False,None,
URB-11037,LOC-05,Vani Vihar,20.2974,85.8364,2026-08-04 12:29:47,80,0.35,26.9,76,36.5,73.0,459.9,27.6,53.4,Haze,38.9,False,None,
URB-11038,LOC-06,Bhubaneswar Railway Station,20.2657,85.8436,2026-08-04 12:49:47,210,0.78,29.2,125,62.2,109.8,593.8,28.0,53.1,Partly Cloudy,63.5,False,None,
URB-11039,LOC-07,Nandankanan Road,20.37,85.825,2026-08-04 13:04:47,177,0.62,23.2,129,54.3,100.9,564.8,26.6,77.9,Fog,60.8,False,None,
URB-11040,LOC-08,Kalarahanga Road,20.38,85.83,2026-08-04 13:19:47,107,0.46,40.8,84,43.5,87.9,485.2,27.6,54.1,Clear,37.7,False,None,
URB-11041,LOC-01,Patia Main Road,20.3533,85.8197,2026-08-04 13:35:47,178,0.75,22.6,117,54.3,100.7,543.1,29.0,51.8,Partly Cloudy,64.2,False,None,
URB-11042,LOC-02,Jayadev Vihar,20.301,85.8239,2026-08-04 13:50:47,239,0.98,11.2,118,57.7,102.3,596.8,26.1,77.7,Rain,79.2,False,None,
URB-11043,LOC-03,Saheed Nagar,20.2872,85.8415,2026-08-04 13:59:47,194,0.8,18.0,157,75.7,145.8,560.7,30.1,74.3,Fog,75.5,False,None,
URB-11044,LOC-04,Khandagiri,20.2588,85.7836,2026-08-04 14:19:47,128,0.58,17.3,79,37.7,77.2,500.3,28.3,70.7,Rain,53.4,False,None,
URB-11045,LOC-05,Vani Vihar,20.2974,85.8364,2026-08-04 14:33:47,84,0.37,35.1,70,34.0,62.1,482.9,30.3,47.0,Partly Cloudy,34.5,False,None,
URB-11046,LOC-06,Bhubaneswar Railway Station,20.2657,85.8436,2026-08-04 14:47:47,194,0.88,23.2,129,56.1,98.1,565.7,29.1,52.2,Clear,71.2,False,None,
URB-11047,LOC-07,Nandankanan Road,20.37,85.825,2026-08-04 15:02:47,188,0.76,21.2,107,52.4,97.4,575.1,28.3,49.9,Clear,63.5,False,None,
URB-11048,LOC-08,Kalarahanga Road,20.38,85.83,2026-08-04 15:14:47,140,0.6,39.4,96,41.8,79.6,536.0,30.0,45.4,Clear,46.1,False,None,
URB-11049,LOC-01,Patia Main Road,20.3533,85.8197,2026-08-04 15:29:47,216,0.94,13.8,158,73.1,132.0,578.4,25.8,61.3,Haze,83.3,False,None,
URB-11050,LOC-02,Jayadev Vihar,20.301,85.8239,2026-08-04 15:52:47,263,0.98,10.0,129,56.8,101.0,637.2,29.6,68.4,Heavy Rain,81.8,False,None,
URB-11051,LOC-03,Saheed Nagar,20.2872,85.8415,2026-08-04 16:03:47,282,0.98,11.0,202,92.8,172.0,632.8,28.7,49.4,Haze,93.7,False,None,
URB-11052,LOC-04,Khandagiri,20.2588,85.7836,2026-08-04 16:19:47,227,0.93,13.6,136,65.6,122.7,614.1,28.0,68.4,Fog,79.2,False,None,
URB-11053,LOC-05,Vani Vihar,20.2974,85.8364,2026-08-04 16:28:47,166,0.61,26.2,99,40.9,78.3,552.8,27.7,56.6,Clear,53.6,False,None,
URB-11054,LOC-06,Bhubaneswar Railway Station,20.2657,85.8436,2026-08-04 16:49:47,361,0.98,17.0,251,111.1,197.7,732.1,28.4,71.7,Fog,90.7,False,None,
URB-11055,LOC-07,Nandankanan Road,20.37,85.825,2026-08-04 17:02:47,251,0.98,12.8,135,60.3,118.0,619.2,28.2,51.3,Clear,81.4,False,None,
URB-11056,LOC-08,Kalarahanga Road,20.38,85.83,2026-08-04 17:12:47,183,0.84,18.4,88,38.8,70.9,571.4,24.8,80.5,Rain,64.8,False,None,
URB-11057,LOC-01,Patia Main Road,20.3533,85.8197,2026-08-04 17:29:47,341,0.98,10.4,153,65.9,124.4,711.5,27.9,70.4,Heavy Rain,85.8,False,None,
URB-11058,LOC-02,Jayadev Vihar,20.301,85.8239,2026-08-04 17:47:47,354,0.98,11.7,235,110.7,205.6,704.2,27.3,72.6,Fog,93.3,False,None,
URB-11059,LOC-03,Saheed Nagar,20.2872,85.8415,2026-08-04 18:02:47,220,0.9,18.0,143,64.3,121.2,601.0,25.3,59.6,Clear,77.0,False,None,
URB-11060,LOC-04,Khandagiri,20.2588,85.7836,2026-08-04 18:13:47,227,0.98,11.8,145,70.5,123.5,589.8,26.1,56.2,Haze,83.7,False,None,
URB-11061,LOC-05,Vani Vihar,20.2974,85.8364,2026-08-04 18:31:47,147,0.51,27.1,113,49.6,91.7,525.0,22.7,81.4,Fog,51.6,False,None,
URB-11062,LOC-06,Bhubaneswar Railway Station,20.2657,85.8436,2026-08-04 18:45:47,362,0.98,21.7,197,89.5,162.7,706.6,24.0,63.6,Partly Cloudy,87.8,False,None,
URB-11063,LOC-07,Nandankanan Road,20.37,85.825,2026-08-04 19:06:47,262,0.98,14.4,142,67.0,130.3,635.9,25.5,61.5,Partly Cloudy,81.8,False,None,
URB-11064,LOC-08,Kalarahanga Road,20.38,85.83,2026-08-04 19:16:47,177,0.79,22.7,77,39.2,80.4,547.1,22.8,85.4,Heavy Rain,58.7,False,None,
URB-11065,LOC-01,Patia Main Road,20.3533,85.8197,2026-08-04 19:35:47,265,0.98,12.7,189,87.1,162.6,633.8,23.4,78.0,Fog,90.9,False,None,
URB-11066,LOC-02,Jayadev Vihar,20.301,85.8239,2026-08-04 19:52:47,394,0.98,11.5,243,106.0,200.7,763.1,23.4,79.3,Fog,98.5,True,Multi-Vector Urban Risk,Combined extreme congestion (98%) and high particulate pollution.
URB-11067,LOC-03,Saheed Nagar,20.2872,85.8415,2026-08-04 20:05:47,110,0.42,29.0,135,62.4,121.5,479.9,22.9,56.3,Haze,50.9,False,None,
URB-11068,LOC-04,Khandagiri,20.2588,85.7836,2026-08-04 20:21:47,110,0.47,20.1,70,30.5,53.4,489.8,22.8,78.9,Heavy Rain,46.0,False,None,
URB-11069,LOC-05,Vani Vihar,20.2974,85.8364,2026-08-04 20:35:47,65,0.26,27.5,52,23.0,38.2,446.1,19.5,86.8,Heavy Rain,30.8,False,None,
URB-11070,LOC-06,Bhubaneswar Railway Station,20.2657,85.8436,2026-08-04 20:51:47,167,0.71,34.2,106,45.5,86.6,535.3,22.5,63.8,Clear,54.9,False,None,
URB-11071,LOC-07,Nandankanan Road,20.37,85.825,2026-08-04 20:58:47,119,0.54,20.5,76,31.6,57.0,520.1,21.4,82.0,Rain,49.7,False,None,
URB-11072,LOC-08,Kalarahanga Road,20.38,85.83,2026-08-04 21:17:47,102,0.45,44.5,82,39.2,70.7,474.2,20.0,62.3,Partly Cloudy,35.1,False,None,
URB-11073,LOC-01,Patia Main Road,20.3533,85.8197,2026-08-04 21:35:47,131,0.54,22.1,88,40.9,68.7,495.3,19.8,82.0,Rain,51.0,False,None,
URB-11074,LOC-02,Jayadev Vihar,20.301,85.8239,2026-08-04 21:42:47,186,0.82,17.8,136,60.7,117.3,549.9,21.1,80.2,Fog,72.7,False,None,
URB-11075,LOC-03,Saheed Nagar,20.2872,85.8415,2026-08-04 22:06:47,55,0.25,27.8,78,31.4,52.1,459.7,17.4,85.4,Rain,34.8,False,None,
URB-11076,LOC-04,Khandagiri,20.2588,85.7836,2026-08-04 22:13:47,53,0.19,29.1,47,18.7,37.9,446.3,17.3,85.0,Rain,26.3,False,None,
URB-11077,LOC-05,Vani Vihar,20.2974,85.8364,2026-08-04 22:34:47,30,0.12,34.7,55,23.1,48.8,406.7,19.3,64.4,Haze,22.1,False,None,
URB-11078,LOC-06,Bhubaneswar Railway Station,20.2657,85.8436,2026-08-04 22:48:47,64,0.29,56.2,86,35.7,67.1,465.0,21.0,65.6,Clear,29.1,False,None,
URB-11079,LOC-07,Nandankanan Road,20.37,85.825,2026-08-04 23:02:47,58,0.25,31.7,73,36.5,65.1,457.5,18.5,85.1,Fog,31.9,False,None,
URB-11080,LOC-08,Kalarahanga Road,20.38,85.83,2026-08-04 23:18:47,37,0.15,41.8,44,23.7,42.0,421.2,17.7,87.3,Heavy Rain,17.8,False,None,
URB-11081,LOC-01,Patia Main Road,20.3533,85.8197,2026-08-04 23:27:47,71,0.34,10.0,86,37.8,63.8,474.6,19.0,87.2,Fog,36.1,True,Severe Gridlock,Critical speed drop to 10.0 km/h indicating major arterial blockade.
URB-11082,LOC-02,Jayadev Vihar,20.301,85.8239,2026-08-04 23:48:47,71,0.29,38.2,85,39.3,76.0,466.3,17.4,69.0,Partly Cloudy,32.4,False,None,
URB-11083,LOC-03,Saheed Nagar,20.2872,85.8415,2026-08-05 00:00:47,53,0.19,36.8,85,40.4,68.4,435.5,17.9,68.1,Clear,29.1,False,None,
URB-11084,LOC-04,Khandagiri,20.2588,85.7836,2026-08-05 00:13:47,38,0.14,31.1,50,22.2,47.5,442.5,19.2,91.1,Rain,23.8,False,None,
URB-11085,LOC-05,Vani Vihar,20.2974,85.8364,2026-08-05 00:29:47,27,0.11,38.0,58,24.1,51.6,416.2,17.2,92.8,Fog,20.5,False,None,
URB-11086,LOC-06,Bhubaneswar Railway Station,20.2657,85.8436,2026-08-05 00:46:47,72,0.28,37.0,69,33.1,64.0,450.9,18.8,90.0,Heavy Rain,29.8,False,None,
URB-11087,LOC-07,Nandankanan Road,20.37,85.825,2026-08-05 01:04:47,60,0.22,39.1,58,25.4,54.9,433.6,18.2,67.6,Partly Cloudy,24.4,False,None,
URB-11088,LOC-08,Kalarahanga Road,20.38,85.83,2026-08-05 01:22:47,45,0.17,49.0,62,32.1,66.0,426.9,16.6,66.2,Haze,20.1,False,None,
URB-11089,LOC-01,Patia Main Road,20.3533,85.8197,2026-08-05 01:35:47,57,0.23,24.7,57,22.5,45.9,445.5,14.3,88.9,Heavy Rain,31.8,False,None,
URB-11090,LOC-02,Jayadev Vihar,20.301,85.8239,2026-08-05 01:48:47,72,0.31,29.6,110,53.2,101.6,470.6,17.0,89.5,Fog,41.8,False,None,
URB-11091,LOC-03,Saheed Nagar,20.2872,85.8415,2026-08-05 01:57:47,50,0.23,40.9,80,33.5,59.7,434.0,14.7,74.4,Partly Cloudy,27.8,False,None,
URB-11092,LOC-04,Khandagiri,20.2588,85.7836,2026-08-05 02:14:47,41,0.17,33.3,71,33.5,57.5,446.8,13.8,71.8,Haze,27.6,False,None,
URB-11093,LOC-05,Vani Vihar,20.2974,85.8364,2026-08-05 02:27:47,32,0.12,41.5,46,18.1,29.1,428.5,14.3,77.9,Clear,17.1,False,None,
URB-11094,LOC-06,Bhubaneswar Railway Station,20.2657,85.8436,2026-08-05 02:48:47,69,0.3,54.1,82,33.6,65.2,441.9,14.6,74.4,Clear,28.9,False,None,
URB-11095,LOC-07,Nandankanan Road,20.37,85.825,2026-08-05 03:06:47,55,0.23,31.4,74,39.1,74.9,460.9,14.9,72.6,Haze,31.4,False,None,
URB-11096,LOC-08,Kalarahanga Road,20.38,85.83,2026-08-05 03:14:47,39,0.2,13.6,50,27.3,49.7,435.6,14.6,97.8,Heavy Rain,20.3,True,Severe Gridlock,Critical speed drop to 13.6 km/h indicating major arterial blockade.
URB-11097,LOC-01,Patia Main Road,20.3533,85.8197,2026-08-05 03:29:47,63,0.27,36.8,68,36.0,66.1,440.8,15.7,74.9,Clear,29.3,False,None,
URB-11098,LOC-02,Jayadev Vihar,20.301,85.8239,2026-08-05 03:49:47,86,0.34,23.9,66,32.8,62.6,479.0,14.4,93.7,Heavy Rain,38.2,False,None,
URB-11099,LOC-03,Saheed Nagar,20.2872,85.8415,2026-08-05 04:07:47,51,0.2,35.3,102,46.6,87.0,452.6,16.2,88.8,Fog,33.2,False,None,
URB-11100,LOC-04,Khandagiri,20.2588,85.7836,2026-08-05 04:21:47,39,0.14,29.5,42,19.3,40.1,416.4,16.2,90.9,Heavy Rain,23.2,False,None,
URB-11101,LOC-05,Vani Vihar,20.2974,85.8364,2026-08-05 04:37:47,28,0.12,41.7,42,19.0,36.2,406.4,16.3,73.4,Partly Cloudy,16.3,False,None,
URB-11102,LOC-06,Bhubaneswar Railway Station,20.2657,85.8436,2026-08-05 04:44:47,63,0.28,38.5,72,29.3,47.9,461.1,18.7,88.7,Heavy Rain,29.6,False,None,
URB-11103,LOC-07,Nandankanan Road,20.37,85.825,2026-08-05 04:57:47,64,0.24,29.1,59,26.2,55.8,440.7,15.1,89.5,Rain,30.4,False,None,
URB-11104,LOC-08,Kalarahanga Road,20.38,85.83,2026-08-05 05:19:47,37,0.13,40.9,41,15.6,36.7,440.4,16.1,94.7,Heavy Rain,16.9,False,None,
URB-11105,LOC-01,Patia Main Road,20.3533,85.8197,2026-08-05 05:35:47,67,0.28,29.4,101,50.5,87.4,469.2,16.5,86.4,Fog,74.2,True,Multi-Vector Urban Risk,Combined extreme congestion (28%) and high particulate pollution.
URB-11106,LOC-02,Jayadev Vihar,20.301,85.8239,2026-08-05 05:49:47,74,0.32,25.6,69,31.5,52.0,481.1,17.1,88.8,Heavy Rain,37.1,False,None,
URB-11107,LOC-03,Saheed Nagar,20.2872,85.8415,2026-08-05 06:07:47,123,0.47,23.5,140,68.2,119.4,500.5,17.4,90.1,Fog,56.5,False,None,
URB-11108,LOC-04,Khandagiri,20.2588,85.7836,2026-08-05 06:22:47,131,0.5,30.5,94,38.5,77.7,530.9,16.9,70.7,Partly Cloudy,46.2,False,None,
URB-11109,LOC-05,Vani Vihar,20.2974,85.8364,2026-08-05 06:29:47,82,0.3,24.5,60,23.5,40.9,469.6,21.1,83.2,Rain,35.2,False,None,
URB-11110,LOC-06,Bhubaneswar Railway Station,20.2657,85.8436,2026-08-05 06:49:47,273,0.84,30.6,84,42.5,85.4,541.7,19.8,83.6,Heavy Rain,47.6,True,Traffic Bottleneck,Sudden vehicular surge of 273 vehicles/min exceeding corridor capacity.
URB-11111,LOC-07,Nandankanan Road,20.37,85.825,2026-08-05 07:01:47,242,0.96,10.4,105,48.4,97.0,620.6,19.3,84.8,Heavy Rain,76.6,False,None,
URB-11112,LOC-08,Kalarahanga Road,20.38,85.83,2026-08-05 07:17:47,214,0.91,23.8,124,52.6,99.7,587.2,19.3,70.2,Partly Cloudy,71.2,False,None,
URB-11113,LOC-01,Patia Main Road,20.3533,85.8197,2026-08-05 07:35:47,254,0.9,17.5,139,60.9,105.9,613.3,18.8,62.4,Clear,76.6,False,None,
URB-11114,LOC-02,Jayadev Vihar,20.301,85.8239,2026-08-05 07:42:47,392,0.98,12.3,233,109.6,204.1,734.0,21.1,67.1,Haze,93.1,False,None,
URB-11115,LOC-03,Saheed Nagar,20.2872,85.8415,2026-08-05 07:58:47,271,0.98,14.8,139,66.5,118.2,622.1,18.4,71.9,Clear,81.1,False,None,
URB-11116,LOC-04,Khandagiri,20.2588,85.7836,2026-08-05 08:13:47,206,0.83,13.5,88,38.5,74.4,568.3,24.4,79.5,Heavy Rain,66.8,False,None,
URB-11117,LOC-05,Vani Vihar,20.2974,85.8364,2026-08-05 08:27:47,128,0.44,21.0,75,36.7,71.6,498.1,20.2,85.1,Heavy Rain,45.2,False,None,
URB-11118,LOC-06,Bhubaneswar Railway Station,20.2657,85.8436,2026-08-05 08:44:47,349,0.98,14.4,157,68.8,122.6,722.5,21.0,82.6,Rain,84.5,False,None,
URB-11119,LOC-07,Nandankanan Road,20.37,85.825,2026-08-05 09:00:47,225,0.98,12.5,150,72.5,126.4,588.8,21.9,77.8,Fog,84.2,False,None,
URB-11120,LOC-08,Kalarahanga Road,20.38,85.83,2026-08-05 09:18:47,197,0.88,24.7,115,56.9,107.9,591.4,24.4,56.6,Clear,68.0,False,None,
URB-11121,LOC-01,Patia Main Road,20.3533,85.8197,2026-08-05 09:28:47,279,0.98,11.9,194,86.4,165.5,655.8,23.5,79.7,Fog,92.2,False,None,
URB-11122,LOC-02,Jayadev Vihar,20.301,85.8239,2026-08-05 09:51:47,299,0.98,14.0,174,78.9,150.5,662.6,25.7,59.9,Partly Cloudy,87.7,False,None,
URB-11123,LOC-03,Saheed Nagar,20.2872,85.8415,2026-08-05 09:59:47,275,0.98,10.9,206,92.7,162.1,628.1,22.6,66.0,Haze,93.8,False,None,
URB-11124,LOC-04,Khandagiri,20.2588,85.7836,2026-08-05 10:22:47,129,0.59,24.9,79,36.5,63.1,491.8,24.9,55.4,Partly Cloudy,50.0,False,None,
URB-11125,LOC-05,Vani Vihar,20.2974,85.8364,2026-08-05 10:35:47,86,0.34,25.8,62,24.5,53.5,469.7,27.2,70.8,Rain,36.6,False,None,
URB-11126,LOC-06,Bhubaneswar Railway Station,20.2657,85.8436,2026-08-05 10:47:47,212,0.79,23.4,145,64.3,113.1,603.5,26.5,54.4,Haze,70.3,False,None,
URB-11127,LOC-07,Nandankanan Road,20.37,85.825,2026-08-05 11:07:47,176,0.62,20.0,141,63.1,123.1,544.7,27.4,77.0,Fog,64.5,False,None,
URB-11128,LOC-08,Kalarahanga Road,20.38,85.83,2026-08-05 11:19:47,120,0.44,31.3,75,39.5,77.9,492.3,28.1,71.0,Rain,40.1,False,None,
URB-11129,LOC-01,Patia Main Road,20.3533,85.8197,2026-08-05 11:36:47,216,0.97,11.4,111,52.0,100.8,600.7,26.6,79.2,Rain,77.5,False,None,
URB-11130,LOC-02,Jayadev Vihar,20.301,85.8239,2026-08-05 11:51:47,268,0.98,10.9,124,56.4,110.0,631.6,24.5,76.5,Heavy Rain,80.5,False,None,
URB-11131,LOC-03,Saheed Nagar,20.2872,85.8415,2026-08-05 12:01:47,166,0.72,23.6,109,47.5,90.0,535.4,25.4,60.4,Clear,61.1,False,None,
URB-11132,LOC-04,Khandagiri,20.2588,85.7836,2026-08-05 12:21:47,149,0.65,19.3,73,37.0,64.4,528.5,26.3,79.4,Heavy Rain,54.1,False,None,
URB-11133,LOC-05,Vani Vihar,20.2974,85.8364,2026-08-05 12:36:47,89,0.31,37.9,65,32.3,65.9,476.0,27.2,51.7,Clear,29.8,False,None,
URB-11134,LOC-06,Bhubaneswar Railway Station,20.2657,85.8436,2026-08-05 12:45:47,199,0.68,35.0,141,63.9,115.8,571.0,26.5,58.0,Partly Cloudy,59.4,False,None,
URB-11135,LOC-07,Nandankanan Road,20.37,85.825,2026-08-05 13:04:47,156,0.58,18.4,75,39.3,67.6,543.7,27.6,70.2,Rain,52.1,False,None,
URB-11136,LOC-08,Kalarahanga Road,20.38,85.83,2026-08-05 13:20:47,118,0.59,11.7,66,29.0,59.7,503.2,28.4,73.9,Heavy Rain,37.8,True,Severe Gridlock,Critical speed drop to 11.7 km/h indicating major arterial blockade.
URB-11137,LOC-01,Patia Main Road,20.3533,85.8197,2026-08-05 13:32:47,220,0.76,17.9,173,75.2,131.9,601.9,28.9,71.6,Fog,76.7,False,None,
URB-11138,LOC-02,Jayadev Vihar,20.301,85.8239,2026-08-05 13:45:47,257,0.98,13.7,143,65.6,122.7,622.8,29.0,51.4,Clear,82.4,False,None,
URB-11139,LOC-03,Saheed Nagar,20.2872,85.8415,2026-08-05 13:59:47,187,0.82,16.1,151,70.4,130.1,547.9,29.9,67.8,Fog,76.2,False,None,
URB-11140,LOC-04,Khandagiri,20.2588,85.7836,2026-08-05 14:15:47,123,0.59,7.3,67,33.7,65.7,491.8,29.9,70.2,Heavy Rain,44.2,True,Severe Gridlock,Critical speed drop to 7.3 km/h indicating major arterial blockade.
URB-11141,LOC-05,Vani Vihar,20.2974,85.8364,2026-08-05 14:34:47,101,0.43,31.8,71,28.0,55.9,467.5,28.4,49.5,Clear,38.7,False,None,
URB-11142,LOC-06,Bhubaneswar Railway Station,20.2657,85.8436,2026-08-05 14:47:47,243,0.87,20.4,167,76.7,140.7,615.1,30.1,72.3,Fog,78.8,False,None,
URB-11143,LOC-07,Nandankanan Road,20.37,85.825,2026-08-05 15:00:47,165,0.6,24.0,123,61.0,114.9,539.2,28.5,71.8,Fog,58.5,False,None,
URB-11144,LOC-08,Kalarahanga Road,20.38,85.83,2026-08-05 15:15:47,107,0.41,42.7,81,35.4,69.1,508.6,26.3,58.1,Partly Cloudy,34.2,False,None,
URB-11145,LOC-01,Patia Main Road,20.3533,85.8197,2026-08-05 15:36:47,193,0.67,17.6,99,43.6,76.7,571.4,29.7,68.0,Rain,60.3,False,None,
URB-11146,LOC-02,Jayadev Vihar,20.301,85.8239,2026-08-05 15:47:47,236,0.98,14.8,148,67.4,125.3,605.7,27.2,56.7,Partly Cloudy,82.7,False,None,
URB-11147,LOC-03,Saheed Nagar,20.2872,85.8415,2026-08-05 16:07:47,217,0.77,18.7,132,55.4,101.4,571.5,24.9,52.8,Partly Cloudy,69.6,False,None,
URB-11148,LOC-04,Khandagiri,20.2588,85.7836,2026-08-05 16:14:47,186,0.68,22.1,103,42.6,83.2,559.3,29.1,47.1,Clear,59.2,False,None,
URB-11149,LOC-05,Vani Vihar,20.2974,85.8364,2026-08-05 16:31:47,132,0.6,28.1,87,42.0,71.1,525.8,25.7,60.6,Partly Cloudy,50.2,False,None,
URB-11150,LOC-06,Bhubaneswar Railway Station,20.2657,85.8436,2026-08-05 16:49:47,268,0.94,21.1,142,66.9,122.6,651.0,27.6,54.2,Partly Cloudy,76.9,False,None,
URB-11151,LOC-07,Nandankanan Road,20.37,85.825,2026-08-05 16:59:47,230,0.97,13.1,137,63.4,109.8,601.9,28.8,50.9,Partly Cloudy,81.2,False,None,
URB-11152,LOC-08,Kalarahanga Road,20.38,85.83,2026-08-05 17:16:47,172,0.68,30.7,114,51.8,88.3,530.8,25.1,61.1,Haze,56.8,False,None,
URB-11153,LOC-01,Patia Main Road,20.3533,85.8197,2026-08-05 17:36:47,310,0.98,10.8,120,53.7,104.0,682.6,27.5,71.6,Heavy Rain,79.8,False,None,
URB-11154,LOC-02,Jayadev Vihar,20.301,85.8239,2026-08-05 17:47:47,403,0.98,12.1,245,110.0,207.8,750.5,26.9,53.7,Haze,93.2,False,None,
URB-11155,LOC-03,Saheed Nagar,20.2872,85.8415,2026-08-05 17:59:47,275,0.98,12.1,218,97.4,175.7,636.9,25.9,57.2,Haze,93.2,False,None,
URB-11156,LOC-04,Khandagiri,20.2588,85.7836,2026-08-05 18:20:47,194,0.67,20.3,138,66.4,116.9,584.0,25.6,57.6,Haze,65.8,False,None,
URB-11157,LOC-05,Vani Vihar,20.2974,85.8364,2026-08-05 18:29:47,159,0.62,27.1,92,43.2,76.6,553.3,27.5,54.2,Partly Cloudy,52.4,False,None,
URB-11158,LOC-06,Bhubaneswar Railway Station,20.2657,85.8436,2026-08-05 18:44:47,291,0.98,16.8,199,89.5,166.0,641.6,26.2,58.7,Haze,90.6,False,None,
URB-11159,LOC-07,Nandankanan Road,20.37,85.825,2026-08-05 19:06:47,293,0.98,11.2,128,61.1,115.7,647.7,24.3,75.1,Rain,81.0,False,None,
URB-11160,LOC-08,Kalarahanga Road,20.38,85.83,2026-08-05 19:20:47,185,0.83,28.3,95,45.1,90.5,553.8,24.8,55.8,Clear,60.7,False,None,
URB-11161,LOC-01,Patia Main Road,20.3533,85.8197,2026-08-05 19:27:47,283,0.98,5.3,134,65.7,123.2,656.9,21.4,62.4,Clear,80.1,True,Severe Gridlock,Critical speed drop to 5.3 km/h indicating major arterial blockade.
URB-11162,LOC-02,Jayadev Vihar,20.301,85.8239,2026-08-05 19:47:47,339,0.98,10.4,152,74.2,136.1,716.9,24.2,79.6,Heavy Rain,85.6,False,None,
URB-11163,LOC-03,Saheed Nagar,20.2872,85.8415,2026-08-05 20:01:47,129,0.56,24.4,151,73.4,137.4,521.9,21.6,63.5,Haze,61.6,False,None,
URB-11164,LOC-04,Khandagiri,20.2588,85.7836,2026-08-05 20:18:47,131,0.56,25.1,93,44.2,76.0,503.0,20.0,62.5,Clear,51.1,False,None,
URB-11165,LOC-05,Vani Vihar,20.2974,85.8364,2026-08-05 20:32:47,76,0.3,34.3,64,25.7,51.5,465.5,23.0,60.0,Partly Cloudy,31.1,False,None,
URB-11166,LOC-06,Bhubaneswar Railway Station,20.2657,85.8436,2026-08-05 20:52:47,190,0.75,30.9,135,63.3,109.7,564.5,23.0,59.4,Clear,63.2,False,None,
URB-11167,LOC-07,Nandankanan Road,20.37,85.825,2026-08-05 21:05:47,123,0.48,23.0,75,39.4,67.1,487.3,21.0,82.8,Heavy Rain,45.8,False,None,
URB-11168,LOC-08,Kalarahanga Road,20.38,85.83,2026-08-05 21:15:47,92,0.39,48.7,66,34.4,65.7,464.9,19.8,63.3,Clear,29.7,False,None,
URB-11169,LOC-01,Patia Main Road,20.3533,85.8197,2026-08-05 21:34:47,180,0.64,19.7,123,56.3,108.3,542.3,22.8,61.9,Haze,62.3,False,None,
URB-11170,LOC-02,Jayadev Vihar,20.301,85.8239,2026-08-05 21:50:47,174,0.71,18.9,126,53.6,104.6,532.9,20.1,66.9,Haze,66.0,False,None,
URB-11171,LOC-03,Saheed Nagar,20.2872,85.8415,2026-08-05 22:04:47,53,0.2,30.2,65,27.2,53.9,428.2,16.6,86.0,Heavy Rain,29.3,False,None,
URB-11172,LOC-04,Khandagiri,20.2588,85.7836,2026-08-05 22:20:47,46,0.21,28.5,45,19.3,40.9,439.7,17.1,84.7,Rain,27.0,False,None,
URB-11173,LOC-05,Vani Vihar,20.2974,85.8364,2026-08-05 22:32:47,30,0.1,42.1,49,21.2,36.8,412.6,19.2,64.2,Clear,16.5,False,None,
URB-11174,LOC-06,Bhubaneswar Railway Station,20.2657,85.8436,2026-08-05 22:45:47,71,0.28,49.3,88,36.3,70.3,445.8,19.3,67.3,Partly Cloudy,29.1,False,None,
URB-11175,LOC-07,Nandankanan Road,20.37,85.825,2026-08-05 22:59:47,56,0.26,33.7,64,34.2,69.0,432.0,19.6,64.7,Clear,29.8,False,None,
URB-11176,LOC-08,Kalarahanga Road,20.38,85.83,2026-08-05 23:18:47,44,0.19,51.0,56,29.9,60.0,441.5,19.9,64.1,Clear,19.9,False,None,
URB-11177,LOC-01,Patia Main Road,20.3533,85.8197,2026-08-05 23:36:47,73,0.3,31.8,98,44.4,75.4,447.0,18.3,85.4,Fog,38.2,False,None,
URB-11178,LOC-02,Jayadev Vihar,20.301,85.8239,2026-08-05 23:43:47,85,0.3,31.1,111,55.1,98.7,466.3,17.2,68.8,Haze,40.9,False,None,
URB-11179,LOC-03,Saheed Nagar,20.2872,85.8415,2026-08-06 00:02:47,60,0.24,26.9,74,36.1,69.0,459.3,18.5,88.1,Rain,34.1,False,None,
URB-11180,LOC-04,Khandagiri,20.2588,85.7836,2026-08-06 00:14:47,44,0.19,30.8,49,27.4,57.4,435.9,17.4,84.5,Heavy Rain,25.8,False,None,
URB-11181,LOC-05,Vani Vihar,20.2974,85.8364,2026-08-06 00:30:47,34,0.13,27.9,38,19.9,35.0,413.3,19.2,83.1,Rain,22.9,False,None,
URB-11182,LOC-06,Bhubaneswar Railway Station,20.2657,85.8436,2026-08-06 00:52:47,60,0.25,48.2,103,49.5,92.4,461.1,17.7,65.3,Haze,30.5,False,None,
URB-11183,LOC-07,Nandankanan Road,20.37,85.825,2026-08-06 01:04:47,57,0.2,34.4,81,35.8,72.7,438.0,14.9,93.6,Fog,30.0,False,None,
URB-11184,LOC-08,Kalarahanga Road,20.38,85.83,2026-08-06 01:17:47,38,0.16,62.7,47,18.4,33.8,427.6,15.4,69.4,Partly Cloudy,17.1,False,None,
URB-11185,LOC-01,Patia Main Road,20.3533,85.8197,2026-08-06 01:33:47,55,0.24,35.6,74,34.4,63.2,444.3,18.4,67.9,Clear,29.7,False,None,
URB-11186,LOC-02,Jayadev Vihar,20.301,85.8239,2026-08-06 01:48:47,87,0.36,28.5,100,49.0,84.0,468.8,14.3,70.4,Haze,42.6,False,None,
URB-11187,LOC-03,Saheed Nagar,20.2872,85.8415,2026-08-06 02:01:47,54,0.2,40.9,93,43.5,73.4,460.6,16.9,66.7,Clear,28.8,False,None,
URB-11188,LOC-04,Khandagiri,20.2588,85.7836,2026-08-06 02:21:47,43,0.17,31.9,71,36.4,62.8,438.4,16.4,68.1,Haze,28.3,False,None,
URB-11189,LOC-05,Vani Vihar,20.2974,85.8364,2026-08-06 02:32:47,27,0.12,40.3,46,22.8,50.7,421.0,13.6,71.2,Partly Cloudy,17.7,False,None,
URB-11190,LOC-06,Bhubaneswar Railway Station,20.2657,85.8436,2026-08-06 02:43:47,62,0.24,51.3,75,29.8,58.7,455.2,18.0,72.2,Clear,25.2,False,None,
URB-11191,LOC-07,Nandankanan Road,20.37,85.825,2026-08-06 03:06:47,56,0.27,10.4,58,30.6,61.3,441.7,15.9,87.7,Heavy Rain,28.7,True,Severe Gridlock,Critical speed drop to 10.4 km/h indicating major arterial blockade.
URB-11192,LOC-08,Kalarahanga Road,20.38,85.83,2026-08-06 03:15:47,39,0.17,48.9,71,34.0,61.8,423.0,16.2,71.9,Haze,21.7,False,None,
URB-11193,LOC-01,Patia Main Road,20.3533,85.8197,2026-08-06 03:36:47,68,0.24,31.2,95,47.7,86.6,444.9,15.5,69.5,Haze,35.6,False,None,
URB-11194,LOC-02,Jayadev Vihar,20.301,85.8239,2026-08-06 03:42:47,86,0.32,30.9,100,44.8,83.0,470.5,17.7,67.3,Haze,39.9,False,None,
URB-11195,LOC-03,Saheed Nagar,20.2872,85.8415,2026-08-06 04:03:47,52,0.2,36.9,78,37.0,69.4,458.3,15.6,68.2,Clear,28.2,False,None,
URB-11196,LOC-04,Khandagiri,20.2588,85.7836,2026-08-06 04:15:47,54,0.21,40.4,62,24.4,40.1,427.2,18.9,62.6,Clear,24.1,False,None,
URB-11197,LOC-05,Vani Vihar,20.2974,85.8364,2026-08-06 04:34:47,28,0.12,39.4,47,19.5,31.5,436.8,15.4,70.0,Partly Cloudy,18.3,False,None,
URB-11198,LOC-06,Bhubaneswar Railway Station,20.2657,85.8436,2026-08-06 04:52:47,60,0.24,50.0,91,44.1,75.4,464.8,15.5,74.8,Haze,28.0,False,None,
URB-11199,LOC-07,Nandankanan Road,20.37,85.825,2026-08-06 04:59:47,50,0.2,34.6,72,28.5,59.1,448.9,15.1,96.7,Fog,28.3,False,None,
URB-11200,LOC-08,Kalarahanga Road,20.38,85.83,2026-08-06 05:20:47,39,0.17,56.0,49,24.1,43.9,416.8,17.6,72.1,Clear,17.9,False,None,
URB-11201,LOC-01,Patia Main Road,20.3533,85.8197,2026-08-06 05:34:47,63,0.27,38.1,79,32.9,58.5,438.2,18.3,63.0,Partly Cloudy,30.6,False,None,
URB-11202,LOC-02,Jayadev Vihar,20.301,85.8239,2026-08-06 05:49:47,81,0.33,30.7,103,50.2,94.0,483.5,17.6,70.1,Haze,40.9,False,None,
URB-11203,LOC-03,Saheed Nagar,20.2872,85.8415,2026-08-06 06:03:47,131,0.51,20.8,96,42.9,76.7,512.9,20.5,81.3,Rain,51.8,False,None,
URB-11204,LOC-04,Khandagiri,20.2588,85.7836,2026-08-06 06:18:47,108,0.42,22.0,68,28.1,58.6,480.1,16.6,89.5,Heavy Rain,42.7,False,None,
URB-11205,LOC-05,Vani Vihar,20.2974,85.8364,2026-08-06 06:29:47,81,0.31,27.8,79,38.7,70.2,483.9,21.0,61.0,Haze,37.3,False,None,
URB-11206,LOC-06,Bhubaneswar Railway Station,20.2657,85.8436,2026-08-06 06:44:47,191,0.71,21.9,101,50.5,99.2,572.5,17.0,88.2,Heavy Rain,60.1,False,None,
URB-11207,LOC-07,Nandankanan Road,20.37,85.825,2026-08-06 06:58:47,129,0.57,23.2,97,43.0,77.1,492.7,21.4,86.4,Fog,53.2,False,None,
URB-11208,LOC-08,Kalarahanga Road,20.38,85.83,2026-08-06 07:12:47,163,0.69,32.1,84,37.8,75.0,522.7,19.0,66.7,Clear,51.2,False,None,
URB-11209,LOC-01,Patia Main Road,20.3533,85.8197,2026-08-06 07:36:47,282,0.98,10.2,132,55.8,107.1,633.7,20.1,84.7,Rain,82.2,False,None,
URB-11210,LOC-02,Jayadev Vihar,20.301,85.8239,2026-08-06 07:51:47,302,0.98,13.1,207,91.8,162.4,661.9,21.3,82.4,Fog,92.7,False,None,
URB-11211,LOC-03,Saheed Nagar,20.2872,85.8415,2026-08-06 07:58:47,243,0.94,11.9,189,85.2,160.7,605.8,22.7,77.9,Fog,89.7,False,None,
URB-11212,LOC-04,Khandagiri,20.2588,85.7836,2026-08-06 08:20:47,201,0.9,12.7,137,58.3,107.0,558.5,23.8,77.0,Fog,78.6,False,None,
URB-11213,LOC-05,Vani Vihar,20.2974,85.8364,2026-08-06 08:37:47,124,0.52,21.9,66,35.3,67.2,500.3,23.1,79.1,Heavy Rain,46.4,False,None,
URB-11214,LOC-06,Bhubaneswar Railway Station,20.2657,85.8436,2026-08-06 08:47:47,339,0.98,17.9,235,109.5,195.8,713.5,22.4,63.2,Haze,90.2,False,None,
URB-11215,LOC-07,Nandankanan Road,20.37,85.825,2026-08-06 09:03:47,249,0.98,9.8,113,54.9,97.7,638.0,26.0,71.5,Heavy Rain,79.1,False,None,
URB-11216,LOC-08,Kalarahanga Road,20.38,85.83,2026-08-06 09:20:47,207,0.76,33.2,112,50.0,96.1,579.9,21.8,58.3,Partly Cloudy,58.4,False,None,
URB-11217,LOC-01,Patia Main Road,20.3533,85.8197,2026-08-06 09:32:47,260,0.93,11.3,130,58.9,113.2,646.1,21.4,81.0,Rain,79.3,False,None,
URB-11218,LOC-02,Jayadev Vihar,20.301,85.8239,2026-08-06 09:49:47,335,0.98,13.6,165,72.4,131.8,696.0,26.0,60.3,Clear,86.3,False,None,
URB-11219,LOC-03,Saheed Nagar,20.2872,85.8415,2026-08-06 10:00:47,186,0.71,19.6,146,69.1,121.6,566.1,26.8,70.8,Fog,69.2,False,None,
URB-11220,LOC-04,Khandagiri,20.2588,85.7836,2026-08-06 10:13:47,153,0.7,17.6,113,53.7,104.1,519.8,23.2,65.0,Haze,64.0,False,None,
URB-11221,LOC-05,Vani Vihar,20.2974,85.8364,2026-08-06 10:36:47,80,0.36,32.5,64,33.0,57.3,448.6,25.4,61.8,Clear,34.4,False,None,
URB-11222,LOC-06,Bhubaneswar Railway Station,20.2657,85.8436,2026-08-06 10:48:47,185,0.76,22.4,92,43.5,77.2,562.5,26.7,72.8,Heavy Rain,60.3,False,None,
URB-11223,LOC-07,Nandankanan Road,20.37,85.825,2026-08-06 11:05:47,180,0.66,23.2,104,47.3,94.4,552.7,25.4,53.5,Clear,58.0,False,None,
URB-11224,LOC-08,Kalarahanga Road,20.38,85.83,2026-08-06 11:22:47,239,0.77,37.7,101,46.1,88.5,530.1,28.0,54.7,Haze,45.0,True,Traffic Bottleneck,Sudden vehicular surge of 239 vehicles/min exceeding corridor capacity.
URB-11225,LOC-01,Patia Main Road,20.3533,85.8197,2026-08-06 11:36:47,178,0.82,17.7,106,46.1,85.2,564.1,25.2,55.5,Clear,67.5,False,None,
URB-11226,LOC-02,Jayadev Vihar,20.301,85.8239,2026-08-06 11:52:47,272,0.98,12.2,164,71.4,126.4,657.3,24.8,57.5,Haze,86.8,False,None,
URB-11227,LOC-03,Saheed Nagar,20.2872,85.8415,2026-08-06 11:57:47,162,0.71,16.2,102,50.1,96.4,559.5,27.7,77.1,Rain,63.1,False,None,
URB-11228,LOC-04,Khandagiri,20.2588,85.7836,2026-08-06 12:22:47,169,0.73,17.0,79,32.5,66.6,534.5,29.0,68.1,Rain,59.5,False,None,
URB-11229,LOC-05,Vani Vihar,20.2974,85.8364,2026-08-06 12:27:47,87,0.36,36.7,71,34.3,67.4,489.6,28.3,51.7,Partly Cloudy,33.5,False,None,
URB-11230,LOC-06,Bhubaneswar Railway Station,20.2657,85.8436,2026-08-06 12:47:47,177,0.7,25.4,104,50.2,92.9,554.3,25.8,74.6,Rain,58.5,False,None,
URB-11231,LOC-07,Nandankanan Road,20.37,85.825,2026-08-06 13:05:47,187,0.77,17.4,143,65.8,121.5,581.3,29.3,70.6,Fog,72.1,False,None,
URB-11232,LOC-08,Kalarahanga Road,20.38,85.83,2026-08-06 13:12:47,116,0.45,32.9,75,38.9,74.2,511.1,27.7,77.2,Rain,39.7,False,None,
URB-11233,LOC-01,Patia Main Road,20.3533,85.8197,2026-08-06 13:32:47,183,0.68,21.6,144,64.7,111.5,573.8,29.4,72.6,Fog,66.6,False,None,
URB-11234,LOC-02,Jayadev Vihar,20.301,85.8239,2026-08-06 13:45:47,215,0.73,14.4,118,58.5,100.5,571.5,29.3,71.4,Heavy Rain,67.6,False,None,
URB-11235,LOC-03,Saheed Nagar,20.2872,85.8415,2026-08-06 14:07:47,184,0.77,14.9,117,57.2,111.8,563.8,28.2,73.2,Rain,68.8,False,None,
URB-11236,LOC-04,Khandagiri,20.2588,85.7836,2026-08-06 14:17:47,148,0.54,29.0,81,33.7,66.9,511.4,28.7,56.4,Partly Cloudy,46.3,False,None,
URB-11237,LOC-05,Vani Vihar,20.2974,85.8364,2026-08-06 14:37:47,101,0.39,25.5,66,28.8,55.0,474.1,26.3,71.5,Rain,39.4,False,None,
URB-11238,LOC-06,Bhubaneswar Railway Station,20.2657,85.8436,2026-08-06 14:43:47,249,0.98,21.9,152,73.8,142.3,599.2,26.7,57.7,Clear,79.9,False,None,
URB-11239,LOC-07,Nandankanan Road,20.37,85.825,2026-08-06 15:04:47,157,0.68,17.9,78,31.9,64.3,534.9,25.9,77.8,Rain,56.9,False,None,
URB-11240,LOC-08,Kalarahanga Road,20.38,85.83,2026-08-06 15:18:47,125,0.46,39.8,75,30.4,51.9,524.1,29.3,54.0,Partly Cloudy,36.6,False,None,
URB-11241,LOC-01,Patia Main Road,20.3533,85.8197,2026-08-06 15:35:47,201,0.91,16.8,116,56.3,108.0,557.1,29.6,53.5,Partly Cloudy,73.3,False,None,
URB-11242,LOC-02,Jayadev Vihar,20.301,85.8239,2026-08-06 15:44:47,246,0.98,14.4,150,72.8,137.8,624.3,30.2,52.1,Partly Cloudy,83.2,False,None,
URB-11243,LOC-03,Saheed Nagar,20.2872,85.8415,2026-08-06 16:04:47,238,0.91,12.7,110,52.1,94.4,590.7,25.6,77.3,Heavy Rain,74.3,False,None,
URB-11244,LOC-04,Khandagiri,20.2588,85.7836,2026-08-06 16:12:47,247,0.87,13.5,98,45.0,90.9,621.1,27.5,69.9,Rain,70.2,False,None,
URB-11245,LOC-05,Vani Vihar,20.2974,85.8364,2026-08-06 16:32:47,149,0.51,30.9,83,41.9,71.2,521.8,26.3,58.8,Clear,44.5,False,None,
URB-11246,LOC-06,Bhubaneswar Railway Station,20.2657,85.8436,2026-08-06 16:44:47,294,0.98,16.1,200,86.8,155.9,653.2,26.8,50.5,Haze,91.2,False,None,
URB-11247,LOC-07,Nandankanan Road,20.37,85.825,2026-08-06 16:57:47,315,0.98,14.7,166,74.3,130.2,693.3,29.4,51.9,Clear,85.9,False,None,
URB-11248,LOC-08,Kalarahanga Road,20.38,85.83,2026-08-06 17:17:47,210,0.76,20.6,103,47.9,89.3,596.0,24.9,75.4,Rain,63.1,False,None,
URB-11249,LOC-01,Patia Main Road,20.3533,85.8197,2026-08-06 17:35:47,342,0.98,13.0,231,103.1,193.7,709.1,24.2,77.7,Fog,92.7,False,None,
URB-11250,LOC-02,Jayadev Vihar,20.301,85.8239,2026-08-06 17:47:47,384,0.98,9.3,141,67.5,122.6,758.4,23.8,83.2,Rain,84.2,False,None,
URB-11251,LOC-03,Saheed Nagar,20.2872,85.8415,2026-08-06 17:59:47,291,0.98,11.4,217,94.7,177.6,650.3,24.7,82.1,Fog,93.5,False,None,
URB-11252,LOC-04,Khandagiri,20.2588,85.7836,2026-08-06 18:14:47,237,0.98,14.6,134,62.1,117.7,597.8,24.5,60.1,Partly Cloudy,80.4,False,None,
URB-11253,LOC-05,Vani Vihar,20.2974,85.8364,2026-08-06 18:34:47,130,0.51,25.2,92,47.1,86.0,507.5,26.6,73.0,Fog,48.9,False,None,
URB-11254,LOC-06,Bhubaneswar Railway Station,20.2657,85.8436,2026-08-06 18:46:47,334,0.98,21.3,156,72.1,136.0,685.8,25.5,51.8,Partly Cloudy,80.8,False,None,
URB-11255,LOC-07,Nandankanan Road,20.37,85.825,2026-08-06 19:06:47,299,0.98,15.5,137,58.1,100.7,654.1,24.6,55.4,Partly Cloudy,80.4,False,None,
URB-11256,LOC-08,Kalarahanga Road,20.38,85.83,2026-08-06 19:15:47,215,0.88,18.5,88,37.7,65.0,597.2,25.2,72.3,Rain,66.3,False,None,
URB-11257,LOC-01,Patia Main Road,20.3533,85.8197,2026-08-06 19:28:47,286,0.98,10.5,130,56.6,102.2,659.6,23.3,77.1,Rain,81.7,False,None,
URB-11258,LOC-02,Jayadev Vihar,20.301,85.8239,2026-08-06 19:52:47,353,0.98,14.0,186,88.0,164.6,702.8,23.2,56.8,Partly Cloudy,89.8,False,None,
URB-11259,LOC-03,Saheed Nagar,20.2872,85.8415,2026-08-06 20:00:47,113,0.42,21.9,94,39.0,72.0,483.8,23.3,79.8,Heavy Rain,47.3,False,None,
URB-11260,LOC-04,Khandagiri,20.2588,85.7836,2026-08-06 20:15:47,101,0.45,23.7,64,26.1,53.7,504.4,20.8,83.6,Heavy Rain,42.4,False,None,
URB-11261,LOC-05,Vani Vihar,20.2974,85.8364,2026-08-06 20:33:47,86,0.35,34.9,61,24.4,51.9,458.2,20.8,62.5,Partly Cloudy,32.2,False,None,
URB-11262,LOC-06,Bhubaneswar Railway Station,20.2657,85.8436,2026-08-06 20:46:47,160,0.56,36.7,131,64.5,125.1,523.3,24.0,56.5,Haze,52.0,False,None,
URB-11263,LOC-07,Nandankanan Road,20.37,85.825,2026-08-06 21:06:47,159,0.66,22.5,268,123.3,109.2,518.2,22.7,79.2,Fog,62.4,True,Air Quality Hazard,"Hazardous particulate spike (AQI 268, PM2.5 123.3 µg/m³) detected near Nandankanan Road."
URB-11264,LOC-08,Kalarahanga Road,20.38,85.83,2026-08-06 21:14:47,103,0.44,44.3,73,37.3,71.2,495.5,19.3,63.0,Clear,33.2,False,None,
URB-11265,LOC-01,Patia Main Road,20.3533,85.8197,2026-08-06 21:28:47,155,0.56,18.7,81,35.8,62.9,516.3,19.6,85.3,Heavy Rain,52.2,False,None,
URB-11266,LOC-02,Jayadev Vihar,20.301,85.8239,2026-08-06 21:42:47,156,0.64,19.6,135,64.1,111.9,531.8,18.2,67.4,Haze,64.4,False,None,
URB-11267,LOC-03,Saheed Nagar,20.2872,85.8415,2026-08-06 22:05:47,57,0.21,26.1,73,30.1,53.4,441.1,16.7,85.1,Heavy Rain,33.1,False,None,
URB-11268,LOC-04,Khandagiri,20.2588,85.7836,2026-08-06 22:19:47,40,0.18,40.2,57,31.0,54.4,414.7,17.8,69.3,Partly Cloudy,22.1,False,None,
URB-11269,LOC-05,Vani Vihar,20.2974,85.8364,2026-08-06 22:31:47,27,0.12,36.6,62,32.8,55.5,436.3,18.9,91.6,Fog,22.3,False,None,
URB-11270,LOC-06,Bhubaneswar Railway Station,20.2657,85.8436,2026-08-06 22:45:47,62,0.31,15.6,87,36.1,69.4,445.1,18.8,88.8,Fog,27.5,True,Severe Gridlock,Critical speed drop to 15.6 km/h indicating major arterial blockade.
URB-11271,LOC-07,Nandankanan Road,20.37,85.825,2026-08-06 23:00:47,63,0.23,34.3,61,24.1,45.1,438.9,19.4,62.9,Partly Cloudy,27.7,False,None,
URB-11272,LOC-08,Kalarahanga Road,20.38,85.83,2026-08-06 23:12:47,42,0.18,55.3,53,26.7,55.6,443.1,19.1,69.7,Clear,19.0,False,None,
URB-11273,LOC-01,Patia Main Road,20.3533,85.8197,2026-08-06 23:33:47,57,0.2,36.2,64,25.5,47.1,460.0,17.4,64.7,Clear,26.1,False,None,
URB-11274,LOC-02,Jayadev Vihar,20.301,85.8239,2026-08-06 23:44:47,80,0.34,26.6,76,36.1,64.9,468.2,19.8,86.2,Rain,38.6,False,None,
URB-11275,LOC-03,Saheed Nagar,20.2872,85.8415,2026-08-07 00:06:47,56,0.2,32.6,100,47.1,93.7,432.3,18.5,86.7,Fog,34.2,False,None,
URB-11276,LOC-04,Khandagiri,20.2588,85.7836,2026-08-07 00:12:47,45,0.17,39.9,60,32.0,56.0,452.6,18.7,63.1,Partly Cloudy,22.4,False,None,
URB-11277,LOC-05,Vani Vihar,20.2974,85.8364,2026-08-07 00:28:47,30,0.13,35.3,59,24.9,41.7,431.5,15.0,92.7,Fog,22.9,False,None,
URB-11278,LOC-06,Bhubaneswar Railway Station,20.2657,85.8436,2026-08-07 00:50:47,69,0.24,46.3,95,44.2,87.0,440.4,16.9,85.6,Fog,28.7,False,None,
URB-11279,LOC-07,Nandankanan Road,20.37,85.825,2026-08-07 01:04:47,50,0.22,39.6,59,28.9,48.2,423.6,14.4,72.8,Partly Cloudy,24.3,False,None,
URB-11280,LOC-08,Kalarahanga Road,20.38,85.83,2026-08-07 01:19:47,41,0.25,19.1,55,21.0,44.9,413.2,13.8,69.6,Partly Cloudy,19.7,True,Severe Gridlock,Critical speed drop to 19.1 km/h indicating major arterial blockade.
URB-11281,LOC-01,Patia Main Road,20.3533,85.8197,2026-08-07 01:29:47,71,0.29,27.9,98,45.5,82.5,446.5,18.5,63.2,Haze,39.8,False,None,
URB-11282,LOC-02,Jayadev Vihar,20.301,85.8239,2026-08-07 01:51:47,80,0.37,32.1,77,33.6,57.9,473.9,17.7,68.5,Clear,37.2,False,None,
URB-11283,LOC-03,Saheed Nagar,20.2872,85.8415,2026-08-07 01:59:47,56,0.23,30.7,114,50.2,94.7,446.3,17.5,85.3,Fog,38.8,False,None,
URB-11284,LOC-04,Khandagiri,20.2588,85.7836,2026-08-07 02:18:47,39,0.15,26.3,44,19.3,34.9,434.1,13.5,92.4,Heavy Rain,25.5,False,None,
URB-11285,LOC-05,Vani Vihar,20.2974,85.8364,2026-08-07 02:35:47,30,0.12,30.1,36,15.4,32.6,411.4,14.2,91.4,Rain,21.0,False,None,
URB-11286,LOC-06,Bhubaneswar Railway Station,20.2657,85.8436,2026-08-07 02:44:47,65,0.22,48.7,98,48.7,91.0,458.5,13.8,91.4,Fog,28.4,False,None,
URB-11287,LOC-07,Nandankanan Road,20.37,85.825,2026-08-07 02:57:47,62,0.28,32.9,87,44.4,87.9,451.8,14.1,89.5,Fog,35.0,False,None,
URB-11288,LOC-08,Kalarahanga Road,20.38,85.83,2026-08-07 03:20:47,44,0.2,58.6,56,26.7,50.2,425.1,17.4,73.5,Clear,20.3,False,None,
URB-11289,LOC-01,Patia Main Road,20.3533,85.8197,2026-08-07 03:30:47,57,0.24,29.8,90,37.9,69.2,452.2,15.7,88.9,Fog,35.5,False,None,
URB-11290,LOC-02,Jayadev Vihar,20.301,85.8239,2026-08-07 03:44:47,77,0.32,31.1,98,47.3,85.7,460.6,14.5,90.7,Fog,39.4,False,None,
URB-11291,LOC-03,Saheed Nagar,20.2872,85.8415,2026-08-07 04:05:47,48,0.18,29.9,65,35.1,64.0,421.5,18.7,90.2,Heavy Rain,28.6,False,None,
URB-11292,LOC-04,Khandagiri,20.2588,85.7836,2026-08-07 04:17:47,52,0.18,27.8,52,22.3,49.5,431.0,17.7,86.8,Rain,27.4,False,None,
URB-11293,LOC-05,Vani Vihar,20.2974,85.8364,2026-08-07 04:27:47,26,0.1,34.9,60,28.1,59.4,409.6,15.8,72.1,Haze,22.1,False,None,
URB-11294,LOC-06,Bhubaneswar Railway Station,20.2657,85.8436,2026-08-07 04:43:47,62,0.26,38.4,61,29.6,58.7,464.0,15.7,93.7,Rain,26.9,False,None,
URB-11295,LOC-07,Nandankanan Road,20.37,85.825,2026-08-07 05:02:47,53,0.22,41.8,68,34.8,60.6,434.4,16.3,67.7,Clear,24.8,False,None,
URB-11296,LOC-08,Kalarahanga Road,20.38,85.83,2026-08-07 05:21:47,44,0.16,43.5,49,22.6,42.7,446.9,19.3,82.0,Rain,18.2,False,None,
URB-11297,LOC-01,Patia Main Road,20.3533,85.8197,2026-08-07 05:28:47,54,0.25,29.9,77,37.1,76.8,427.3,18.7,86.9,Fog,68.5,True,Multi-Vector Urban Risk,Combined extreme congestion (25%) and high particulate pollution.
URB-11298,LOC-02,Jayadev Vihar,20.301,85.8239,2026-08-07 05:42:47,64,0.22,34.0,106,44.7,89.9,463.1,17.7,73.1,Haze,35.4,False,None,
URB-11299,LOC-03,Saheed Nagar,20.2872,85.8415,2026-08-07 06:05:47,146,0.65,18.8,128,54.7,105.1,513.8,20.6,69.1,Haze,64.0,False,None,
URB-11300,LOC-04,Khandagiri,20.2588,85.7836,2026-08-07 06:14:47,114,0.39,28.9,106,51.9,97.4,491.0,19.7,85.4,Fog,44.7,False,None,
URB-11301,LOC-05,Vani Vihar,20.2974,85.8364,2026-08-07 06:33:47,83,0.35,33.2,58,28.1,57.7,474.1,18.2,71.6,Clear,32.5,False,None,
URB-11302,LOC-06,Bhubaneswar Railway Station,20.2657,85.8436,2026-08-07 06:52:47,153,0.62,29.6,140,66.6,121.0,528.6,18.9,90.0,Fog,59.5,False,None,
URB-11303,LOC-07,Nandankanan Road,20.37,85.825,2026-08-07 06:59:47,144,0.58,24.4,84,43.1,83.0,522.7,18.2,66.9,Partly Cloudy,50.7,False,None,
URB-11304,LOC-08,Kalarahanga Road,20.38,85.83,2026-08-07 07:16:47,187,0.73,33.4,100,45.9,83.6,576.5,21.1,66.1,Partly Cloudy,55.0,False,None,
URB-11305,LOC-01,Patia Main Road,20.3533,85.8197,2026-08-07 07:27:47,324,0.98,11.1,187,90.1,165.0,697.8,18.0,83.4,Fog,91.4,False,None,
URB-11306,LOC-02,Jayadev Vihar,20.301,85.8239,2026-08-07 07:48:47,401,0.98,10.9,155,73.2,128.3,737.0,18.7,86.5,Heavy Rain,85.9,False,None,
URB-11307,LOC-03,Saheed Nagar,20.2872,85.8415,2026-08-07 08:00:47,288,0.98,10.8,139,67.0,122.0,654.6,20.4,85.1,Rain,83.1,False,None,
URB-11308,LOC-04,Khandagiri,20.2588,85.7836,2026-08-07 08:14:47,198,0.8,16.0,151,64.0,118.1,583.2,19.7,82.9,Fog,75.4,False,None,
URB-11309,LOC-05,Vani Vihar,20.2974,85.8364,2026-08-07 08:30:47,133,0.53,21.1,62,26.2,47.8,516.7,24.0,75.4,Rain,46.5,False,None,
URB-11310,LOC-06,Bhubaneswar Railway Station,20.2657,85.8436,2026-08-07 08:42:47,339,0.98,21.2,177,82.7,155.9,704.3,19.7,64.1,Clear,84.6,False,None,
URB-11311,LOC-07,Nandankanan Road,20.37,85.825,2026-08-07 08:59:47,290,0.98,13.4,146,71.1,129.3,668.3,21.5,63.7,Clear,83.0,False,None,
URB-11312,LOC-08,Kalarahanga Road,20.38,85.83,2026-08-07 09:18:47,173,0.7,28.8,138,62.7,121.2,554.7,24.7,59.7,Haze,62.8,False,None,
URB-11313,LOC-01,Patia Main Road,20.3533,85.8197,2026-08-07 09:35:47,312,0.98,10.3,141,68.3,126.5,661.7,23.9,77.1,Rain,83.7,False,None,
URB-11314,LOC-02,Jayadev Vihar,20.301,85.8239,2026-08-07 09:45:47,402,0.98,15.1,205,92.5,170.0,769.1,22.2,64.5,Partly Cloudy,91.7,False,None,
URB-11315,LOC-03,Saheed Nagar,20.2872,85.8415,2026-08-07 09:57:47,264,0.9,12.1,130,63.4,118.7,618.8,24.3,78.1,Heavy Rain,77.7,False,None,
URB-11316,LOC-04,Khandagiri,20.2588,85.7836,2026-08-07 10:15:47,149,0.68,16.1,87,41.7,83.5,533.4,24.1,80.5,Rain,59.4,False,None,
URB-11317,LOC-05,Vani Vihar,20.2974,85.8364,2026-08-07 10:37:47,104,0.46,28.4,99,41.7,72.2,501.7,27.0,79.1,Fog,46.5,False,None,
URB-11318,LOC-06,Bhubaneswar Railway Station,20.2657,85.8436,2026-08-07 10:51:47,202,0.82,21.3,112,50.7,90.3,562.7,25.5,75.3,Heavy Rain,66.8,False,None,
URB-11319,LOC-07,Nandankanan Road,20.37,85.825,2026-08-07 11:03:47,172,0.67,18.6,127,59.9,113.1,563.0,23.8,79.1,Fog,64.7,False,None,
URB-11320,LOC-08,Kalarahanga Road,20.38,85.83,2026-08-07 11:15:47,116,0.44,41.5,96,40.7,77.1,484.2,28.0,75.8,Fog,38.7,False,None,
URB-11321,LOC-01,Patia Main Road,20.3533,85.8197,2026-08-07 11:35:47,211,0.73,14.4,92,45.9,84.1,603.3,26.1,73.1,Rain,63.1,False,None,
URB-11322,LOC-02,Jayadev Vihar,20.301,85.8239,2026-08-07 11:48:47,277,0.98,15.5,138,64.2,122.9,639.8,24.8,53.6,Clear,80.6,False,None,
URB-11323,LOC-03,Saheed Nagar,20.2872,85.8415,2026-08-07 11:57:47,194,0.75,19.5,119,56.9,98.2,575.5,24.1,60.1,Clear,66.1,False,None,
URB-11324,LOC-04,Khandagiri,20.2588,85.7836,2026-08-07 12:14:47,147,0.65,22.7,112,52.8,94.1,533.0,27.8,48.8,Haze,59.2,False,None,
URB-11325,LOC-05,Vani Vihar,20.2974,85.8364,2026-08-07 12:34:47,99,0.38,21.7,64,28.9,49.0,501.8,29.1,73.6,Heavy Rain,40.5,False,None,
URB-11326,LOC-06,Bhubaneswar Railway Station,20.2657,85.8436,2026-08-07 12:42:47,236,0.98,17.3,155,67.4,126.8,612.4,27.1,73.2,Fog,82.7,False,None,
URB-11327,LOC-07,Nandankanan Road,20.37,85.825,2026-08-07 13:01:47,174,0.7,23.1,96,48.6,96.8,534.3,26.3,52.6,Clear,58.2,False,None,
URB-11328,LOC-08,Kalarahanga Road,20.38,85.83,2026-08-07 13:14:47,117,0.53,37.7,86,43.7,76.1,502.1,25.7,51.6,Partly Cloudy,42.4,False,None,
URB-11329,LOC-01,Patia Main Road,20.3533,85.8197,2026-08-07 13:36:47,168,0.59,27.7,97,44.6,83.9,535.7,27.9,54.8,Partly Cloudy,51.7,False,None,
URB-11330,LOC-02,Jayadev Vihar,20.301,85.8239,2026-08-07 13:43:47,213,0.74,22.4,140,67.6,121.5,578.6,26.6,50.6,Partly Cloudy,67.9,False,None,
URB-11331,LOC-03,Saheed Nagar,20.2872,85.8415,2026-08-07 14:03:47,169,0.77,13.7,97,42.2,72.5,538.1,30.5,66.6,Rain,65.9,False,None,
URB-11332,LOC-04,Khandagiri,20.2588,85.7836,2026-08-07 14:13:47,166,0.71,22.6,106,50.1,98.4,544.9,30.1,45.6,Partly Cloudy,60.6,False,None,
URB-11333,LOC-05,Vani Vihar,20.2974,85.8364,2026-08-07 14:36:47,106,0.37,26.6,92,44.7,82.8,491.2,30.4,66.1,Fog,42.6,False,None,
URB-11334,LOC-06,Bhubaneswar Railway Station,20.2657,85.8436,2026-08-07 14:51:47,194,0.76,23.3,115,49.5,94.3,584.6,28.2,76.5,Heavy Rain,63.9,False,None,
URB-11335,LOC-07,Nandankanan Road,20.37,85.825,2026-08-07 14:57:47,163,0.7,18.0,88,39.9,77.0,522.6,29.4,71.8,Rain,59.4,False,None,
URB-11336,LOC-08,Kalarahanga Road,20.38,85.83,2026-08-07 15:19:47,132,0.51,32.7,157,69.7,60.2,503.2,27.3,76.8,Heavy Rain,40.4,True,Air Quality Hazard,"Hazardous particulate spike (AQI 157, PM2.5 69.7 µg/m³) detected near Kalarahanga Road."
URB-11337,LOC-01,Patia Main Road,20.3533,85.8197,2026-08-07 15:28:47,226,0.82,16.7,166,77.3,134.4,591.5,26.1,60.8,Haze,78.5,False,None,
URB-11338,LOC-02,Jayadev Vihar,20.301,85.8239,2026-08-07 15:49:47,251,0.98,13.1,125,58.0,104.3,603.8,28.6,56.5,Clear,79.5,False,None,
URB-11339,LOC-03,Saheed Nagar,20.2872,85.8415,2026-08-07 16:04:47,293,0.98,12.1,211,98.8,185.9,666.0,25.9,77.4,Fog,93.2,False,None,
URB-11340,LOC-04,Khandagiri,20.2588,85.7836,2026-08-07 16:14:47,246,0.98,15.4,124,59.0,112.0,624.1,25.8,59.7,Clear,78.2,False,None,
URB-11341,LOC-05,Vani Vihar,20.2974,85.8364,2026-08-07 16:31:47,125,0.56,22.5,103,45.2,83.1,516.9,27.3,55.3,Haze,54.2,False,None,
URB-11342,LOC-06,Bhubaneswar Railway Station,20.2657,85.8436,2026-08-07 16:49:47,342,0.98,19.8,170,74.5,140.6,690.0,29.2,50.2,Clear,84.0,False,None,
URB-11343,LOC-07,Nandankanan Road,20.37,85.825,2026-08-07 16:57:47,266,0.98,11.0,168,77.7,142.2,639.0,28.3,74.2,Fog,88.1,False,None,
URB-11344,LOC-08,Kalarahanga Road,20.38,85.83,2026-08-07 17:21:47,212,0.85,23.4,142,64.8,122.9,572.0,27.9,71.4,Fog,72.1,False,None,
URB-11345,LOC-01,Patia Main Road,20.3533,85.8197,2026-08-07 17:35:47,323,0.98,10.5,143,69.2,129.5,693.0,27.7,72.1,Rain,84.0,False,None,
URB-11346,LOC-02,Jayadev Vihar,20.301,85.8239,2026-08-07 17:48:47,382,0.98,10.1,171,74.7,140.7,720.3,27.1,71.0,Heavy Rain,89.1,False,None,
URB-11347,LOC-03,Saheed Nagar,20.2872,85.8415,2026-08-07 18:01:47,226,0.91,11.7,125,54.1,96.1,594.2,23.2,83.5,Rain,77.4,False,None,
URB-11348,LOC-04,Khandagiri,20.2588,85.7836,2026-08-07 18:22:47,237,0.98,12.7,156,75.2,138.9,621.5,23.6,84.0,Fog,85.2,False,None,
URB-11349,LOC-05,Vani Vihar,20.2974,85.8364,2026-08-07 18:33:47,132,0.56,29.6,89,37.8,77.2,501.3,26.3,57.8,Partly Cloudy,48.2,False,None,
URB-11350,LOC-06,Bhubaneswar Railway Station,20.2657,85.8436,2026-08-07 18:51:47,310,0.98,21.9,159,69.8,135.5,662.9,25.1,60.2,Partly Cloudy,81.1,False,None,
URB-11351,LOC-07,Nandankanan Road,20.37,85.825,2026-08-07 19:05:47,260,0.98,13.1,180,80.2,148.5,628.6,22.4,60.3,Haze,89.2,False,None,
URB-11352,LOC-08,Kalarahanga Road,20.38,85.83,2026-08-07 19:22:47,206,0.76,20.6,94,44.1,88.3,585.5,21.7,84.2,Rain,61.5,False,None,
URB-11353,LOC-01,Patia Main Road,20.3533,85.8197,2026-08-07 19:34:47,302,0.98,12.1,171,81.3,144.5,675.0,24.0,76.7,Fog,88.1,False,None,
URB-11354,LOC-02,Jayadev Vihar,20.301,85.8239,2026-08-07 19:47:47,349,0.98,9.8,161,76.6,140.0,693.4,24.7,76.6,Rain,87.5,False,None,
URB-11355,LOC-03,Saheed Nagar,20.2872,85.8415,2026-08-07 20:05:47,119,0.47,32.3,114,54.3,102.4,483.9,24.3,56.2,Clear,47.6,False,None,
URB-11356,LOC-04,Khandagiri,20.2588,85.7836,2026-08-07 20:13:47,123,0.44,30.4,84,39.4,75.0,506.9,24.5,60.2,Clear,42.1,False,None,
URB-11357,LOC-05,Vani Vihar,20.2974,85.8364,2026-08-07 20:34:47,68,0.24,40.0,55,22.1,39.7,457.3,23.8,57.8,Clear,24.2,False,None,
URB-11358,LOC-06,Bhubaneswar Railway Station,20.2657,85.8436,2026-08-07 20:48:47,140,0.53,31.0,88,38.6,67.0,521.3,23.5,79.2,Heavy Rain,46.1,False,None,
URB-11359,LOC-07,Nandankanan Road,20.37,85.825,2026-08-07 21:02:47,131,0.56,24.0,123,59.3,106.5,514.6,19.6,86.5,Fog,56.9,False,None,
URB-11360,LOC-08,Kalarahanga Road,20.38,85.83,2026-08-07 21:21:47,85,0.3,40.4,58,25.4,42.8,487.9,22.8,83.9,Rain,26.9,False,None,
URB-11361,LOC-01,Patia Main Road,20.3533,85.8197,2026-08-07 21:27:47,138,0.52,29.4,91,43.4,85.5,522.7,22.3,57.3,Clear,47.0,False,None,
URB-11362,LOC-02,Jayadev Vihar,20.301,85.8239,2026-08-07 21:43:47,205,0.71,14.7,108,50.2,88.1,573.1,18.1,84.9,Rain,64.9,False,None,
URB-11363,LOC-03,Saheed Nagar,20.2872,85.8415,2026-08-07 22:01:47,60,0.24,26.3,73,37.4,77.2,452.5,21.5,82.7,Rain,34.2,False,None,
URB-11364,LOC-04,Khandagiri,20.2588,85.7836,2026-08-07 22:19:47,51,0.22,31.0,80,41.8,80.8,437.4,20.2,61.0,Haze,32.3,False,None,
URB-11365,LOC-05,Vani Vihar,20.2974,85.8364,2026-08-07 22:31:47,35,0.12,38.9,44,17.1,38.3,439.0,20.0,68.1,Partly Cloudy,18.1,False,None,
URB-11366,LOC-06,Bhubaneswar Railway Station,20.2657,85.8436,2026-08-07 22:51:47,76,0.32,51.7,92,42.6,77.9,468.4,16.8,72.2,Partly Cloudy,31.4,False,None,
URB-11367,LOC-07,Nandankanan Road,20.37,85.825,2026-08-07 23:00:47,58,0.22,32.6,83,35.1,60.9,457.9,17.3,71.1,Haze,32.0,False,None,
URB-11368,LOC-08,Kalarahanga Road,20.38,85.83,2026-08-07 23:19:47,36,0.16,42.1,44,16.1,26.1,418.0,15.9,87.7,Rain,18.1,False,None,
URB-11369,LOC-01,Patia Main Road,20.3533,85.8197,2026-08-07 23:37:47,63,0.28,31.1,83,37.7,64.7,460.9,17.2,69.7,Haze,35.2,False,None,
URB-11370,LOC-02,Jayadev Vihar,20.301,85.8239,2026-08-07 23:43:47,80,0.29,27.3,77,40.2,81.3,476.1,19.9,86.7,Heavy Rain,36.4,False,None,
URB-11371,LOC-03,Saheed Nagar,20.2872,85.8415,2026-08-07 23:59:47,55,0.22,38.9,89,44.0,84.1,454.1,19.7,70.0,Partly Cloudy,29.9,False,None,
URB-11372,LOC-04,Khandagiri,20.2588,85.7836,2026-08-08 00:22:47,42,0.17,27.0,44,21.6,47.3,419.5,17.6,90.6,Rain,26.0,False,None,
URB-11373,LOC-05,Vani Vihar,20.2974,85.8364,2026-08-08 00:35:47,28,0.13,11.0,36,16.1,27.7,418.7,18.0,87.9,Rain,19.6,True,Severe Gridlock,Critical speed drop to 11.0 km/h indicating major arterial blockade.
URB-11374,LOC-06,Bhubaneswar Railway Station,20.2657,85.8436,2026-08-08 00:46:47,69,0.31,36.6,167,76.4,69.3,465.7,14.9,96.6,Rain,31.5,True,Air Quality Hazard,"Hazardous particulate spike (AQI 167, PM2.5 76.4 µg/m³) detected near Bhubaneswar Railway Station."
URB-11375,LOC-07,Nandankanan Road,20.37,85.825,2026-08-08 01:04:47,50,0.19,40.3,64,26.9,54.0,443.8,17.5,72.9,Clear,23.7,False,None,
URB-11376,LOC-08,Kalarahanga Road,20.38,85.83,2026-08-08 01:14:47,45,0.2,47.7,75,31.1,56.4,420.7,13.8,96.1,Fog,23.6,False,None,
URB-11377,LOC-01,Patia Main Road,20.3533,85.8197,2026-08-08 01:27:47,57,0.2,29.9,91,41.6,77.4,456.7,16.1,94.0,Fog,34.0,False,None,
URB-11378,LOC-02,Jayadev Vihar,20.301,85.8239,2026-08-08 01:49:47,80,0.34,25.8,65,30.6,63.9,482.1,17.0,88.1,Rain,37.1,False,None,
URB-11379,LOC-03,Saheed Nagar,20.2872,85.8415,2026-08-08 01:57:47,44,0.2,36.7,86,37.9,70.1,430.1,14.1,74.6,Partly Cloudy,29.7,False,None,
URB-11380,LOC-04,Khandagiri,20.2588,85.7836,2026-08-08 02:14:47,52,0.21,41.7,54,29.6,62.4,425.5,17.4,70.3,Partly Cloudy,22.0,False,None,
URB-11381,LOC-05,Vani Vihar,20.2974,85.8364,2026-08-08 02:37:47,26,0.09,40.3,49,27.2,52.6,433.1,16.1,66.4,Clear,17.0,False,None,
URB-11382,LOC-06,Bhubaneswar Railway Station,20.2657,85.8436,2026-08-08 02:43:47,72,0.29,52.9,86,35.9,62.0,444.4,15.5,73.1,Partly Cloudy,29.1,False,None,
URB-11383,LOC-07,Nandankanan Road,20.37,85.825,2026-08-08 03:04:47,56,0.23,24.8,48,21.6,35.8,449.6,17.4,84.8,Heavy Rain,30.2,False,None,
URB-11384,LOC-08,Kalarahanga Road,20.38,85.83,2026-08-08 03:13:47,42,0.17,50.8,75,31.7,61.4,439.3,18.3,90.1,Fog,22.4,False,None,
URB-11385,LOC-01,Patia Main Road,20.3533,85.8197,2026-08-08 03:27:47,66,0.26,25.6,67,34.3,68.4,455.8,17.0,89.1,Rain,34.3,False,None,
URB-11386,LOC-02,Jayadev Vihar,20.301,85.8239,2026-08-08 03:46:47,65,0.24,39.6,73,28.9,57.0,460.8,16.8,66.2,Partly Cloudy,27.6,False,None,
URB-11387,LOC-03,Saheed Nagar,20.2872,85.8415,2026-08-08 03:59:47,49,0.17,36.0,115,55.0,106.6,442.8,17.2,87.9,Fog,33.9,False,None,
URB-11388,LOC-04,Khandagiri,20.2588,85.7836,2026-08-08 04:22:47,51,0.19,40.3,59,22.7,37.3,444.7,14.9,74.6,Clear,22.8,False,None,
URB-11389,LOC-05,Vani Vihar,20.2974,85.8364,2026-08-08 04:28:47,28,0.11,40.4,50,20.6,32.5,413.3,16.1,68.9,Partly Cloudy,18.0,False,None,
URB-11390,LOC-06,Bhubaneswar Railway Station,20.2657,85.8436,2026-08-08 04:44:47,59,0.23,49.7,78,33.9,58.5,433.0,17.4,68.7,Clear,25.4,False,None,
URB-11391,LOC-07,Nandankanan Road,20.37,85.825,2026-08-08 05:04:47,61,0.21,32.1,88,40.9,82.8,453.5,17.3,65.3,Haze,32.8,False,None,
URB-11392,LOC-08,Kalarahanga Road,20.38,85.83,2026-08-08 05:17:47,45,0.21,15.6,51,19.3,30.6,440.8,15.3,94.1,Rain,18.0,True,Severe Gridlock,Critical speed drop to 15.6 km/h indicating major arterial blockade.
URB-11393,LOC-01,Patia Main Road,20.3533,85.8197,2026-08-08 05:33:47,65,0.28,25.8,59,28.5,58.0,450.4,19.2,87.4,Heavy Rain,33.6,False,None,
URB-11394,LOC-02,Jayadev Vihar,20.301,85.8239,2026-08-08 05:46:47,84,0.38,22.6,70,27.5,45.2,484.3,15.9,94.3,Heavy Rain,41.1,False,None,
URB-11395,LOC-03,Saheed Nagar,20.2872,85.8415,2026-08-08 05:58:47,46,0.17,35.8,101,44.2,88.7,445.9,17.3,86.3,Fog,31.6,False,None,
URB-11396,LOC-04,Khandagiri,20.2588,85.7836,2026-08-08 06:18:47,95,0.32,27.3,95,47.4,81.9,489.6,18.3,83.6,Fog,40.8,False,None,
URB-11397,LOC-05,Vani Vihar,20.2974,85.8364,2026-08-08 06:27:47,63,0.25,26.2,46,26.4,54.7,435.8,16.8,91.9,Heavy Rain,30.0,False,None,
URB-11398,LOC-06,Bhubaneswar Railway Station,20.2657,85.8436,2026-08-08 06:50:47,165,0.6,26.6,95,42.2,83.9,528.1,17.5,83.9,Rain,52.3,False,None,
URB-11399,LOC-07,Nandankanan Road,20.37,85.825,2026-08-08 07:04:47,201,0.83,13.6,107,52.2,100.6,564.1,20.8,82.1,Heavy Rain,70.1,False,None,
URB-11400,LOC-08,Kalarahanga Road,20.38,85.83,2026-08-08 07:14:47,148,0.65,27.5,69,29.5,50.2,525.7,18.7,85.5,Heavy Rain,49.3,False,None,
URB-11401,LOC-01,Patia Main Road,20.3533,85.8197,2026-08-08 07:27:47,180,0.67,23.5,98,40.8,70.2,541.0,22.8,62.1,Clear,57.2,False,None,
URB-11402,LOC-02,Jayadev Vihar,20.301,85.8239,2026-08-08 07:49:47,244,0.98,10.9,184,84.3,159.0,624.6,19.3,63.4,Haze,91.0,False,None,
URB-11403,LOC-03,Saheed Nagar,20.2872,85.8415,2026-08-08 08:07:47,162,0.55,22.3,136,63.3,116.5,560.7,19.8,68.1,Haze,59.6,False,None,
URB-11404,LOC-04,Khandagiri,20.2588,85.7836,2026-08-08 08:16:47,170,0.75,19.7,129,60.5,106.9,543.8,22.5,66.1,Haze,67.7,False,None,
URB-11405,LOC-05,Vani Vihar,20.2974,85.8364,2026-08-08 08:37:47,110,0.42,32.1,66,27.9,49.5,485.7,21.6,61.4,Clear,37.3,False,None,
URB-11406,LOC-06,Bhubaneswar Railway Station,20.2657,85.8436,2026-08-08 08:49:47,206,0.76,24.2,178,82.8,153.0,573.3,20.4,86.8,Fog,74.5,False,None,
URB-11407,LOC-07,Nandankanan Road,20.37,85.825,2026-08-08 08:58:47,185,0.63,22.3,151,70.6,122.5,577.9,20.3,83.9,Fog,65.5,False,None,
URB-11408,LOC-08,Kalarahanga Road,20.38,85.83,2026-08-08 09:20:47,143,0.58,26.0,78,31.4,63.6,507.3,21.3,79.6,Heavy Rain,48.9,False,None,
URB-11409,LOC-01,Patia Main Road,20.3533,85.8197,2026-08-08 09:28:47,244,0.98,11.4,171,81.8,153.9,622.0,24.8,78.5,Fog,88.4,False,None,
URB-11410,LOC-02,Jayadev Vihar,20.301,85.8239,2026-08-08 09:44:47,212,0.83,17.1,121,57.1,98.2,599.3,23.6,60.5,Clear,70.8,False,None,
URB-11411,LOC-03,Saheed Nagar,20.2872,85.8415,2026-08-08 09:58:47,202,0.9,13.6,183,81.9,150.1,562.3,24.8,77.3,Fog,86.2,False,None,
URB-11412,LOC-04,Khandagiri,20.2588,85.7836,2026-08-08 10:21:47,170,0.65,19.2,86,38.9,69.8,549.6,22.8,76.1,Heavy Rain,56.4,False,None,
URB-11413,LOC-05,Vani Vihar,20.2974,85.8364,2026-08-08 10:29:47,91,0.32,35.6,61,32.4,63.4,460.6,25.7,52.3,Partly Cloudy,30.7,False,None,
URB-11414,LOC-06,Bhubaneswar Railway Station,20.2657,85.8436,2026-08-08 10:44:47,226,0.92,19.7,189,90.4,164.9,596.9,26.3,76.3,Fog,85.0,False,None,
URB-11415,LOC-07,Nandankanan Road,20.37,85.825,2026-08-08 11:01:47,185,0.68,21.8,98,44.4,82.3,577.7,24.2,59.5,Clear,58.5,False,None,
URB-11416,LOC-08,Kalarahanga Road,20.38,85.83,2026-08-08 11:15:47,123,0.52,43.9,79,39.3,72.6,507.8,24.9,59.9,Partly Cloudy,37.7,False,None,
URB-11417,LOC-01,Patia Main Road,20.3533,85.8197,2026-08-08 11:37:47,212,0.77,18.1,146,67.8,122.8,601.2,28.4,54.4,Haze,72.3,False,None,
URB-11418,LOC-02,Jayadev Vihar,20.301,85.8239,2026-08-08 11:46:47,231,0.86,15.3,159,71.4,125.9,589.0,26.0,72.5,Fog,79.6,False,None,
URB-11419,LOC-03,Saheed Nagar,20.2872,85.8415,2026-08-08 12:06:47,187,0.73,22.2,138,60.3,111.6,548.3,27.2,54.9,Partly Cloudy,67.2,False,None,
URB-11420,LOC-04,Khandagiri,20.2588,85.7836,2026-08-08 12:20:47,152,0.68,21.9,99,45.0,84.6,522.1,27.1,59.3,Partly Cloudy,58.6,False,None,
URB-11421,LOC-05,Vani Vihar,20.2974,85.8364,2026-08-08 12:36:47,82,0.29,39.4,60,29.6,63.1,453.3,29.2,56.1,Clear,27.4,False,None,
URB-11422,LOC-06,Bhubaneswar Railway Station,20.2657,85.8436,2026-08-08 12:44:47,229,0.81,26.5,153,65.3,116.4,609.9,29.2,49.6,Partly Cloudy,70.9,False,None,
URB-11423,LOC-07,Nandankanan Road,20.37,85.825,2026-08-08 12:58:47,170,0.75,13.9,82,34.3,58.6,534.6,29.2,69.0,Heavy Rain,62.4,False,None,
URB-11424,LOC-08,Kalarahanga Road,20.38,85.83,2026-08-08 13:17:47,104,0.38,38.8,83,40.9,75.9,469.7,28.1,51.9,Haze,35.3,False,None,
URB-11425,LOC-01,Patia Main Road,20.3533,85.8197,2026-08-08 13:28:47,177,0.66,20.7,154,72.6,138.7,564.4,28.4,72.9,Fog,68.0,False,None,
URB-11426,LOC-02,Jayadev Vihar,20.301,85.8239,2026-08-08 13:50:47,204,0.71,21.6,134,62.5,121.3,579.3,30.3,52.4,Partly Cloudy,66.0,False,None,
URB-11427,LOC-03,Saheed Nagar,20.2872,85.8415,2026-08-08 14:01:47,164,0.69,20.2,161,73.9,132.7,559.2,29.0,72.3,Fog,70.7,False,None,
URB-11428,LOC-04,Khandagiri,20.2588,85.7836,2026-08-08 14:21:47,156,0.69,16.2,72,29.6,50.3,538.9,30.4,72.4,Rain,57.1,False,None,
URB-11429,LOC-05,Vani Vihar,20.2974,85.8364,2026-08-08 14:29:47,107,0.46,33.5,64,25.9,48.7,481.2,30.1,53.7,Clear,37.9,False,None,
URB-11430,LOC-06,Bhubaneswar Railway Station,20.2657,85.8436,2026-08-08 14:42:47,238,0.96,22.5,137,64.7,113.3,621.5,26.5,53.4,Partly Cloudy,76.1,False,None,
URB-11431,LOC-07,Nandankanan Road,20.37,85.825,2026-08-08 15:01:47,172,0.6,18.7,82,34.3,64.7,531.8,28.3,74.1,Rain,54.0,False,None,
URB-11432,LOC-08,Kalarahanga Road,20.38,85.83,2026-08-08 15:14:47,115,0.44,43.9,81,36.8,68.7,513.1,29.2,53.6,Clear,34.8,False,None,
URB-11433,LOC-01,Patia Main Road,20.3533,85.8197,2026-08-08 15:33:47,179,0.78,16.0,93,43.2,73.2,548.7,29.6,70.5,Rain,64.5,False,None,
URB-11434,LOC-02,Jayadev Vihar,20.301,85.8239,2026-08-08 15:46:47,274,0.98,10.2,134,58.9,107.1,645.9,27.4,71.3,Rain,82.6,False,None,
URB-11435,LOC-03,Saheed Nagar,20.2872,85.8415,2026-08-08 15:59:47,150,0.59,23.4,149,65.3,113.3,512.2,27.3,52.4,Haze,63.0,False,None,
URB-11436,LOC-04,Khandagiri,20.2588,85.7836,2026-08-08 16:22:47,135,0.49,19.9,73,37.7,73.3,508.3,29.5,73.7,Heavy Rain,47.4,False,None,
URB-11437,LOC-05,Vani Vihar,20.2974,85.8364,2026-08-08 16:33:47,109,0.45,30.1,66,29.4,62.5,477.2,25.6,58.7,Partly Cloudy,39.5,False,None,
URB-11438,LOC-06,Bhubaneswar Railway Station,20.2657,85.8436,2026-08-08 16:46:47,246,0.98,19.1,160,73.9,142.7,596.6,29.2,71.6,Fog,82.7,False,None,
URB-11439,LOC-07,Nandankanan Road,20.37,85.825,2026-08-08 17:04:47,164,0.73,17.5,134,56.4,108.5,546.4,28.5,71.7,Fog,68.9,False,None,
URB-11440,LOC-08,Kalarahanga Road,20.38,85.83,2026-08-08 17:18:47,145,0.6,26.7,70,30.0,60.0,511.4,24.3,75.2,Rain,47.9,False,None,
URB-11441,LOC-01,Patia Main Road,20.3533,85.8197,2026-08-08 17:32:47,207,0.88,18.1,117,56.8,99.8,596.0,26.4,55.0,Partly Cloudy,71.6,False,None,
URB-11442,LOC-02,Jayadev Vihar,20.301,85.8239,2026-08-08 17:50:47,231,0.82,19.4,129,61.6,120.1,612.9,26.3,59.3,Partly Cloudy,70.7,False,None,
URB-11443,LOC-03,Saheed Nagar,20.2872,85.8415,2026-08-08 18:07:47,161,0.67,16.5,111,46.7,81.2,538.6,26.2,79.4,Heavy Rain,63.0,False,None,
URB-11444,LOC-04,Khandagiri,20.2588,85.7836,2026-08-08 18:19:47,167,0.69,17.5,91,37.8,69.6,564.4,25.9,77.4,Rain,59.8,False,None,
URB-11445,LOC-05,Vani Vihar,20.2974,85.8364,2026-08-08 18:30:47,105,0.44,32.3,77,36.0,70.1,476.2,23.3,57.0,Partly Cloudy,39.9,False,None,
URB-11446,LOC-06,Bhubaneswar Railway Station,20.2657,85.8436,2026-08-08 18:49:47,240,0.98,13.4,112,46.8,84.2,624.9,25.5,75.6,Rain,77.1,False,None,
URB-11447,LOC-07,Nandankanan Road,20.37,85.825,2026-08-08 18:57:47,195,0.85,12.4,97,41.9,83.1,579.3,25.0,73.9,Heavy Rain,69.8,False,None,
URB-11448,LOC-08,Kalarahanga Road,20.38,85.83,2026-08-08 19:12:47,145,0.64,37.9,88,40.3,71.8,535.1,23.6,61.8,Clear,47.0,False,None,
URB-11449,LOC-01,Patia Main Road,20.3533,85.8197,2026-08-08 19:33:47,247,0.92,11.0,102,47.2,92.3,624.1,22.9,78.3,Rain,74.2,False,None,
URB-11450,LOC-02,Jayadev Vihar,20.301,85.8239,2026-08-08 19:43:47,256,0.94,11.5,128,61.6,115.9,627.5,21.1,85.2,Heavy Rain,79.2,False,None,
URB-11451,LOC-03,Saheed Nagar,20.2872,85.8415,2026-08-08 20:06:47,114,0.45,30.8,113,52.5,95.9,504.0,23.9,61.5,Clear,47.4,False,None,
URB-11452,LOC-04,Khandagiri,20.2588,85.7836,2026-08-08 20:20:47,128,0.55,28.2,89,44.4,76.5,502.4,24.4,58.2,Partly Cloudy,48.5,False,None,
URB-11453,LOC-05,Vani Vihar,20.2974,85.8364,2026-08-08 20:37:47,67,0.25,39.4,67,33.3,57.6,469.8,24.4,58.8,Partly Cloudy,27.0,False,None,
URB-11454,LOC-06,Bhubaneswar Railway Station,20.2657,85.8436,2026-08-08 20:45:47,173,0.71,25.9,162,78.8,146.7,540.1,22.3,77.6,Fog,68.8,False,None,
URB-11455,LOC-07,Nandankanan Road,20.37,85.825,2026-08-08 21:03:47,160,0.65,26.9,100,50.2,87.9,539.7,20.5,59.7,Partly Cloudy,55.0,False,None,
URB-11456,LOC-08,Kalarahanga Road,20.38,85.83,2026-08-08 21:13:47,85,0.31,45.8,66,26.2,42.6,454.0,20.6,63.7,Clear,26.5,False,None,
URB-11457,LOC-01,Patia Main Road,20.3533,85.8197,2026-08-08 21:36:47,176,0.79,17.7,149,64.9,117.6,562.0,18.6,67.6,Haze,73.8,False,None,
URB-11458,LOC-02,Jayadev Vihar,20.301,85.8239,2026-08-08 21:42:47,166,0.67,22.1,139,59.0,108.4,550.4,21.2,59.1,Haze,65.1,False,None,
URB-11459,LOC-03,Saheed Nagar,20.2872,85.8415,2026-08-08 22:05:47,47,0.18,32.8,93,37.9,74.2,456.6,18.1,69.6,Haze,32.1,False,None,
URB-11460,LOC-04,Khandagiri,20.2588,85.7836,2026-08-08 22:19:47,53,0.18,30.1,49,26.4,47.5,433.9,18.1,90.3,Heavy Rain,25.7,False,None,
URB-11461,LOC-05,Vani Vihar,20.2974,85.8364,2026-08-08 22:27:47,29,0.13,28.8,38,16.8,38.3,411.8,16.9,93.7,Heavy Rain,22.5,False,None,
URB-11462,LOC-06,Bhubaneswar Railway Station,20.2657,85.8436,2026-08-08 22:45:47,56,0.22,38.2,61,29.6,48.9,441.4,20.6,88.3,Rain,25.4,False,None,
URB-11463,LOC-07,Nandankanan Road,20.37,85.825,2026-08-08 23:02:47,62,0.24,32.1,82,39.1,67.8,442.6,16.0,91.3,Fog,32.9,False,None,
URB-11464,LOC-08,Kalarahanga Road,20.38,85.83,2026-08-08 23:12:47,35,0.14,50.4,73,35.5,66.2,442.4,18.1,87.6,Fog,20.9,False,None,
URB-11465,LOC-01,Patia Main Road,20.3533,85.8197,2026-08-08 23:32:47,106,0.36,34.8,68,33.5,58.9,448.0,15.6,71.1,Clear,29.5,True,Traffic Bottleneck,Sudden vehicular surge of 106 vehicles/min exceeding corridor capacity.
URB-11466,LOC-02,Jayadev Vihar,20.301,85.8239,2026-08-08 23:44:47,85,0.37,23.3,76,32.1,53.0,485.5,18.4,88.2,Heavy Rain,41.5,False,None,
URB-11467,LOC-03,Saheed Nagar,20.2872,85.8415,2026-08-09 00:05:47,58,0.27,37.0,83,38.5,78.9,464.6,19.0,69.3,Clear,31.8,False,None,
URB-11468,LOC-04,Khandagiri,20.2588,85.7836,2026-08-09 00:19:47,43,0.15,30.4,43,20.8,44.4,433.2,16.2,87.5,Heavy Rain,23.3,False,None,
URB-11469,LOC-05,Vani Vihar,20.2974,85.8364,2026-08-09 00:29:47,26,0.11,29.3,39,18.3,35.6,403.9,15.6,88.2,Rain,21.6,False,None,
URB-11470,LOC-06,Bhubaneswar Railway Station,20.2657,85.8436,2026-08-09 00:42:47,77,0.35,39.7,114,50.8,90.8,473.6,15.6,67.9,Haze,39.1,False,None,
URB-11471,LOC-07,Nandankanan Road,20.37,85.825,2026-08-09 00:57:47,56,0.22,24.7,53,19.9,39.4,448.5,14.9,96.3,Rain,30.7,False,None,
URB-11472,LOC-08,Kalarahanga Road,20.38,85.83,2026-08-09 01:12:47,41,0.15,60.6,49,26.3,46.5,425.6,15.1,67.9,Clear,17.1,False,None,
URB-11473,LOC-01,Patia Main Road,20.3533,85.8197,2026-08-09 01:29:47,57,0.23,31.0,78,36.3,74.5,455.1,17.6,83.7,Fog,32.4,False,None,
URB-11474,LOC-02,Jayadev Vihar,20.301,85.8239,2026-08-09 01:44:47,80,0.34,32.5,89,45.3,88.5,452.4,15.8,70.2,Partly Cloudy,37.9,False,None,
URB-11475,LOC-03,Saheed Nagar,20.2872,85.8415,2026-08-09 02:04:47,45,0.17,40.1,83,43.1,81.7,443.4,18.2,63.6,Clear,26.3,False,None,
URB-11476,LOC-04,Khandagiri,20.2588,85.7836,2026-08-09 02:13:47,40,0.14,31.6,75,37.7,63.7,446.2,17.2,66.5,Haze,27.9,False,None,
URB-11477,LOC-05,Vani Vihar,20.2974,85.8364,2026-08-09 02:30:47,25,0.09,41.6,42,21.9,49.2,410.1,13.6,79.2,Clear,15.1,False,None,
URB-11478,LOC-06,Bhubaneswar Railway Station,20.2657,85.8436,2026-08-09 02:50:47,74,0.3,42.1,105,47.9,90.1,453.3,17.6,85.0,Fog,34.3,False,None,
URB-11479,LOC-07,Nandankanan Road,20.37,85.825,2026-08-09 03:03:47,50,0.19,30.7,58,30.0,56.7,450.6,15.8,93.6,Rain,27.4,False,None,
URB-11480,LOC-08,Kalarahanga Road,20.38,85.83,2026-08-09 03:19:47,43,0.19,51.7,52,19.9,36.1,449.8,17.3,64.8,Partly Cloudy,19.2,False,None,
URB-11481,LOC-01,Patia Main Road,20.3533,85.8197,2026-08-09 03:36:47,58,0.21,27.5,62,28.3,53.8,439.1,18.6,89.9,Heavy Rain,30.5,False,None,
URB-11482,LOC-02,Jayadev Vihar,20.301,85.8239,2026-08-09 03:45:47,84,0.3,25.7,62,28.2,48.7,466.8,15.1,92.8,Rain,35.0,False,None,
URB-11483,LOC-03,Saheed Nagar,20.2872,85.8415,2026-08-09 04:01:47,61,0.24,27.2,82,40.9,78.1,468.6,15.9,88.4,Rain,35.4,False,None,
URB-11484,LOC-04,Khandagiri,20.2588,85.7836,2026-08-09 04:18:47,47,0.18,35.8,57,26.1,47.0,450.0,18.9,68.7,Partly Cloudy,24.3,False,None,
URB-11485,LOC-05,Vani Vihar,20.2974,85.8364,2026-08-09 04:33:47,27,0.1,44.6,48,18.7,36.1,423.1,17.0,67.8,Partly Cloudy,15.1,False,None,
URB-11486,LOC-06,Bhubaneswar Railway Station,20.2657,85.8436,2026-08-09 04:42:47,79,0.28,42.1,107,48.0,90.4,484.1,19.3,65.7,Haze,33.9,False,None,
URB-11487,LOC-07,Nandankanan Road,20.37,85.825,2026-08-09 04:59:47,63,0.27,26.0,57,25.7,50.6,447.3,17.7,85.2,Rain,32.8,False,None,
URB-11488,LOC-08,Kalarahanga Road,20.38,85.83,2026-08-09 05:17:47,42,0.15,39.2,44,18.9,40.9,412.8,15.7,87.8,Rain,19.1,False,None,
URB-11489,LOC-01,Patia Main Road,20.3533,85.8197,2026-08-09 05:27:47,57,0.22,40.4,65,32.4,56.1,463.1,15.7,67.6,Clear,25.0,False,None,
URB-11490,LOC-02,Jayadev Vihar,20.301,85.8239,2026-08-09 05:52:47,80,0.3,31.0,113,51.8,99.7,471.7,15.4,69.7,Haze,41.3,False,None,
URB-11491,LOC-03,Saheed Nagar,20.2872,85.8415,2026-08-09 05:59:47,55,0.19,27.3,79,38.2,76.2,454.2,18.6,88.5,Heavy Rain,32.8,False,None,
URB-11492,LOC-04,Khandagiri,20.2588,85.7836,2026-08-09 06:18:47,130,0.54,22.0,75,29.8,53.9,522.9,16.6,92.0,Rain,48.7,False,None,
URB-11493,LOC-05,Vani Vihar,20.2974,85.8364,2026-08-09 06:30:47,62,0.26,29.0,50,19.4,33.2,442.2,16.9,87.6,Heavy Rain,29.6,False,None,
URB-11494,LOC-06,Bhubaneswar Railway Station,20.2657,85.8436,2026-08-09 06:51:47,187,0.85,21.7,155,67.2,121.4,573.7,17.7,87.2,Fog,75.3,False,None,
URB-11495,LOC-07,Nandankanan Road,20.37,85.825,2026-08-09 06:57:47,161,0.66,17.7,93,46.1,78.9,545.7,18.5,86.5,Heavy Rain,58.8,False,None,
URB-11496,LOC-08,Kalarahanga Road,20.38,85.83,2026-08-09 07:19:47,119,0.52,32.1,63,33.2,58.0,521.9,20.5,86.2,Heavy Rain,40.8,False,None,
URB-11497,LOC-01,Patia Main Road,20.3533,85.8197,2026-08-09 07:31:47,218,0.98,9.9,102,50.4,88.1,580.2,18.0,87.9,Rain,77.1,False,None,
URB-11498,LOC-02,Jayadev Vihar,20.301,85.8239,2026-08-09 07:45:47,258,0.98,12.9,155,67.6,118.3,615.7,19.8,62.9,Partly Cloudy,84.9,False,None,
URB-11499,LOC-03,Saheed Nagar,20.2872,85.8415,2026-08-09 07:59:47,150,0.54,25.9,140,67.6,117.7,538.1,18.7,89.8,Fog,58.2,False,None,
URB-11500,LOC-04,Khandagiri,20.2588,85.7836,2026-08-09 08:12:47,129,0.58,22.4,115,53.2,104.5,518.2,21.3,78.1,Fog,57.1,False,None,
URB-11501,LOC-05,Vani Vihar,20.2974,85.8364,2026-08-09 08:30:47,88,0.39,30.0,73,31.7,62.2,469.9,20.6,60.5,Clear,38.4,False,None,
URB-11502,LOC-06,Bhubaneswar Railway Station,20.2657,85.8436,2026-08-09 08:49:47,243,0.98,14.9,131,55.8,104.3,633.0,21.8,85.9,Rain,79.7,False,None,
URB-11503,LOC-07,Nandankanan Road,20.37,85.825,2026-08-09 09:03:47,167,0.58,21.0,91,45.8,79.6,534.9,24.4,82.2,Rain,53.6,False,None,
URB-11504,LOC-08,Kalarahanga Road,20.38,85.83,2026-08-09 09:20:47,110,0.43,45.1,75,30.7,55.4,475.0,24.0,54.0,Partly Cloudy,32.8,False,None,
URB-11505,LOC-01,Patia Main Road,20.3533,85.8197,2026-08-09 09:35:47,189,0.74,23.7,105,46.8,92.9,549.1,25.0,59.8,Clear,61.1,False,None,
URB-11506,LOC-02,Jayadev Vihar,20.301,85.8239,2026-08-09 09:50:47,282,0.98,12.5,189,83.2,150.3,651.4,23.2,82.9,Fog,91.0,False,None,
URB-11507,LOC-03,Saheed Nagar,20.2872,85.8415,2026-08-09 09:58:47,182,0.69,20.8,145,66.8,115.9,566.4,23.4,61.9,Haze,67.6,False,None,
URB-11508,LOC-04,Khandagiri,20.2588,85.7836,2026-08-09 10:17:47,145,0.63,26.2,94,39.8,80.3,539.8,22.8,65.6,Partly Cloudy,53.5,False,None,
URB-11509,LOC-05,Vani Vihar,20.2974,85.8364,2026-08-09 10:29:47,88,0.4,26.5,75,37.3,64.6,456.3,23.0,80.6,Fog,40.9,False,None,
URB-11510,LOC-06,Bhubaneswar Railway Station,20.2657,85.8436,2026-08-09 10:50:47,222,0.9,24.7,123,53.9,96.2,608.3,23.6,61.2,Partly Cloudy,70.2,False,None,
URB-11511,LOC-07,Nandankanan Road,20.37,85.825,2026-08-09 11:01:47,162,0.58,23.9,138,61.7,115.1,541.8,24.3,57.8,Haze,60.4,False,None,
URB-11512,LOC-08,Kalarahanga Road,20.38,85.83,2026-08-09 11:12:47,108,0.45,34.2,105,50.2,88.6,473.6,24.8,53.3,Haze,44.3,False,None,
URB-11513,LOC-01,Patia Main Road,20.3533,85.8197,2026-08-09 11:34:47,193,0.87,13.2,107,51.7,95.6,552.8,25.6,73.5,Heavy Rain,71.9,False,None,
URB-11514,LOC-02,Jayadev Vihar,20.301,85.8239,2026-08-09 11:42:47,216,0.79,15.0,102,50.2,92.2,602.4,25.5,79.7,Heavy Rain,67.0,False,None,
URB-11515,LOC-03,Saheed Nagar,20.2872,85.8415,2026-08-09 12:06:47,175,0.64,26.2,114,54.1,104.6,559.9,28.0,57.9,Clear,57.4,False,None,
URB-11516,LOC-04,Khandagiri,20.2588,85.7836,2026-08-09 12:13:47,136,0.6,17.1,70,36.9,61.9,535.2,27.6,78.2,Heavy Rain,52.7,False,None,
URB-11517,LOC-05,Vani Vihar,20.2974,85.8364,2026-08-09 12:35:47,81,0.31,23.7,49,22.9,43.7,470.6,28.7,69.0,Rain,34.1,False,None,
URB-11518,LOC-06,Bhubaneswar Railway Station,20.2657,85.8436,2026-08-09 12:50:47,248,0.97,16.4,108,46.9,85.3,613.9,29.5,74.5,Rain,74.5,False,None,
URB-11519,LOC-07,Nandankanan Road,20.37,85.825,2026-08-09 13:06:47,199,0.76,16.3,133,56.2,110.6,577.3,29.2,74.0,Fog,70.5,False,None,
URB-11520,LOC-08,Kalarahanga Road,20.38,85.83,2026-08-09 13:15:47,115,0.5,37.5,101,43.1,75.4,501.2,27.0,52.5,Haze,43.9,False,None,
URB-11521,LOC-01,Patia Main Road,20.3533,85.8197,2026-08-09 13:33:47,198,0.87,16.1,123,60.5,115.0,591.9,26.6,58.0,Partly Cloudy,73.3,False,None,
URB-11522,LOC-02,Jayadev Vihar,20.301,85.8239,2026-08-09 13:50:47,222,0.93,12.3,144,68.1,131.8,595.4,27.9,57.0,Haze,81.2,False,None,
URB-11523,LOC-03,Saheed Nagar,20.2872,85.8415,2026-08-09 14:07:47,145,0.6,21.8,152,71.0,131.4,531.1,29.1,75.4,Fog,64.7,False,None,
URB-11524,LOC-04,Khandagiri,20.2588,85.7836,2026-08-09 14:15:47,149,0.65,26.4,92,47.0,92.9,537.9,30.3,47.4,Partly Cloudy,53.9,False,None,
URB-11525,LOC-05,Vani Vihar,20.2974,85.8364,2026-08-09 14:32:47,87,0.32,32.3,75,36.8,66.7,491.3,25.7,78.3,Fog,34.8,False,None,
URB-11526,LOC-06,Bhubaneswar Railway Station,20.2657,85.8436,2026-08-09 14:49:47,179,0.82,19.0,106,50.5,93.4,570.6,29.4,69.8,Heavy Rain,66.8,False,None,
URB-11527,LOC-07,Nandankanan Road,20.37,85.825,2026-08-09 15:03:47,193,0.82,17.9,133,57.8,113.5,577.6,30.0,74.2,Fog,72.1,False,None,
URB-11528,LOC-08,Kalarahanga Road,20.38,85.83,2026-08-09 15:21:47,144,0.54,28.4,82,37.2,75.5,533.7,29.2,70.0,Heavy Rain,46.8,False,None,
URB-11529,LOC-01,Patia Main Road,20.3533,85.8197,2026-08-09 15:29:47,188,0.64,18.6,99,49.9,92.4,544.5,27.0,77.9,Rain,58.6,False,None,
URB-11530,LOC-02,Jayadev Vihar,20.301,85.8239,2026-08-09 15:44:47,244,0.92,12.5,108,53.1,94.2,617.6,27.3,77.5,Heavy Rain,74.5,False,None,
URB-11531,LOC-03,Saheed Nagar,20.2872,85.8415,2026-08-09 16:01:47,161,0.7,23.4,129,54.6,103.3,524.6,25.6,52.8,Partly Cloudy,63.9,False,None,
URB-11532,LOC-04,Khandagiri,20.2588,85.7836,2026-08-09 16:20:47,137,0.6,20.7,121,52.6,101.8,514.9,25.3,79.8,Fog,59.8,False,None,
URB-11533,LOC-05,Vani Vihar,20.2974,85.8364,2026-08-09 16:33:47,105,0.41,29.5,76,37.5,69.9,505.8,29.2,46.5,Partly Cloudy,40.0,False,None,
URB-11534,LOC-06,Bhubaneswar Railway Station,20.2657,85.8436,2026-08-09 16:47:47,196,0.69,32.7,118,50.7,91.7,573.4,25.2,61.5,Partly Cloudy,56.9,False,None,
URB-11535,LOC-07,Nandankanan Road,20.37,85.825,2026-08-09 17:01:47,214,0.84,17.0,153,71.6,124.6,599.5,25.0,60.9,Haze,76.9,False,None,
URB-11536,LOC-08,Kalarahanga Road,20.38,85.83,2026-08-09 17:22:47,146,0.66,36.2,95,40.2,80.9,534.1,25.8,54.7,Partly Cloudy,49.9,False,None,
URB-11537,LOC-01,Patia Main Road,20.3533,85.8197,2026-08-09 17:29:47,207,0.87,14.7,134,64.6,125.2,569.1,23.8,77.1,Fog,75.9,False,None,
URB-11538,LOC-02,Jayadev Vihar,20.301,85.8239,2026-08-09 17:47:47,274,0.98,12.9,154,65.8,113.8,658.7,25.6,58.1,Partly Cloudy,84.7,False,None,
URB-11539,LOC-03,Saheed Nagar,20.2872,85.8415,2026-08-09 18:07:47,190,0.66,22.7,128,59.6,105.7,564.5,26.7,51.9,Partly Cloudy,62.5,False,None,
URB-11540,LOC-04,Khandagiri,20.2588,85.7836,2026-08-09 18:13:47,167,0.67,24.5,91,38.9,74.4,528.8,27.5,57.8,Partly Cloudy,55.5,False,None,
URB-11541,LOC-05,Vani Vihar,20.2974,85.8364,2026-08-09 18:29:47,109,0.39,29.0,100,48.8,88.0,497.1,23.4,82.2,Fog,43.6,False,None,
URB-11542,LOC-06,Bhubaneswar Railway Station,20.2657,85.8436,2026-08-09 18:51:47,248,0.98,15.2,128,61.7,109.5,634.6,23.2,76.7,Rain,79.0,False,None,
URB-11543,LOC-07,Nandankanan Road,20.37,85.825,2026-08-09 19:05:47,195,0.66,20.0,149,70.9,126.0,569.4,24.5,82.2,Fog,67.5,False,None,
URB-11544,LOC-08,Kalarahanga Road,20.38,85.83,2026-08-09 19:18:47,129,0.59,37.9,74,31.2,60.3,494.8,21.3,67.8,Clear,42.6,False,None,
URB-11545,LOC-01,Patia Main Road,20.3533,85.8197,2026-08-09 19:28:47,234,0.98,11.3,157,70.2,134.0,587.1,21.1,79.6,Fog,86.0,False,None,
URB-11546,LOC-02,Jayadev Vihar,20.301,85.8239,2026-08-09 19:50:47,280,0.98,14.3,151,71.9,133.9,665.5,24.6,62.7,Partly Cloudy,83.5,False,None,
URB-11547,LOC-03,Saheed Nagar,20.2872,85.8415,2026-08-09 20:01:47,146,0.63,21.3,134,66.0,117.1,519.4,23.3,76.4,Fog,63.0,False,None,
URB-11548,LOC-04,Khandagiri,20.2588,85.7836,2026-08-09 20:14:47,130,0.59,26.5,97,43.1,87.4,517.4,23.3,58.0,Partly Cloudy,52.3,False,None,
URB-11549,LOC-05,Vani Vihar,20.2974,85.8364,2026-08-09 20:36:47,79,0.33,35.9,63,28.1,57.9,480.5,20.4,69.0,Partly Cloudy,31.3,False,None,
URB-11550,LOC-06,Bhubaneswar Railway Station,20.2657,85.8436,2026-08-09 20:47:47,158,0.55,39.1,122,53.3,103.8,550.5,22.7,63.2,Partly Cloudy,48.8,False,None,
URB-11551,LOC-07,Nandankanan Road,20.37,85.825,2026-08-09 20:57:47,134,0.58,18.4,72,34.0,60.8,528.7,19.5,87.4,Rain,51.6,False,None,
URB-11552,LOC-08,Kalarahanga Road,20.38,85.83,2026-08-09 21:20:47,84,0.38,31.4,59,25.4,46.7,481.6,18.8,88.4,Rain,34.8,False,None,
URB-11553,LOC-01,Patia Main Road,20.3533,85.8197,2026-08-09 21:34:47,149,0.52,25.4,129,62.0,120.7,540.7,18.2,65.9,Haze,55.7,False,None,
URB-11554,LOC-02,Jayadev Vihar,20.301,85.8239,2026-08-09 21:47:47,178,0.76,19.3,113,47.0,93.6,557.8,22.5,59.7,Clear,65.5,False,None,
URB-11555,LOC-03,Saheed Nagar,20.2872,85.8415,2026-08-09 22:03:47,62,0.25,31.2,116,56.3,96.6,450.7,20.5,79.9,Fog,39.7,False,None,
URB-11556,LOC-04,Khandagiri,20.2588,85.7836,2026-08-09 22:14:47,38,0.16,35.0,64,34.2,65.1,413.0,20.1,60.7,Haze,25.1,False,None,
URB-11557,LOC-05,Vani Vihar,20.2974,85.8364,2026-08-09 22:33:47,29,0.12,36.1,54,21.9,41.8,417.3,19.3,86.3,Fog,21.2,False,None,
URB-11558,LOC-06,Bhubaneswar Railway Station,20.2657,85.8436,2026-08-09 22:43:47,79,0.29,43.5,101,47.2,87.9,461.7,20.3,84.2,Fog,32.5,False,None,
URB-11559,LOC-07,Nandankanan Road,20.37,85.825,2026-08-09 23:07:47,55,0.2,33.8,85,41.2,72.2,432.8,18.4,88.1,Fog,31.0,False,None,
URB-11560,LOC-08,Kalarahanga Road,20.38,85.83,2026-08-09 23:22:47,37,0.13,46.4,41,15.7,23.9,435.2,19.2,87.6,Heavy Rain,14.9,False,None,
URB-11561,LOC-01,Patia Main Road,20.3533,85.8197,2026-08-09 23:28:47,72,0.31,25.3,62,33.1,61.8,454.9,20.2,85.3,Rain,35.6,False,None,
URB-11562,LOC-02,Jayadev Vihar,20.301,85.8239,2026-08-09 23:42:47,73,0.3,34.8,76,35.9,68.5,453.1,18.6,66.5,Partly Cloudy,32.9,False,None,
URB-11563,LOC-03,Saheed Nagar,20.2872,85.8415,2026-08-09 23:58:47,59,0.23,26.4,65,29.3,53.0,455.7,15.4,95.5,Heavy Rain,32.4,False,None,
URB-11564,LOC-04,Khandagiri,20.2588,85.7836,2026-08-10 00:19:47,39,0.17,43.4,54,21.4,43.0,432.7,17.4,73.5,Partly Cloudy,19.6,False,None,
URB-11565,LOC-05,Vani Vihar,20.2974,85.8364,2026-08-10 00:29:47,32,0.12,33.0,55,24.2,41.0,431.6,17.3,91.2,Fog,22.9,False,None,
URB-11566,LOC-06,Bhubaneswar Railway Station,20.2657,85.8436,2026-08-10 00:48:47,61,0.23,50.9,102,47.5,89.0,464.0,17.4,73.1,Haze,29.6,False,None,
URB-11567,LOC-07,Nandankanan Road,20.37,85.825,2026-08-10 01:03:47,65,0.25,26.4,61,32.7,65.0,445.4,15.4,89.5,Rain,32.5,False,None,
URB-11568,LOC-08,Kalarahanga Road,20.38,85.83,2026-08-10 01:16:47,43,0.16,53.3,56,29.5,62.3,436.5,16.7,67.4,Clear,18.7,False,None,
URB-11569,LOC-01,Patia Main Road,20.3533,85.8197,2026-08-10 01:36:47,59,0.24,25.7,64,31.8,54.8,444.5,13.8,96.9,Heavy Rain,33.0,False,None,
URB-11570,LOC-02,Jayadev Vihar,20.301,85.8239,2026-08-10 01:51:47,75,0.27,27.4,73,35.3,71.8,471.4,14.8,93.6,Rain,34.9,False,None,
URB-11571,LOC-03,Saheed Nagar,20.2872,85.8415,2026-08-10 02:01:47,49,0.17,35.7,87,36.3,67.5,454.9,16.4,66.7,Clear,29.2,False,None,
URB-11572,LOC-04,Khandagiri,20.2588,85.7836,2026-08-10 02:17:47,52,0.21,25.9,50,24.4,51.8,447.0,17.4,87.6,Rain,29.2,False,None,
URB-11573,LOC-05,Vani Vihar,20.2974,85.8364,2026-08-10 02:30:47,25,0.09,41.6,45,21.9,46.8,409.7,18.1,64.3,Clear,15.7,False,None,
URB-11574,LOC-06,Bhubaneswar Railway Station,20.2657,85.8436,2026-08-10 02:47:47,59,0.21,58.0,78,37.0,64.5,446.6,17.8,71.9,Clear,24.6,False,None,
URB-11575,LOC-07,Nandankanan Road,20.37,85.825,2026-08-10 03:07:47,64,0.29,30.8,84,43.2,76.7,449.8,17.7,72.7,Haze,35.9,False,None,
URB-11576,LOC-08,Kalarahanga Road,20.38,85.83,2026-08-10 03:16:47,36,0.14,57.3,49,26.9,47.9,410.8,14.8,73.2,Partly Cloudy,16.7,False,None,
URB-11577,LOC-01,Patia Main Road,20.3533,85.8197,2026-08-10 03:33:47,74,0.32,31.7,70,29.6,49.9,451.5,15.3,70.0,Partly Cloudy,34.2,False,None,
URB-11578,LOC-02,Jayadev Vihar,20.301,85.8239,2026-08-10 03:52:47,80,0.31,26.6,70,27.8,53.3,474.0,17.0,92.3,Heavy Rain,36.3,False,None,
URB-11579,LOC-03,Saheed Nagar,20.2872,85.8415,2026-08-10 04:07:47,57,0.26,26.9,66,33.7,57.0,437.5,18.1,92.4,Rain,33.5,False,None,
URB-11580,LOC-04,Khandagiri,20.2588,85.7836,2026-08-10 04:19:47,52,0.18,27.0,46,19.0,41.1,461.5,15.8,94.7,Heavy Rain,26.8,False,None,
URB-11581,LOC-05,Vani Vihar,20.2974,85.8364,2026-08-10 04:27:47,26,0.11,45.2,43,24.1,52.2,415.3,16.0,70.5,Partly Cloudy,14.4,False,None,
URB-11582,LOC-06,Bhubaneswar Railway Station,20.2657,85.8436,2026-08-10 04:45:47,119,0.35,57.3,81,33.5,58.4,436.6,14.4,71.7,Partly Cloudy,26.3,True,Traffic Bottleneck,Sudden vehicular surge of 119 vehicles/min exceeding corridor capacity.
URB-11583,LOC-07,Nandankanan Road,20.37,85.825,2026-08-10 05:00:47,52,0.21,35.1,61,32.8,54.2,449.5,18.6,66.4,Partly Cloudy,26.5,False,None,
URB-11584,LOC-08,Kalarahanga Road,20.38,85.83,2026-08-10 05:14:47,40,0.15,44.5,46,18.8,30.0,421.0,19.0,83.2,Heavy Rain,16.8,False,None,
URB-11585,LOC-01,Patia Main Road,20.3533,85.8197,2026-08-10 05:30:47,66,0.29,32.4,98,48.0,82.1,441.2,15.4,69.6,Haze,37.5,False,None,
URB-11586,LOC-02,Jayadev Vihar,20.301,85.8239,2026-08-10 05:49:47,86,0.37,35.4,83,35.0,60.5,484.3,19.8,60.5,Clear,36.6,False,None,
URB-11587,LOC-03,Saheed Nagar,20.2872,85.8415,2026-08-10 06:01:47,147,0.51,30.8,127,57.8,110.7,536.2,21.1,60.9,Clear,52.2,False,None,
URB-11588,LOC-04,Khandagiri,20.2588,85.7836,2026-08-10 06:19:47,118,0.47,27.3,113,48.7,86.6,497.8,19.6,68.9,Haze,49.9,False,None,
URB-11589,LOC-05,Vani Vihar,20.2974,85.8364,2026-08-10 06:37:47,67,0.3,29.9,75,39.1,68.1,466.8,18.8,83.3,Fog,35.2,False,None,
URB-11590,LOC-06,Bhubaneswar Railway Station,20.2657,85.8436,2026-08-10 06:42:47,181,0.69,28.0,158,68.6,122.2,559.3,20.1,89.0,Fog,66.2,False,None,
URB-11591,LOC-07,Nandankanan Road,20.37,85.825,2026-08-10 07:00:47,277,0.98,10.8,106,48.3,89.6,628.3,18.4,92.2,Heavy Rain,77.3,False,None,
URB-11592,LOC-08,Kalarahanga Road,20.38,85.83,2026-08-10 07:17:47,189,0.83,24.3,116,56.8,110.2,547.1,22.5,66.0,Haze,66.3,False,None,
URB-11593,LOC-01,Patia Main Road,20.3533,85.8197,2026-08-10 07:27:47,349,0.98,11.7,205,94.2,175.6,712.6,21.0,61.0,Haze,93.3,False,None,
URB-11594,LOC-02,Jayadev Vihar,20.301,85.8239,2026-08-10 07:43:47,306,0.98,11.0,138,59.9,103.1,688.2,21.7,79.9,Heavy Rain,82.8,False,None,
URB-11595,LOC-03,Saheed Nagar,20.2872,85.8415,2026-08-10 07:59:47,220,0.79,20.8,138,67.7,130.5,600.4,19.3,69.8,Partly Cloudy,70.3,False,None,
URB-11596,LOC-04,Khandagiri,20.2588,85.7836,2026-08-10 08:12:47,222,0.81,18.1,130,59.5,109.9,586.6,21.7,66.5,Haze,71.1,False,None,
URB-11597,LOC-05,Vani Vihar,20.2974,85.8364,2026-08-10 08:36:47,119,0.47,23.1,69,33.9,57.1,482.5,21.4,84.7,Rain,44.3,False,None,
URB-11598,LOC-06,Bhubaneswar Railway Station,20.2657,85.8436,2026-08-10 08:47:47,352,0.98,19.4,186,81.3,154.5,719.9,20.4,63.7,Partly Cloudy,87.0,False,None,
URB-11599,LOC-07,Nandankanan Road,20.37,85.825,2026-08-10 09:03:47,249,0.98,14.1,131,55.1,95.4,611.9,21.9,66.3,Partly Cloudy,80.1,False,None,
URB-11600,LOC-08,Kalarahanga Road,20.38,85.83,2026-08-10 09:20:47,163,0.67,31.3,97,40.8,73.3,536.5,24.7,54.5,Clear,53.1,False,None,
URB-11601,LOC-01,Patia Main Road,20.3533,85.8197,2026-08-10 09:33:47,256,0.98,13.6,129,60.7,116.4,632.0,24.0,56.3,Partly Cloudy,80.0,False,None,
URB-11602,LOC-02,Jayadev Vihar,20.301,85.8239,2026-08-10 09:44:47,382,0.98,13.1,217,98.8,182.5,720.5,22.9,79.0,Fog,92.7,False,None,
URB-11603,LOC-03,Saheed Nagar,20.2872,85.8415,2026-08-10 09:58:47,228,0.8,20.4,146,70.2,131.9,610.6,21.3,60.8,Partly Cloudy,72.3,False,None,
URB-11604,LOC-04,Khandagiri,20.2588,85.7836,2026-08-10 10:22:47,130,0.47,32.9,86,43.8,75.5,498.9,22.9,63.1,Clear,42.4,False,None,
URB-11605,LOC-05,Vani Vihar,20.2974,85.8364,2026-08-10 10:29:47,97,0.39,25.9,53,23.1,44.9,474.2,22.5,83.9,Heavy Rain,36.9,False,None,
URB-11606,LOC-06,Bhubaneswar Railway Station,20.2657,85.8436,2026-08-10 10:46:47,232,0.98,15.2,116,57.5,105.1,585.5,24.4,79.1,Rain,76.9,False,None,
URB-11607,LOC-07,Nandankanan Road,20.37,85.825,2026-08-10 11:00:47,181,0.78,16.1,95,46.5,80.5,563.4,25.2,80.9,Rain,64.8,False,None,
URB-11608,LOC-08,Kalarahanga Road,20.38,85.83,2026-08-10 11:14:47,115,0.42,46.9,71,29.8,53.2,507.1,25.9,52.6,Partly Cloudy,31.7,False,None,
URB-11609,LOC-01,Patia Main Road,20.3533,85.8197,2026-08-10 11:31:47,210,0.85,19.3,133,61.5,118.6,568.5,27.4,58.3,Partly Cloudy,72.6,False,None,
URB-11610,LOC-02,Jayadev Vihar,20.301,85.8239,2026-08-10 11:43:47,266,0.98,10.8,116,55.1,95.6,630.7,26.8,79.6,Heavy Rain,79.1,False,None,
URB-11611,LOC-03,Saheed Nagar,20.2872,85.8415,2026-08-10 12:00:47,182,0.62,24.0,135,63.8,110.8,556.1,26.7,57.3,Clear,61.4,False,None,
URB-11612,LOC-04,Khandagiri,20.2588,85.7836,2026-08-10 12:15:47,129,0.49,25.4,95,46.8,83.3,498.6,25.2,55.4,Haze,48.5,False,None,
URB-11613,LOC-05,Vani Vihar,20.2974,85.8364,2026-08-10 12:30:47,102,0.46,26.2,81,40.2,78.9,473.3,26.8,77.9,Fog,44.5,False,None,
URB-11614,LOC-06,Bhubaneswar Railway Station,20.2657,85.8436,2026-08-10 12:49:47,216,0.85,20.2,104,48.4,95.5,599.7,29.4,74.5,Heavy Rain,67.1,False,None,
URB-11615,LOC-07,Nandankanan Road,20.37,85.825,2026-08-10 13:05:47,204,0.86,16.4,150,68.6,128.0,566.8,29.4,70.0,Fog,77.5,False,None,
URB-11616,LOC-08,Kalarahanga Road,20.38,85.83,2026-08-10 13:20:47,110,0.43,31.1,73,30.7,60.2,496.1,30.1,65.9,Heavy Rain,39.4,False,None,
URB-11617,LOC-01,Patia Main Road,20.3533,85.8197,2026-08-10 13:30:47,217,0.78,21.1,137,62.3,116.1,604.3,29.0,48.7,Partly Cloudy,69.6,False,None,
URB-11618,LOC-02,Jayadev Vihar,20.301,85.8239,2026-08-10 13:50:47,222,0.98,10.7,110,46.4,79.2,602.8,27.3,78.0,Heavy Rain,78.1,False,None,
URB-11619,LOC-03,Saheed Nagar,20.2872,85.8415,2026-08-10 14:02:47,149,0.62,23.5,137,58.4,102.0,530.0,29.8,73.4,Fog,62.0,False,None,
URB-11620,LOC-04,Khandagiri,20.2588,85.7836,2026-08-10 14:18:47,144,0.58,24.6,95,44.2,79.0,543.4,27.6,57.1,Clear,52.5,False,None,
URB-11621,LOC-05,Vani Vihar,20.2974,85.8364,2026-08-10 14:29:47,101,0.46,27.6,97,43.6,79.2,471.9,27.5,52.4,Haze,46.6,False,None,
URB-11622,LOC-06,Bhubaneswar Railway Station,20.2657,85.8436,2026-08-10 14:47:47,238,0.85,22.1,193,86.3,153.7,601.5,28.0,73.7,Fog,81.7,False,None,
URB-11623,LOC-07,Nandankanan Road,20.37,85.825,2026-08-10 15:03:47,188,0.81,17.4,134,62.6,109.8,579.7,28.2,53.8,Haze,72.2,False,None,
URB-11624,LOC-08,Kalarahanga Road,20.38,85.83,2026-08-10 15:18:47,144,0.54,36.2,98,47.9,88.1,527.6,27.3,69.3,Fog,45.6,False,None,
URB-11625,LOC-01,Patia Main Road,20.3533,85.8197,2026-08-10 15:34:47,207,0.87,13.6,95,44.8,83.2,572.7,26.7,79.5,Rain,69.6,False,None,
URB-11626,LOC-02,Jayadev Vihar,20.301,85.8239,2026-08-10 15:48:47,215,0.95,10.9,109,50.4,100.7,593.7,26.3,77.9,Heavy Rain,76.6,False,None,
URB-11627,LOC-03,Saheed Nagar,20.2872,85.8415,2026-08-10 16:06:47,212,0.79,15.4,169,72.1,139.3,590.0,28.0,73.1,Fog,78.5,False,None,
URB-11628,LOC-04,Khandagiri,20.2588,85.7836,2026-08-10 16:12:47,212,0.97,13.1,101,46.9,83.5,581.8,27.5,57.8,Partly Cloudy,74.9,False,None,
URB-11629,LOC-05,Vani Vihar,20.2974,85.8364,2026-08-10 16:32:47,124,0.45,26.5,106,47.0,84.2,508.2,27.5,77.5,Fog,48.3,False,None,
URB-11630,LOC-06,Bhubaneswar Railway Station,20.2657,85.8436,2026-08-10 16:50:47,334,0.98,19.4,170,81.2,141.4,709.8,29.7,51.0,Partly Cloudy,84.2,False,None,
URB-11631,LOC-07,Nandankanan Road,20.37,85.825,2026-08-10 17:04:47,308,0.98,9.6,124,57.7,111.9,679.4,27.3,76.6,Rain,81.1,False,None,
URB-11632,LOC-08,Kalarahanga Road,20.38,85.83,2026-08-10 17:22:47,155,0.71,31.8,85,38.6,72.6,526.2,26.5,57.9,Partly Cloudy,52.4,False,None,
URB-11633,LOC-01,Patia Main Road,20.3533,85.8197,2026-08-10 17:31:47,299,0.98,10.7,131,56.6,110.1,680.7,28.3,74.1,Heavy Rain,81.8,False,None,
URB-11634,LOC-02,Jayadev Vihar,20.301,85.8239,2026-08-10 17:42:47,371,0.98,13.8,173,83.3,148.7,736.4,24.0,56.7,Clear,87.6,False,None,
URB-11635,LOC-03,Saheed Nagar,20.2872,85.8415,2026-08-10 17:57:47,252,0.98,11.1,125,55.3,95.1,624.1,28.4,75.6,Heavy Rain,80.5,False,None,
URB-11636,LOC-04,Khandagiri,20.2588,85.7836,2026-08-10 18:14:47,206,0.79,20.5,120,51.8,101.1,595.3,23.2,64.5,Clear,67.3,False,None,
URB-11637,LOC-05,Vani Vihar,20.2974,85.8364,2026-08-10 18:27:47,130,0.59,19.6,65,34.3,61.3,503.8,26.5,72.8,Rain,50.2,False,None,
URB-11638,LOC-06,Bhubaneswar Railway Station,20.2657,85.8436,2026-08-10 18:47:47,332,0.98,14.2,136,57.3,110.6,677.7,26.6,72.4,Rain,80.9,False,None,
URB-11639,LOC-07,Nandankanan Road,20.37,85.825,2026-08-10 19:01:47,291,0.98,9.5,130,58.4,110.0,670.1,25.6,72.2,Rain,82.2,False,None,
URB-11640,LOC-08,Kalarahanga Road,20.38,85.83,2026-08-10 19:13:47,203,0.75,27.7,133,58.6,110.1,563.4,25.9,56.1,Haze,64.4,False,None,
URB-11641,LOC-01,Patia Main Road,20.3533,85.8197,2026-08-10 19:36:47,310,0.98,9.8,122,59.3,103.8,667.0,22.0,83.7,Rain,80.7,False,None,
URB-11642,LOC-02,Jayadev Vihar,20.301,85.8239,2026-08-10 19:43:47,308,0.98,10.2,149,68.3,127.5,676.8,23.3,75.6,Heavy Rain,85.2,False,None,
URB-11643,LOC-03,Saheed Nagar,20.2872,85.8415,2026-08-10 20:06:47,119,0.47,28.8,113,49.8,97.7,491.3,21.3,60.2,Clear,49.2,False,None,
URB-11644,LOC-04,Khandagiri,20.2588,85.7836,2026-08-10 20:16:47,126,0.56,25.3,84,36.4,73.2,511.6,23.0,65.3,Clear,49.5,False,None,
URB-11645,LOC-05,Vani Vihar,20.2974,85.8364,2026-08-10 20:27:47,67,0.27,23.8,54,21.0,35.8,443.1,22.1,81.1,Rain,33.4,False,None,
URB-11646,LOC-06,Bhubaneswar Railway Station,20.2657,85.8436,2026-08-10 20:50:47,192,0.75,23.8,170,73.2,138.7,566.8,22.2,78.5,Fog,72.8,False,None,
URB-11647,LOC-07,Nandankanan Road,20.37,85.825,2026-08-10 21:04:47,116,0.51,28.6,82,36.0,64.7,492.0,18.3,64.4,Partly Cloudy,45.5,False,None,
URB-11648,LOC-08,Kalarahanga Road,20.38,85.83,2026-08-10 21:17:47,86,0.38,42.9,82,39.8,69.5,454.4,20.5,67.9,Haze,33.1,False,None,
URB-11649,LOC-01,Patia Main Road,20.3533,85.8197,2026-08-10 21:33:47,134,0.53,21.4,90,46.4,81.9,532.9,20.9,82.6,Heavy Rain,51.2,False,None,
URB-11650,LOC-02,Jayadev Vihar,20.301,85.8239,2026-08-10 21:44:47,330,0.99,19.0,133,61.7,114.8,576.9,19.3,90.1,Fog,66.8,True,Traffic Bottleneck,Sudden vehicular surge of 330 vehicles/min exceeding corridor capacity.
URB-11651,LOC-03,Saheed Nagar,20.2872,85.8415,2026-08-10 21:58:47,132,0.54,27.9,122,58.0,101.9,516.9,20.6,61.4,Clear,54.0,False,None,
URB-11652,LOC-04,Khandagiri,20.2588,85.7836,2026-08-10 22:20:47,45,0.18,36.1,78,38.9,69.5,422.3,18.0,85.8,Fog,27.8,False,None,
URB-11653,LOC-05,Vani Vihar,20.2974,85.8364,2026-08-10 22:37:47,32,0.13,34.3,65,28.5,56.9,426.2,20.9,86.9,Fog,24.4,False,None,
URB-11654,LOC-06,Bhubaneswar Railway Station,20.2657,85.8436,2026-08-10 22:50:47,78,0.33,53.4,85,41.6,79.0,447.3,17.2,68.6,Partly Cloudy,30.6,False,None,
URB-11655,LOC-07,Nandankanan Road,20.37,85.825,2026-08-10 23:07:47,63,0.24,37.7,59,22.7,40.8,457.3,19.8,64.8,Clear,26.1,False,None,
URB-11656,LOC-08,Kalarahanga Road,20.38,85.83,2026-08-10 23:16:47,45,0.2,42.6,51,24.2,44.4,447.3,16.3,90.5,Rain,20.6,False,None,
URB-11657,LOC-01,Patia Main Road,20.3533,85.8197,2026-08-10 23:28:47,69,0.29,33.8,66,26.5,46.4,457.2,19.0,70.0,Partly Cloudy,31.2,False,None,
URB-11658,LOC-02,Jayadev Vihar,20.301,85.8239,2026-08-10 23:49:47,64,0.29,29.5,96,48.4,96.6,433.1,19.4,88.3,Fog,38.6,False,None,
URB-11659,LOC-03,Saheed Nagar,20.2872,85.8415,2026-08-11 00:07:47,59,0.23,38.3,94,44.2,77.9,442.9,15.0,76.1,Partly Cloudy,31.5,False,None,
URB-11660,LOC-04,Khandagiri,20.2588,85.7836,2026-08-11 00:13:47,51,0.19,33.2,79,39.2,75.6,450.9,18.1,67.5,Haze,29.8,False,None,
URB-11661,LOC-05,Vani Vihar,20.2974,85.8364,2026-08-11 00:37:47,25,0.11,27.6,42,20.2,44.2,407.1,17.2,84.3,Heavy Rain,22.9,False,None,
URB-11662,LOC-06,Bhubaneswar Railway Station,20.2657,85.8436,2026-08-11 00:46:47,71,0.27,48.7,83,41.6,81.8,467.8,14.5,68.8,Partly Cloudy,27.8,False,None,
URB-11663,LOC-07,Nandankanan Road,20.37,85.825,2026-08-11 00:58:47,53,0.18,36.5,67,35.5,70.8,431.2,16.6,69.1,Clear,25.7,False,None,
URB-11664,LOC-08,Kalarahanga Road,20.38,85.83,2026-08-11 01:15:47,42,0.15,41.4,44,18.3,33.2,421.5,15.4,94.1,Heavy Rain,18.0,False,None,
URB-11665,LOC-01,Patia Main Road,20.3533,85.8197,2026-08-11 01:27:47,53,0.2,31.7,77,37.0,66.0,457.7,17.5,73.5,Haze,30.6,False,None,
URB-11666,LOC-02,Jayadev Vihar,20.301,85.8239,2026-08-11 01:43:47,71,0.27,30.2,104,44.0,79.9,462.3,16.5,68.8,Haze,38.9,False,None,
URB-11667,LOC-03,Saheed Nagar,20.2872,85.8415,2026-08-11 02:07:47,45,0.16,34.0,109,50.5,92.2,425.1,15.9,90.7,Fog,33.5,False,None,
URB-11668,LOC-04,Khandagiri,20.2588,85.7836,2026-08-11 02:18:47,66,0.25,27.4,41,21.5,39.9,430.0,15.4,89.4,Heavy Rain,25.3,True,Traffic Bottleneck,Sudden vehicular surge of 66 vehicles/min exceeding corridor capacity.
URB-11669,LOC-05,Vani Vihar,20.2974,85.8364,2026-08-11 02:36:47,30,0.14,35.4,63,28.4,50.1,410.2,16.2,73.9,Haze,23.9,False,None,
URB-11670,LOC-06,Bhubaneswar Railway Station,20.2657,85.8436,2026-08-11 02:43:47,60,0.24,48.7,78,33.2,56.8,448.6,14.6,70.7,Clear,25.8,False,None,
URB-11671,LOC-07,Nandankanan Road,20.37,85.825,2026-08-11 02:58:47,60,0.25,26.5,58,31.4,60.2,450.2,16.4,91.3,Rain,31.9,False,None,
URB-11672,LOC-08,Kalarahanga Road,20.38,85.83,2026-08-11 03:12:47,39,0.14,44.4,48,17.6,29.3,446.8,18.0,89.3,Heavy Rain,16.8,False,None,
URB-11673,LOC-01,Patia Main Road,20.3533,85.8197,2026-08-11 03:31:47,64,0.28,33.0,84,42.1,75.7,462.8,15.5,95.3,Fog,34.4,False,None,
URB-11674,LOC-02,Jayadev Vihar,20.301,85.8239,2026-08-11 03:49:47,84,0.3,33.9,83,38.9,66.8,458.5,16.9,68.9,Partly Cloudy,34.6,False,None,
URB-11675,LOC-03,Saheed Nagar,20.2872,85.8415,2026-08-11 04:03:47,58,0.25,24.2,72,29.1,54.8,439.4,15.3,92.1,Rain,35.5,False,None,
URB-11676,LOC-04,Khandagiri,20.2588,85.7836,2026-08-11 04:19:47,50,0.23,30.3,72,36.7,62.5,429.4,16.3,73.2,Haze,31.6,False,None,
URB-11677,LOC-05,Vani Vihar,20.2974,85.8364,2026-08-11 04:36:47,31,0.11,45.3,51,20.8,34.4,410.6,18.4,71.1,Clear,15.8,False,None,
URB-11678,LOC-06,Bhubaneswar Railway Station,20.2657,85.8436,2026-08-11 04:46:47,79,0.36,44.4,77,31.0,60.6,480.0,18.6,64.4,Partly Cloudy,30.7,False,None,
URB-11679,LOC-07,Nandankanan Road,20.37,85.825,2026-08-11 04:59:47,52,0.19,35.3,65,26.2,45.4,450.1,16.8,70.7,Clear,26.3,False,None,
URB-11680,LOC-08,Kalarahanga Road,20.38,85.83,2026-08-11 05:15:47,41,0.14,49.7,61,31.0,59.0,436.5,15.8,92.6,Fog,18.8,False,None,
URB-11681,LOC-01,Patia Main Road,20.3533,85.8197,2026-08-11 05:36:47,69,0.27,32.5,86,36.5,61.9,476.4,19.6,66.3,Haze,34.6,False,None,
URB-11682,LOC-02,Jayadev Vihar,20.301,85.8239,2026-08-11 05:46:47,67,0.3,14.1,69,32.4,62.6,463.1,18.6,63.8,Partly Cloudy,26.1,True,Severe Gridlock,Critical speed drop to 14.1 km/h indicating major arterial blockade.
URB-11683,LOC-03,Saheed Nagar,20.2872,85.8415,2026-08-11 06:03:47,127,0.54,22.4,143,62.0,120.6,508.3,17.2,88.2,Fog,60.4,False,None,
URB-11684,LOC-04,Khandagiri,20.2588,85.7836,2026-08-11 06:12:47,116,0.5,27.7,83,35.3,72.9,515.1,18.6,63.5,Clear,45.7,False,None,
URB-11685,LOC-05,Vani Vihar,20.2974,85.8364,2026-08-11 06:27:47,73,0.3,23.2,55,30.4,50.1,444.5,17.7,86.8,Rain,35.0,False,None,
URB-11686,LOC-06,Bhubaneswar Railway Station,20.2657,85.8436,2026-08-11 06:51:47,142,0.61,24.3,91,40.8,69.1,520.9,17.3,85.1,Heavy Rain,53.2,False,None,
URB-11687,LOC-07,Nandankanan Road,20.37,85.825,2026-08-11 06:58:47,134,0.48,23.5,118,51.9,94.5,527.8,17.8,72.0,Haze,53.1,False,None,
URB-11688,LOC-08,Kalarahanga Road,20.38,85.83,2026-08-11 07:19:47,190,0.77,32.9,99,44.6,90.0,548.7,22.1,61.4,Clear,56.7,False,None,
URB-11689,LOC-01,Patia Main Road,20.3533,85.8197,2026-08-11 07:30:47,282,0.98,11.0,109,48.5,85.5,636.1,18.7,88.4,Rain,77.8,False,None,
URB-11690,LOC-02,Jayadev Vihar,20.301,85.8239,2026-08-11 07:43:47,410,0.98,14.6,191,90.4,171.0,744.7,19.3,68.5,Partly Cloudy,90.3,False,None,
URB-11691,LOC-03,Saheed Nagar,20.2872,85.8415,2026-08-11 07:57:47,268,0.98,14.5,154,71.8,133.3,628.8,19.1,62.7,Partly Cloudy,83.9,False,None,
URB-11692,LOC-04,Khandagiri,20.2588,85.7836,2026-08-11 08:20:47,255,0.98,13.5,124,55.6,97.1,618.3,23.0,61.3,Clear,79.2,False,None,
URB-11693,LOC-05,Vani Vihar,20.2974,85.8364,2026-08-11 08:37:47,134,0.61,26.2,91,46.9,90.0,529.3,20.4,63.7,Clear,52.2,False,None,
URB-11694,LOC-06,Bhubaneswar Railway Station,20.2657,85.8436,2026-08-11 08:50:47,294,0.98,5.5,126,56.5,97.6,675.9,22.1,81.1,Heavy Rain,78.5,True,Severe Gridlock,Critical speed drop to 5.5 km/h indicating major arterial blockade.
URB-11695,LOC-07,Nandankanan Road,20.37,85.825,2026-08-11 09:01:47,248,0.98,9.6,112,52.1,96.1,631.0,23.8,75.2,Heavy Rain,79.0,False,None,
URB-11696,LOC-08,Kalarahanga Road,20.38,85.83,2026-08-11 09:21:47,159,0.6,34.3,102,50.8,101.1,541.0,24.7,58.2,Partly Cloudy,49.7,False,None,
URB-11697,LOC-01,Patia Main Road,20.3533,85.8197,2026-08-11 09:37:47,339,0.98,15.5,164,79.3,145.3,691.2,22.4,60.8,Partly Cloudy,85.2,False,None,
URB-11698,LOC-02,Jayadev Vihar,20.301,85.8239,2026-08-11 09:51:47,344,0.98,11.3,198,92.5,168.9,713.2,21.1,79.0,Fog,93.2,False,None,
URB-11699,LOC-03,Saheed Nagar,20.2872,85.8415,2026-08-11 09:59:47,241,0.91,17.6,151,67.7,128.8,622.4,21.1,58.6,Clear,79.0,False,None,
URB-11700,LOC-04,Khandagiri,20.2588,85.7836,2026-08-11 10:18:47,133,0.47,19.6,83,34.6,59.1,515.3,25.4,79.7,Heavy Rain,48.5,False,None,
URB-11701,LOC-05,Vani Vihar,20.2974,85.8364,2026-08-11 10:27:47,110,0.49,24.5,85,39.2,79.6,504.1,25.6,79.8,Fog,47.2,False,None,
URB-11702,LOC-06,Bhubaneswar Railway Station,20.2657,85.8436,2026-08-11 10:51:47,216,0.93,20.2,167,78.5,140.8,599.0,25.6,55.5,Haze,81.3,False,None,
URB-11703,LOC-07,Nandankanan Road,20.37,85.825,2026-08-11 10:58:47,175,0.8,16.5,139,64.4,115.1,534.1,22.6,82.1,Fog,73.1,False,None,
URB-11704,LOC-08,Kalarahanga Road,20.38,85.83,2026-08-11 11:18:47,140,0.6,35.8,79,32.5,62.6,518.8,28.4,52.6,Clear,44.9,False,None,
URB-11705,LOC-01,Patia Main Road,20.3533,85.8197,2026-08-11 11:31:47,203,0.88,13.6,95,47.2,80.1,570.1,28.6,69.0,Rain,70.0,False,None,
URB-11706,LOC-02,Jayadev Vihar,20.301,85.8239,2026-08-11 11:47:47,218,0.85,18.0,122,59.8,106.7,586.2,26.6,56.1,Partly Cloudy,71.3,False,None,
URB-11707,LOC-03,Saheed Nagar,20.2872,85.8415,2026-08-11 12:04:47,181,0.64,25.1,116,55.9,109.3,548.6,27.9,48.3,Partly Cloudy,58.3,False,None,
URB-11708,LOC-04,Khandagiri,20.2588,85.7836,2026-08-11 12:14:47,154,0.62,26.0,104,44.2,82.5,544.3,29.5,47.2,Partly Cloudy,55.0,False,None,
URB-11709,LOC-05,Vani Vihar,20.2974,85.8364,2026-08-11 12:28:47,88,0.33,23.1,52,22.5,49.8,463.3,29.3,72.4,Heavy Rain,35.8,False,None,
URB-11710,LOC-06,Bhubaneswar Railway Station,20.2657,85.8436,2026-08-11 12:49:47,178,0.62,37.7,125,53.3,92.7,574.9,27.5,50.1,Clear,52.8,False,None,
URB-11711,LOC-07,Nandankanan Road,20.37,85.825,2026-08-11 12:58:47,160,0.67,19.6,120,58.8,101.8,541.6,26.1,59.5,Haze,63.0,False,None,
URB-11712,LOC-08,Kalarahanga Road,20.38,85.83,2026-08-11 13:15:47,114,0.44,41.0,70,28.4,59.3,482.7,26.5,51.7,Clear,34.4,False,None,
URB-11713,LOC-01,Patia Main Road,20.3533,85.8197,2026-08-11 13:30:47,207,0.95,15.5,131,64.4,121.6,564.0,25.7,51.7,Partly Cloudy,98.5,True,Multi-Vector Urban Risk,Combined extreme congestion (95%) and high particulate pollution.
URB-11714,LOC-02,Jayadev Vihar,20.301,85.8239,2026-08-11 13:48:47,214,0.94,11.9,115,57.5,103.1,604.1,29.1,69.5,Rain,76.8,False,None,
URB-11715,LOC-03,Saheed Nagar,20.2872,85.8415,2026-08-11 13:59:47,164,0.6,19.3,93,40.2,72.8,537.9,30.1,65.9,Heavy Rain,55.6,False,None,
URB-11716,LOC-04,Khandagiri,20.2588,85.7836,2026-08-11 14:22:47,169,0.64,26.6,89,46.0,85.8,537.5,27.2,58.8,Partly Cloudy,52.9,False,None,
URB-11717,LOC-05,Vani Vihar,20.2974,85.8364,2026-08-11 14:32:47,104,0.37,33.1,73,37.3,72.7,506.7,27.5,58.6,Clear,36.0,False,None,
URB-11718,LOC-06,Bhubaneswar Railway Station,20.2657,85.8436,2026-08-11 14:47:47,234,0.98,18.6,188,89.4,162.1,596.6,25.9,60.4,Haze,87.8,False,None,
URB-11719,LOC-07,Nandankanan Road,20.37,85.825,2026-08-11 15:05:47,198,0.74,15.5,87,35.3,64.7,556.4,26.1,71.5,Rain,62.1,False,None,
URB-11720,LOC-08,Kalarahanga Road,20.38,85.83,2026-08-11 15:20:47,124,0.49,29.5,74,32.4,57.9,492.4,26.5,78.9,Rain,42.8,False,None,
URB-11721,LOC-01,Patia Main Road,20.3533,85.8197,2026-08-11 15:33:47,178,0.63,19.6,147,65.7,118.6,566.8,27.5,71.3,Fog,66.1,False,None,
URB-11722,LOC-02,Jayadev Vihar,20.301,85.8239,2026-08-11 15:44:47,274,0.98,13.5,133,63.0,115.8,632.9,29.4,53.6,Clear,80.7,False,None,
URB-11723,LOC-03,Saheed Nagar,20.2872,85.8415,2026-08-11 16:05:47,256,0.98,12.7,160,75.9,139.1,632.1,25.9,53.4,Clear,85.8,False,None,
URB-11724,LOC-04,Khandagiri,20.2588,85.7836,2026-08-11 16:14:47,187,0.75,18.5,124,59.5,107.3,560.1,24.8,56.9,Haze,67.5,False,None,
URB-11725,LOC-05,Vani Vihar,20.2974,85.8364,2026-08-11 16:28:47,128,0.46,32.8,86,36.6,73.8,502.6,28.0,50.8,Clear,42.1,False,None,
URB-11726,LOC-06,Bhubaneswar Railway Station,20.2657,85.8436,2026-08-11 16:48:47,300,0.98,20.5,144,68.1,130.7,645.2,29.4,50.9,Clear,79.2,False,None,
URB-11727,LOC-07,Nandankanan Road,20.37,85.825,2026-08-11 16:57:47,239,0.98,13.3,129,63.6,110.7,613.9,27.4,54.8,Partly Cloudy,80.1,False,None,
URB-11728,LOC-08,Kalarahanga Road,20.38,85.83,2026-08-11 17:12:47,167,0.75,30.7,102,47.8,88.0,530.0,24.3,60.4,Clear,57.5,False,None,
URB-11729,LOC-01,Patia Main Road,20.3533,85.8197,2026-08-11 17:33:47,333,0.98,14.5,181,84.3,156.0,690.2,28.4,55.0,Clear,88.6,False,None,
URB-11730,LOC-02,Jayadev Vihar,20.301,85.8239,2026-08-11 17:42:47,356,0.98,12.4,212,95.0,166.1,729.2,26.9,57.9,Haze,93.0,False,None,
URB-11731,LOC-03,Saheed Nagar,20.2872,85.8415,2026-08-11 18:00:47,239,0.91,11.0,126,61.4,112.2,594.9,24.9,74.3,Heavy Rain,78.0,False,None,
URB-11732,LOC-04,Khandagiri,20.2588,85.7836,2026-08-11 18:19:47,240,0.98,12.9,121,56.0,103.5,600.1,23.1,59.5,Partly Cloudy,78.9,False,None,
URB-11733,LOC-05,Vani Vihar,20.2974,85.8364,2026-08-11 18:34:47,125,0.46,31.1,79,39.3,73.8,517.8,25.7,55.3,Partly Cloudy,41.7,False,None,
URB-11734,LOC-06,Bhubaneswar Railway Station,20.2657,85.8436,2026-08-11 18:45:47,315,0.98,21.9,169,78.8,147.6,694.5,22.5,64.2,Clear,82.8,False,None,
URB-11735,LOC-07,Nandankanan Road,20.37,85.825,2026-08-11 19:02:47,304,0.98,9.2,135,58.1,112.7,674.7,24.4,76.3,Heavy Rain,83.2,False,None,
URB-11736,LOC-08,Kalarahanga Road,20.38,85.83,2026-08-11 19:14:47,179,0.62,40.4,110,48.1,91.6,560.2,24.9,58.2,Clear,83.8,True,Multi-Vector Urban Risk,Combined extreme congestion (62%) and high particulate pollution.
URB-11737,LOC-01,Patia Main Road,20.3533,85.8197,2026-08-11 19:37:47,289,0.98,12.5,180,84.5,160.3,644.9,25.3,61.2,Haze,89.5,False,None,
URB-11738,LOC-02,Jayadev Vihar,20.301,85.8239,2026-08-11 19:47:47,383,0.98,15.2,205,90.4,163.2,752.6,23.0,55.5,Clear,91.6,False,None,
URB-11739,LOC-03,Saheed Nagar,20.2872,85.8415,2026-08-11 20:07:47,142,0.63,19.9,148,71.3,132.0,536.7,23.0,82.4,Fog,66.1,False,None,
URB-11740,LOC-04,Khandagiri,20.2588,85.7836,2026-08-11 20:16:47,96,0.33,28.2,83,33.5,68.2,465.7,21.6,85.7,Fog,38.6,False,None,
URB-11741,LOC-05,Vani Vihar,20.2974,85.8364,2026-08-11 20:28:47,84,0.32,26.2,58,26.1,53.9,481.1,23.1,85.2,Rain,34.9,False,None,
URB-11742,LOC-06,Bhubaneswar Railway Station,20.2657,85.8436,2026-08-11 20:51:47,150,0.61,24.6,87,40.1,71.1,523.0,23.6,83.4,Rain,52.3,False,None,
URB-11743,LOC-07,Nandankanan Road,20.37,85.825,2026-08-11 21:04:47,154,0.63,21.1,117,56.1,109.7,552.0,19.5,83.2,Fog,60.1,False,None,
URB-11744,LOC-08,Kalarahanga Road,20.38,85.83,2026-08-11 21:20:47,109,0.49,41.2,77,35.7,64.4,477.0,19.1,65.1,Clear,37.5,False,None,
URB-11745,LOC-01,Patia Main Road,20.3533,85.8197,2026-08-11 21:33:47,132,0.56,23.7,112,49.3,95.1,500.2,21.6,57.8,Haze,55.1,False,None,
URB-11746,LOC-02,Jayadev Vihar,20.301,85.8239,2026-08-11 21:47:47,178,0.7,15.3,90,44.8,82.6,549.5,20.2,80.0,Rain,61.1,False,None,
URB-11747,LOC-03,Saheed Nagar,20.2872,85.8415,2026-08-11 22:01:47,53,0.24,33.4,227,96.4,81.0,441.9,20.1,62.0,Haze,36.1,True,Air Quality Hazard,"Hazardous particulate spike (AQI 227, PM2.5 96.4 µg/m³) detected near Saheed Nagar."
URB-11748,LOC-04,Khandagiri,20.2588,85.7836,2026-08-11 22:19:47,51,0.22,27.4,44,21.4,38.5,433.9,18.8,83.6,Rain,27.8,False,None,
URB-11749,LOC-05,Vani Vihar,20.2974,85.8364,2026-08-11 22:33:47,30,0.14,37.2,51,23.1,40.3,409.4,19.1,64.4,Haze,55.9,True,Multi-Vector Urban Risk,Combined extreme congestion (14%) and high particulate pollution.
URB-11750,LOC-06,Bhubaneswar Railway Station,20.2657,85.8436,2026-08-11 22:52:47,59,0.27,56.5,79,40.8,75.6,456.4,21.2,60.3,Partly Cloudy,27.1,False,None,
URB-11751,LOC-07,Nandankanan Road,20.37,85.825,2026-08-11 23:02:47,50,0.22,31.9,83,40.3,79.5,440.2,17.6,84.1,Fog,32.4,False,None,
URB-11752,LOC-08,Kalarahanga Road,20.38,85.83,2026-08-11 23:20:47,40,0.15,38.2,39,21.4,43.8,424.4,17.1,86.7,Heavy Rain,18.7,False,None,
URB-11753,LOC-01,Patia Main Road,20.3533,85.8197,2026-08-11 23:36:47,64,0.26,38.6,71,30.5,50.0,470.9,16.9,73.2,Partly Cloudy,28.5,False,None,
URB-11754,LOC-02,Jayadev Vihar,20.301,85.8239,2026-08-11 23:52:47,70,0.28,32.2,93,40.4,74.3,458.0,19.7,65.4,Haze,36.4,False,None,
URB-11755,LOC-03,Saheed Nagar,20.2872,85.8415,2026-08-11 23:57:47,59,0.24,34.8,92,42.0,73.7,435.3,16.3,69.6,Partly Cloudy,33.3,False,None,
URB-11756,LOC-04,Khandagiri,20.2588,85.7836,2026-08-12 00:14:47,53,0.19,35.9,62,28.8,55.9,453.2,18.5,70.6,Partly Cloudy,25.5,False,None,
URB-11757,LOC-05,Vani Vihar,20.2974,85.8364,2026-08-12 00:28:47,26,0.11,27.9,115,39.7,37.3,433.7,16.2,88.6,Heavy Rain,22.8,True,Air Quality Hazard,"Hazardous particulate spike (AQI 115, PM2.5 39.7 µg/m³) detected near Vani Vihar."
URB-11758,LOC-06,Bhubaneswar Railway Station,20.2657,85.8436,2026-08-12 00:43:47,78,0.27,38.6,76,40.1,81.9,477.5,15.2,96.2,Heavy Rain,29.8,False,None,
URB-11759,LOC-07,Nandankanan Road,20.37,85.825,2026-08-12 00:57:47,67,0.3,33.3,65,25.5,42.0,451.2,16.8,65.6,Clear,31.7,False,None,
URB-11760,LOC-08,Kalarahanga Road,20.38,85.83,2026-08-12 01:12:47,43,0.15,63.1,56,30.6,54.4,431.5,17.6,72.5,Partly Cloudy,18.3,False,None,
URB-11761,LOC-01,Patia Main Road,20.3533,85.8197,2026-08-12 01:29:47,71,0.26,28.7,67,27.7,49.0,454.0,14.8,88.9,Heavy Rain,32.8,False,None,
URB-11762,LOC-02,Jayadev Vihar,20.301,85.8239,2026-08-12 01:45:47,62,0.23,32.5,84,42.6,80.9,460.5,17.5,87.0,Fog,32.6,False,None,
URB-11763,LOC-03,Saheed Nagar,20.2872,85.8415,2026-08-12 02:05:47,46,0.19,29.4,73,30.7,63.2,425.4,15.8,87.9,Rain,30.7,False,None,
URB-11764,LOC-04,Khandagiri,20.2588,85.7836,2026-08-12 02:21:47,51,0.19,40.2,52,27.7,55.6,432.8,17.4,72.1,Clear,21.6,False,None,
URB-11765,LOC-05,Vani Vihar,20.2974,85.8364,2026-08-12 02:37:47,33,0.13,27.5,40,20.2,40.8,430.5,15.3,89.1,Rain,23.4,False,None,
URB-11766,LOC-06,Bhubaneswar Railway Station,20.2657,85.8436,2026-08-12 02:49:47,56,0.25,45.0,93,42.0,83.7,458.0,15.6,71.6,Haze,28.8,False,None,
URB-11767,LOC-07,Nandankanan Road,20.37,85.825,2026-08-12 03:05:47,60,0.27,37.0,60,23.8,43.4,462.7,14.6,68.6,Clear,27.8,False,None,
URB-11768,LOC-08,Kalarahanga Road,20.38,85.83,2026-08-12 03:16:47,41,0.15,58.7,50,28.1,49.3,448.5,16.6,66.8,Partly Cloudy,17.2,False,None,
URB-11769,LOC-01,Patia Main Road,20.3533,85.8197,2026-08-12 03:29:47,61,0.21,40.8,79,32.7,67.1,466.1,17.7,66.9,Partly Cloudy,26.8,False,None,
URB-11770,LOC-02,Jayadev Vihar,20.301,85.8239,2026-08-12 03:47:47,70,0.3,27.6,66,31.3,61.8,447.0,15.7,91.5,Rain,34.8,False,None,
URB-11771,LOC-03,Saheed Nagar,20.2872,85.8415,2026-08-12 04:00:47,48,0.17,42.4,72,33.8,61.0,434.0,15.1,71.6,Partly Cloudy,23.2,False,None,
URB-11772,LOC-04,Khandagiri,20.2588,85.7836,2026-08-12 04:20:47,42,0.15,37.4,71,32.4,58.3,423.6,15.7,68.1,Haze,24.7,False,None,
URB-11773,LOC-05,Vani Vihar,20.2974,85.8364,2026-08-12 04:32:47,31,0.11,32.2,52,24.0,47.0,408.6,19.1,85.4,Fog,22.4,False,None,
URB-11774,LOC-06,Bhubaneswar Railway Station,20.2657,85.8436,2026-08-12 04:43:47,65,0.27,56.6,77,40.5,69.4,459.1,17.1,73.4,Clear,26.8,False,None,
URB-11775,LOC-07,Nandankanan Road,20.37,85.825,2026-08-12 05:03:47,49,0.18,28.2,55,23.5,42.1,428.4,17.3,93.5,Heavy Rain,27.7,False,None,
URB-11776,LOC-08,Kalarahanga Road,20.38,85.83,2026-08-12 05:20:47,45,0.17,44.8,162,65.3,62.5,451.7,18.8,70.7,Haze,21.3,True,Air Quality Hazard,"Hazardous particulate spike (AQI 162, PM2.5 65.3 µg/m³) detected near Kalarahanga Road."
URB-11777,LOC-01,Patia Main Road,20.3533,85.8197,2026-08-12 05:37:47,72,0.32,28.6,83,36.9,64.9,445.3,15.6,68.3,Haze,38.0,False,None,
URB-11778,LOC-02,Jayadev Vihar,20.301,85.8239,2026-08-12 05:42:47,64,0.23,28.7,66,26.2,54.9,436.6,18.5,85.2,Rain,31.4,False,None,
URB-11779,LOC-03,Saheed Nagar,20.2872,85.8415,2026-08-12 06:06:47,136,0.5,21.5,86,44.4,82.4,502.5,20.0,82.5,Heavy Rain,49.3,False,None,
URB-11780,LOC-04,Khandagiri,20.2588,85.7836,2026-08-12 06:16:47,124,0.47,27.9,118,52.1,96.9,518.2,19.5,68.1,Haze,50.5,False,None,
URB-11781,LOC-05,Vani Vihar,20.2974,85.8364,2026-08-12 06:33:47,77,0.34,23.2,54,25.9,46.9,452.7,17.7,85.2,Heavy Rain,36.5,False,None,
URB-11782,LOC-06,Bhubaneswar Railway Station,20.2657,85.8436,2026-08-12 06:51:47,146,0.58,38.9,108,51.0,98.6,518.0,18.7,62.5,Clear,47.7,False,None,
URB-11783,LOC-07,Nandankanan Road,20.37,85.825,2026-08-12 07:05:47,242,0.98,11.2,158,71.1,125.6,623.8,21.4,85.0,Fog,86.2,False,None,
URB-11784,LOC-08,Kalarahanga Road,20.38,85.83,2026-08-12 07:16:47,184,0.77,22.8,90,39.7,72.1,555.1,22.6,84.7,Heavy Rain,60.1,False,None,
URB-11785,LOC-01,Patia Main Road,20.3533,85.8197,2026-08-12 07:33:47,310,0.98,15.2,164,76.4,142.1,654.3,18.5,64.1,Partly Cloudy,85.3,False,None,
URB-11786,LOC-02,Jayadev Vihar,20.301,85.8239,2026-08-12 07:46:47,315,0.98,10.4,149,64.7,113.9,668.6,18.8,81.9,Heavy Rain,85.1,False,None,
URB-11787,LOC-03,Saheed Nagar,20.2872,85.8415,2026-08-12 07:58:47,259,0.93,10.2,120,56.9,98.0,608.6,21.5,81.9,Rain,78.1,False,None,
URB-11788,LOC-04,Khandagiri,20.2588,85.7836,2026-08-12 08:12:47,251,0.98,10.8,220,96.2,81.7,603.0,22.4,80.7,Rain,76.3,True,Air Quality Hazard,"Hazardous particulate spike (AQI 220, PM2.5 96.2 µg/m³) detected near Khandagiri."
URB-11789,LOC-05,Vani Vihar,20.2974,85.8364,2026-08-12 08:36:47,121,0.52,29.0,71,29.6,60.8,493.7,23.3,60.4,Clear,43.7,False,None,
URB-11790,LOC-06,Bhubaneswar Railway Station,20.2657,85.8436,2026-08-12 08:51:47,308,0.98,18.6,164,70.2,127.4,690.8,24.2,55.1,Partly Cloudy,83.6,False,None,
URB-11791,LOC-07,Nandankanan Road,20.37,85.825,2026-08-12 09:07:47,263,0.98,4.2,176,82.3,148.4,629.1,21.7,60.3,Haze,89.0,True,Severe Gridlock,Critical speed drop to 4.2 km/h indicating major arterial blockade.
URB-11792,LOC-08,Kalarahanga Road,20.38,85.83,2026-08-12 09:15:47,165,0.61,24.6,86,36.8,74.3,556.5,24.3,82.1,Heavy Rain,52.1,False,None,
URB-11793,LOC-01,Patia Main Road,20.3533,85.8197,2026-08-12 09:33:47,253,0.98,14.5,124,53.8,93.3,614.0,21.5,62.1,Clear,78.7,False,None,
URB-11794,LOC-02,Jayadev Vihar,20.301,85.8239,2026-08-12 09:46:47,405,0.98,13.2,385,181.9,164.7,758.3,25.5,57.0,Clear,91.2,True,Air Quality Hazard,"Hazardous particulate spike (AQI 385, PM2.5 181.9 µg/m³) detected near Jayadev Vihar."
URB-11795,LOC-03,Saheed Nagar,20.2872,85.8415,2026-08-12 10:01:47,157,0.65,18.9,143,63.8,117.5,527.4,24.6,73.8,Fog,66.6,False,None,
URB-11796,LOC-04,Khandagiri,20.2588,85.7836,2026-08-12 10:13:47,152,0.62,17.1,81,36.9,65.4,539.7,22.7,77.6,Heavy Rain,55.4,False,None,
URB-11797,LOC-05,Vani Vihar,20.2974,85.8364,2026-08-12 10:34:47,86,0.33,36.5,62,29.6,63.2,484.2,25.0,56.4,Partly Cloudy,30.8,False,None,
URB-11798,LOC-06,Bhubaneswar Railway Station,20.2657,85.8436,2026-08-12 10:46:47,204,0.75,28.0,166,72.4,133.1,564.1,25.3,72.5,Fog,70.0,False,None,
URB-11799,LOC-07,Nandankanan Road,20.37,85.825,2026-08-12 11:01:47,189,0.86,16.1,118,53.9,106.2,558.7,26.2,54.1,Clear,72.0,False,None,
URB-11800,LOC-08,Kalarahanga Road,20.38,85.83,2026-08-12 11:18:47,114,0.43,39.3,91,42.3,75.1,478.2,27.7,54.3,Haze,38.5,False,None,
URB-11801,LOC-01,Patia Main Road,20.3533,85.8197,2026-08-12 11:31:47,226,0.94,11.6,108,47.4,87.2,590.1,26.0,80.6,Heavy Rain,75.7,False,None,
URB-11802,LOC-02,Jayadev Vihar,20.301,85.8239,2026-08-12 11:48:47,240,0.95,15.5,134,61.0,115.0,625.2,28.1,50.4,Clear,78.7,False,None,
URB-11803,LOC-03,Saheed Nagar,20.2872,85.8415,2026-08-12 12:00:47,172,0.75,16.8,95,42.5,79.3,532.5,28.0,76.8,Heavy Rain,63.2,False,None,
URB-11804,LOC-04,Khandagiri,20.2588,85.7836,2026-08-12 12:12:47,129,0.51,30.1,82,33.3,61.8,514.2,25.2,60.0,Clear,44.7,False,None,
URB-11805,LOC-05,Vani Vihar,20.2974,85.8364,2026-08-12 12:35:47,80,0.37,23.4,48,24.7,46.1,477.1,26.8,73.2,Heavy Rain,36.5,False,None,
URB-11806,LOC-06,Bhubaneswar Railway Station,20.2657,85.8436,2026-08-12 12:51:47,195,0.67,29.2,155,73.7,141.2,568.1,25.8,79.5,Fog,64.3,False,None,
URB-11807,LOC-07,Nandankanan Road,20.37,85.825,2026-08-12 12:59:47,194,0.76,22.7,99,40.7,75.9,568.6,27.6,51.4,Partly Cloudy,61.4,False,None,
URB-11808,LOC-08,Kalarahanga Road,20.38,85.83,2026-08-12 13:20:47,116,0.46,30.6,72,34.1,59.4,503.3,29.4,69.8,Heavy Rain,40.7,False,None,
URB-11809,LOC-01,Patia Main Road,20.3533,85.8197,2026-08-12 13:29:47,203,0.84,16.9,162,76.9,143.0,587.9,30.2,44.9,Haze,78.5,False,None,
URB-11810,LOC-02,Jayadev Vihar,20.301,85.8239,2026-08-12 13:52:47,220,0.78,18.5,164,77.4,145.8,600.8,25.6,58.1,Haze,75.7,False,None,
URB-11811,LOC-03,Saheed Nagar,20.2872,85.8415,2026-08-12 14:03:47,182,0.63,20.9,169,77.8,149.5,546.3,25.8,52.0,Haze,69.3,False,None,
URB-11812,LOC-04,Khandagiri,20.2588,85.7836,2026-08-12 14:12:47,131,0.57,19.8,77,36.3,68.4,523.6,28.0,74.2,Heavy Rain,51.4,False,None,
URB-11813,LOC-05,Vani Vihar,20.2974,85.8364,2026-08-12 14:28:47,84,0.36,31.3,74,36.7,74.9,481.4,29.4,68.2,Fog,36.7,False,None,
URB-11814,LOC-06,Bhubaneswar Railway Station,20.2657,85.8436,2026-08-12 14:46:47,196,0.76,24.8,162,75.5,145.5,552.6,29.1,72.3,Fog,71.3,False,None,
URB-11815,LOC-07,Nandankanan Road,20.37,85.825,2026-08-12 15:00:47,168,0.77,15.2,87,39.3,66.1,527.0,26.7,77.7,Rain,63.4,False,None,
URB-11816,LOC-08,Kalarahanga Road,20.38,85.83,2026-08-12 15:14:47,128,0.56,39.0,76,40.2,70.8,490.3,26.6,56.2,Clear,41.2,False,None,
URB-11817,LOC-01,Patia Main Road,20.3533,85.8197,2026-08-12 15:31:47,222,0.97,12.8,142,67.1,117.5,606.1,28.8,55.0,Haze,82.2,False,None,
URB-11818,LOC-02,Jayadev Vihar,20.301,85.8239,2026-08-12 15:42:47,247,0.98,9.7,118,57.7,110.2,606.2,25.9,80.0,Heavy Rain,80.0,False,None,
URB-11819,LOC-03,Saheed Nagar,20.2872,85.8415,2026-08-12 15:58:47,177,0.66,18.4,112,47.3,80.2,571.1,28.6,76.1,Heavy Rain,61.8,False,None,
URB-11820,LOC-04,Khandagiri,20.2588,85.7836,2026-08-12 16:12:47,381,0.99,15.5,104,43.1,82.0,587.7,26.2,55.2,Clear,74.7,True,Traffic Bottleneck,Sudden vehicular surge of 381 vehicles/min exceeding corridor capacity.
URB-11821,LOC-05,Vani Vihar,20.2974,85.8364,2026-08-12 16:34:47,138,0.56,27.9,79,34.5,65.0,515.8,25.6,60.3,Partly Cloudy,47.3,False,None,
URB-11822,LOC-06,Bhubaneswar Railway Station,20.2657,85.8436,2026-08-12 16:42:47,359,0.98,17.4,210,97.0,179.1,724.5,29.5,55.3,Haze,90.5,False,None,
URB-11823,LOC-07,Nandankanan Road,20.37,85.825,2026-08-12 17:03:47,224,0.98,12.5,137,65.6,119.2,605.4,28.2,71.5,Fog,81.9,False,None,
URB-11824,LOC-08,Kalarahanga Road,20.38,85.83,2026-08-12 17:20:47,187,0.82,26.3,95,48.0,84.3,548.1,24.0,61.6,Clear,61.3,False,None,
URB-11825,LOC-01,Patia Main Road,20.3533,85.8197,2026-08-12 17:31:47,280,0.98,10.4,139,65.4,125.8,652.2,24.7,75.5,Rain,83.3,False,None,
URB-11826,LOC-02,Jayadev Vihar,20.301,85.8239,2026-08-12 17:43:47,295,0.98,15.0,170,74.6,138.2,677.7,24.5,54.9,Partly Cloudy,86.5,False,None,
URB-11827,LOC-03,Saheed Nagar,20.2872,85.8415,2026-08-12 17:59:47,250,0.92,15.0,164,76.8,137.0,636.4,26.6,54.2,Partly Cloudy,83.0,False,None,
URB-11828,LOC-04,Khandagiri,20.2588,85.7836,2026-08-12 18:19:47,192,0.83,17.9,102,45.4,80.1,560.5,26.7,58.9,Clear,67.1,False,None,
URB-11829,LOC-05,Vani Vihar,20.2974,85.8364,2026-08-12 18:31:47,156,0.66,21.9,100,43.4,79.1,547.0,26.4,73.2,Fog,58.0,False,None,
URB-11830,LOC-06,Bhubaneswar Railway Station,20.2657,85.8436,2026-08-12 18:50:47,282,0.98,18.1,183,85.5,155.1,646.9,25.0,77.7,Fog,87.2,False,None,
URB-11831,LOC-07,Nandankanan Road,20.37,85.825,2026-08-12 18:59:47,263,0.98,15.0,127,53.9,97.6,635.9,25.6,56.9,Partly Cloudy,78.9,False,None,
URB-11832,LOC-08,Kalarahanga Road,20.38,85.83,2026-08-12 19:19:47,211,0.75,23.9,128,57.7,108.2,575.2,24.1,57.7,Haze,98.5,True,Multi-Vector Urban Risk,Combined extreme congestion (75%) and high particulate pollution.
URB-11833,LOC-01,Patia Main Road,20.3533,85.8197,2026-08-12 19:33:47,352,0.98,14.3,175,80.7,153.6,708.1,22.0,60.4,Clear,87.7,False,None,
URB-11834,LOC-02,Jayadev Vihar,20.301,85.8239,2026-08-12 19:44:47,405,0.98,13.1,255,119.4,215.9,761.4,22.1,84.4,Fog,92.7,False,None,
URB-11835,LOC-03,Saheed Nagar,20.2872,85.8415,2026-08-12 20:04:47,135,0.52,21.8,87,40.4,80.7,497.0,20.1,82.4,Heavy Rain,50.1,False,None,
URB-11836,LOC-04,Khandagiri,20.2588,85.7836,2026-08-12 20:21:47,97,0.35,34.2,83,37.4,62.8,469.9,23.3,55.9,Partly Cloudy,36.4,False,None,
URB-11837,LOC-05,Vani Vihar,20.2974,85.8364,2026-08-12 20:31:47,62,0.28,27.1,52,20.1,43.1,468.0,20.2,85.9,Rain,31.8,False,None,
URB-11838,LOC-06,Bhubaneswar Railway Station,20.2657,85.8436,2026-08-12 20:52:47,185,0.82,29.0,113,55.0,101.4,564.1,20.6,60.3,Partly Cloudy,63.1,False,None,
URB-11839,LOC-07,Nandankanan Road,20.37,85.825,2026-08-12 21:07:47,137,0.47,26.2,108,52.0,98.6,515.7,19.6,87.3,Fog,49.6,False,None,
URB-11840,LOC-08,Kalarahanga Road,20.38,85.83,2026-08-12 21:16:47,90,0.41,47.7,65,31.0,58.1,458.2,18.9,65.0,Clear,30.3,False,None,
URB-11841,LOC-01,Patia Main Road,20.3533,85.8197,2026-08-12 21:36:47,163,0.61,27.9,117,56.4,110.3,537.7,22.5,61.9,Clear,55.9,False,None,
URB-11842,LOC-02,Jayadev Vihar,20.301,85.8239,2026-08-12 21:42:47,213,0.82,16.4,150,72.9,132.9,601.9,18.4,69.0,Haze,75.8,False,None,
URB-11843,LOC-03,Saheed Nagar,20.2872,85.8415,2026-08-12 21:58:47,127,0.48,25.3,152,67.3,128.8,519.6,21.2,85.5,Fog,58.1,False,None,
URB-11844,LOC-04,Khandagiri,20.2588,85.7836,2026-08-12 22:16:47,42,0.18,27.3,49,26.6,44.3,451.4,19.8,85.1,Heavy Rain,27.1,False,None,
URB-11845,LOC-05,Vani Vihar,20.2974,85.8364,2026-08-12 22:34:47,27,0.1,30.1,42,22.5,38.2,438.1,16.8,89.0,Heavy Rain,21.3,False,None,
URB-11846,LOC-06,Bhubaneswar Railway Station,20.2657,85.8436,2026-08-12 22:47:47,73,0.3,45.6,102,43.8,84.8,464.3,19.1,83.3,Fog,32.4,False,None,
URB-11847,LOC-07,Nandankanan Road,20.37,85.825,2026-08-12 23:01:47,64,0.24,27.5,59,27.9,58.2,463.8,17.7,83.7,Rain,31.2,False,None,
URB-11848,LOC-08,Kalarahanga Road,20.38,85.83,2026-08-12 23:17:47,45,0.2,58.0,56,29.1,56.8,434.3,16.9,72.4,Clear,20.3,False,None,
URB-11849,LOC-01,Patia Main Road,20.3533,85.8197,2026-08-12 23:35:47,96,0.33,29.7,54,24.1,53.0,431.2,17.9,86.6,Rain,28.8,True,Traffic Bottleneck,Sudden vehicular surge of 96 vehicles/min exceeding corridor capacity.
URB-11850,LOC-02,Jayadev Vihar,20.301,85.8239,2026-08-12 23:50:47,75,0.29,26.1,73,33.4,59.2,445.7,18.9,82.6,Rain,36.3,False,None,
URB-11851,LOC-03,Saheed Nagar,20.2872,85.8415,2026-08-13 00:03:47,51,0.21,30.1,91,39.8,75.5,436.8,17.5,72.0,Haze,34.3,False,None,
URB-11852,LOC-04,Khandagiri,20.2588,85.7836,2026-08-13 00:12:47,43,0.19,30.6,71,35.8,67.6,424.8,14.4,76.0,Haze,29.7,False,None,
URB-11853,LOC-05,Vani Vihar,20.2974,85.8364,2026-08-13 00:35:47,32,0.13,40.0,43,19.1,41.7,410.2,19.0,68.8,Clear,17.7,False,None,
URB-11854,LOC-06,Bhubaneswar Railway Station,20.2657,85.8436,2026-08-13 00:52:47,71,0.3,33.4,66,31.8,57.3,456.7,17.0,86.0,Rain,31.9,False,None,
URB-11855,LOC-07,Nandankanan Road,20.37,85.825,2026-08-13 01:03:47,61,0.26,24.9,49,18.6,31.3,438.0,14.9,94.9,Rain,31.5,False,None,
URB-11856,LOC-08,Kalarahanga Road,20.38,85.83,2026-08-13 01:16:47,44,0.18,41.0,40,21.2,42.2,416.7,17.5,88.1,Rain,18.7,False,None,
URB-11857,LOC-01,Patia Main Road,20.3533,85.8197,2026-08-13 01:27:47,57,0.26,32.6,91,43.9,87.3,450.3,16.8,90.2,Fog,35.0,False,None,
URB-11858,LOC-02,Jayadev Vihar,20.301,85.8239,2026-08-13 01:45:47,64,0.27,39.5,77,36.2,68.6,465.0,15.6,67.6,Clear,29.5,False,None,
URB-11859,LOC-03,Saheed Nagar,20.2872,85.8415,2026-08-13 02:03:47,48,0.17,40.4,85,44.1,76.6,434.3,15.0,72.0,Partly Cloudy,26.5,False,None,
URB-11860,LOC-04,Khandagiri,20.2588,85.7836,2026-08-13 02:21:47,49,0.19,30.6,51,26.8,56.2,433.6,14.9,92.5,Heavy Rain,26.2,False,None,
URB-11861,LOC-05,Vani Vihar,20.2974,85.8364,2026-08-13 02:37:47,34,0.15,36.9,52,25.1,51.1,435.6,14.9,75.1,Partly Cloudy,21.6,False,None,
URB-11862,LOC-06,Bhubaneswar Railway Station,20.2657,85.8436,2026-08-13 02:48:47,75,0.34,33.0,72,37.6,68.1,458.8,14.7,95.0,Heavy Rain,34.7,False,None,
URB-11863,LOC-07,Nandankanan Road,20.37,85.825,2026-08-13 02:59:47,55,0.24,30.6,76,32.4,59.1,429.7,15.9,71.7,Haze,32.6,False,None,
URB-11864,LOC-08,Kalarahanga Road,20.38,85.83,2026-08-13 03:17:47,38,0.13,57.9,55,29.6,49.6,426.6,13.7,69.9,Clear,17.3,False,None,
URB-11865,LOC-01,Patia Main Road,20.3533,85.8197,2026-08-13 03:31:47,67,0.36,11.4,66,33.8,59.4,444.0,13.9,70.3,Clear,31.4,True,Severe Gridlock,Critical speed drop to 11.4 km/h indicating major arterial blockade.
URB-11866,LOC-02,Jayadev Vihar,20.301,85.8239,2026-08-13 03:44:47,78,0.3,36.9,80,38.0,66.9,475.9,16.0,69.7,Clear,32.5,False,None,
URB-11867,LOC-03,Saheed Nagar,20.2872,85.8415,2026-08-13 04:07:47,62,0.21,39.3,86,43.9,88.2,452.1,14.5,76.9,Partly Cloudy,28.8,False,None,
URB-11868,LOC-04,Khandagiri,20.2588,85.7836,2026-08-13 04:22:47,42,0.16,29.5,49,24.1,48.8,450.9,14.5,91.1,Rain,25.2,False,None,
URB-11869,LOC-05,Vani Vihar,20.2974,85.8364,2026-08-13 04:30:47,26,0.11,36.2,57,26.9,47.7,403.2,17.0,88.4,Fog,21.3,False,None,
URB-11870,LOC-06,Bhubaneswar Railway Station,20.2657,85.8436,2026-08-13 04:46:47,65,0.25,41.4,68,31.6,56.6,457.4,17.7,84.9,Rain,26.2,False,None,
URB-11871,LOC-07,Nandankanan Road,20.37,85.825,2026-08-13 04:57:47,66,0.26,39.1,66,28.7,59.6,468.0,15.9,70.4,Partly Cloudy,27.4,False,None,
URB-11872,LOC-08,Kalarahanga Road,20.38,85.83,2026-08-13 05:18:47,32,0.12,45.4,41,16.4,24.6,406.3,17.8,83.6,Heavy Rain,14.5,False,None,
URB-11873,LOC-01,Patia Main Road,20.3533,85.8197,2026-08-13 05:37:47,67,0.24,31.8,88,36.2,62.1,439.1,17.4,67.4,Haze,34.1,False,None,
URB-11874,LOC-02,Jayadev Vihar,20.301,85.8239,2026-08-13 05:43:47,68,0.26,36.4,81,36.1,61.4,446.8,18.8,71.5,Partly Cloudy,31.4,False,None,
URB-11875,LOC-03,Saheed Nagar,20.2872,85.8415,2026-08-13 06:04:47,110,0.47,23.7,131,60.7,110.2,511.3,16.9,91.1,Fog,54.9,False,None,
URB-11876,LOC-04,Khandagiri,20.2588,85.7836,2026-08-13 06:16:47,109,0.4,26.6,95,44.8,79.6,508.5,19.3,63.0,Haze,44.3,False,None,
URB-11877,LOC-05,Vani Vihar,20.2974,85.8364,2026-08-13 06:34:47,75,0.26,27.5,55,25.5,48.0,444.5,17.4,86.3,Heavy Rain,31.3,False,None,
URB-11878,LOC-06,Bhubaneswar Railway Station,20.2657,85.8436,2026-08-13 06:50:47,151,0.51,30.9,91,39.4,68.8,533.4,17.3,90.1,Rain,45.9,False,None,
URB-11879,LOC-07,Nandankanan Road,20.37,85.825,2026-08-13 07:06:47,268,0.98,11.1,151,72.6,139.5,638.8,22.3,59.4,Haze,85.1,False,None,
URB-11880,LOC-08,Kalarahanga Road,20.38,85.83,2026-08-13 07:14:47,213,0.95,15.6,88,40.3,71.1,591.4,20.9,80.5,Heavy Rain,70.6,False,None,
URB-11881,LOC-01,Patia Main Road,20.3533,85.8197,2026-08-13 07:29:47,327,0.98,14.6,164,72.3,140.0,671.2,19.1,63.2,Partly Cloudy,85.6,False,None,
URB-11882,LOC-02,Jayadev Vihar,20.301,85.8239,2026-08-13 07:51:47,322,0.98,14.2,170,78.5,144.2,676.5,19.0,64.5,Partly Cloudy,86.8,False,None,
URB-11883,LOC-03,Saheed Nagar,20.2872,85.8415,2026-08-13 07:57:47,252,0.98,12.9,208,90.2,171.2,614.9,19.3,64.5,Haze,92.8,False,None,
URB-11884,LOC-04,Khandagiri,20.2588,85.7836,2026-08-13 08:21:47,228,0.79,17.3,145,64.1,114.1,589.0,19.6,67.8,Haze,73.3,False,None,
URB-11885,LOC-05,Vani Vihar,20.2974,85.8364,2026-08-13 08:29:47,167,0.71,15.2,73,29.6,61.6,530.4,21.7,82.1,Heavy Rain,58.6,False,None,
URB-11886,LOC-06,Bhubaneswar Railway Station,20.2657,85.8436,2026-08-13 08:42:47,310,0.98,14.6,136,59.6,114.2,691.0,21.7,79.5,Heavy Rain,80.7,False,None,
URB-11887,LOC-07,Nandankanan Road,20.37,85.825,2026-08-13 09:02:47,282,0.98,13.1,139,65.6,124.0,640.3,24.7,53.3,Partly Cloudy,82.0,False,None,
URB-11888,LOC-08,Kalarahanga Road,20.38,85.83,2026-08-13 09:19:47,155,0.65,25.2,78,32.5,62.0,545.8,22.9,77.3,Rain,87.0,True,Multi-Vector Urban Risk,Combined extreme congestion (65%) and high particulate pollution.
URB-11889,LOC-01,Patia Main Road,20.3533,85.8197,2026-08-13 09:29:47,340,0.98,13.9,181,85.5,155.0,713.2,24.4,57.0,Clear,88.9,False,None,
URB-11890,LOC-02,Jayadev Vihar,20.301,85.8239,2026-08-13 09:46:47,382,0.98,10.1,142,69.2,134.3,731.4,23.5,80.6,Heavy Rain,84.0,False,None,
URB-11891,LOC-03,Saheed Nagar,20.2872,85.8415,2026-08-13 10:06:47,168,0.9,7.0,145,70.4,129.3,537.3,27.5,56.6,Haze,68.0,True,Severe Gridlock,Critical speed drop to 7.0 km/h indicating major arterial blockade.
URB-11892,LOC-04,Khandagiri,20.2588,85.7836,2026-08-13 10:17:47,164,0.68,25.0,96,41.4,71.5,530.9,26.6,57.9,Clear,56.5,False,None,
URB-11893,LOC-05,Vani Vihar,20.2974,85.8364,2026-08-13 10:36:47,108,0.38,21.9,63,30.9,60.5,500.9,25.4,81.2,Rain,40.3,False,None,
URB-11894,LOC-06,Bhubaneswar Railway Station,20.2657,85.8436,2026-08-13 10:47:47,198,0.89,19.7,154,72.7,140.7,553.9,26.0,72.8,Fog,77.7,False,None,
URB-11895,LOC-07,Nandankanan Road,20.37,85.825,2026-08-13 10:59:47,199,0.91,17.0,122,57.3,103.3,566.3,25.0,54.2,Partly Cloudy,74.2,False,None,
URB-11896,LOC-08,Kalarahanga Road,20.38,85.83,2026-08-13 11:20:47,123,0.54,36.3,101,47.9,91.0,506.8,28.3,48.8,Haze,46.1,False,None,
URB-11897,LOC-01,Patia Main Road,20.3533,85.8197,2026-08-13 11:37:47,235,0.88,14.4,150,70.7,130.9,588.5,27.2,79.1,Fog,79.2,False,None,
URB-11898,LOC-02,Jayadev Vihar,20.301,85.8239,2026-08-13 11:46:47,256,0.98,10.2,126,57.9,109.5,640.2,25.1,72.6,Heavy Rain,81.2,False,None,
URB-11899,LOC-03,Saheed Nagar,20.2872,85.8415,2026-08-13 12:06:47,151,0.64,17.0,91,40.9,70.4,511.0,27.8,77.5,Heavy Rain,58.0,False,None,
URB-11900,LOC-04,Khandagiri,20.2588,85.7836,2026-08-13 12:12:47,165,0.64,20.6,134,63.6,119.7,528.8,25.2,75.4,Fog,63.8,False,None,
URB-11901,LOC-05,Vani Vihar,20.2974,85.8364,2026-08-13 12:31:47,95,0.43,24.7,58,23.1,51.1,473.4,28.5,70.8,Rain,40.0,False,None,
URB-11902,LOC-06,Bhubaneswar Railway Station,20.2657,85.8436,2026-08-13 12:48:47,178,0.62,26.6,101,42.8,82.3,548.7,28.6,71.2,Rain,54.2,False,None,
URB-11903,LOC-07,Nandankanan Road,20.37,85.825,2026-08-13 13:03:47,171,0.65,16.4,93,43.7,80.7,564.6,29.6,68.2,Heavy Rain,59.1,False,None,
URB-11904,LOC-08,Kalarahanga Road,20.38,85.83,2026-08-13 13:14:47,111,0.43,45.7,74,34.0,56.8,491.9,27.9,50.5,Partly Cloudy,32.6,False,None,
URB-11905,LOC-01,Patia Main Road,20.3533,85.8197,2026-08-13 13:27:47,196,0.68,24.2,118,53.2,93.4,583.8,26.6,59.3,Partly Cloudy,60.8,False,None,
URB-11906,LOC-02,Jayadev Vihar,20.301,85.8239,2026-08-13 13:47:47,200,0.83,16.1,161,70.6,132.1,556.2,28.3,56.3,Haze,98.5,True,Multi-Vector Urban Risk,Combined extreme congestion (83%) and high particulate pollution.
URB-11907,LOC-03,Saheed Nagar,20.2872,85.8415,2026-08-13 14:07:47,187,0.74,21.6,130,62.9,113.3,577.1,29.6,51.4,Clear,66.5,False,None,
URB-11908,LOC-04,Khandagiri,20.2588,85.7836,2026-08-13 14:16:47,132,0.51,27.6,80,39.5,71.8,494.3,27.1,49.8,Clear,45.6,False,None,
URB-11909,LOC-05,Vani Vihar,20.2974,85.8364,2026-08-13 14:31:47,111,0.38,27.1,97,48.5,91.1,500.5,30.3,70.3,Fog,43.6,False,None,
URB-11910,LOC-06,Bhubaneswar Railway Station,20.2657,85.8436,2026-08-13 14:50:47,187,0.86,23.3,133,64.4,122.9,572.0,26.8,51.3,Clear,71.0,False,None,
URB-11911,LOC-07,Nandankanan Road,20.37,85.825,2026-08-13 15:02:47,186,0.8,16.3,124,54.9,94.4,553.6,29.5,65.9,Fog,70.6,False,None,
URB-11912,LOC-08,Kalarahanga Road,20.38,85.83,2026-08-13 15:19:47,122,0.46,37.0,105,43.9,87.5,499.3,27.1,58.8,Haze,43.3,False,None,
URB-11913,LOC-01,Patia Main Road,20.3533,85.8197,2026-08-13 15:37:47,218,0.79,17.1,167,76.3,138.3,601.4,25.9,77.2,Fog,77.3,False,None,
URB-11914,LOC-02,Jayadev Vihar,20.301,85.8239,2026-08-13 15:46:47,242,0.87,18.1,144,64.4,119.1,601.6,30.2,49.0,Clear,76.0,False,None,
URB-11915,LOC-03,Saheed Nagar,20.2872,85.8415,2026-08-13 16:01:47,250,0.98,13.5,140,59.0,107.2,620.7,25.2,62.0,Partly Cloudy,82.0,False,None,
URB-11916,LOC-04,Khandagiri,20.2588,85.7836,2026-08-13 16:15:47,254,0.98,11.0,172,74.3,136.9,607.3,28.8,56.0,Haze,88.8,False,None,
URB-11917,LOC-05,Vani Vihar,20.2974,85.8364,2026-08-13 16:29:47,159,0.7,16.7,85,43.5,76.8,534.7,27.4,77.3,Heavy Rain,59.5,False,None,
URB-11918,LOC-06,Bhubaneswar Railway Station,20.2657,85.8436,2026-08-13 16:44:47,338,0.98,20.9,161,73.2,139.2,717.0,24.8,54.3,Partly Cloudy,81.9,False,None,
URB-11919,LOC-07,Nandankanan Road,20.37,85.825,2026-08-13 17:03:47,300,0.98,10.6,126,60.8,119.2,670.1,26.0,77.7,Rain,81.0,False,None,
URB-11920,LOC-08,Kalarahanga Road,20.38,85.83,2026-08-13 17:16:47,194,0.76,30.4,114,55.9,103.7,562.2,26.7,50.7,Clear,60.1,False,None,
URB-11921,LOC-01,Patia Main Road,20.3533,85.8197,2026-08-13 17:34:47,274,0.98,11.7,182,81.6,156.7,624.2,26.2,51.3,Haze,90.2,False,None,
URB-11922,LOC-02,Jayadev Vihar,20.301,85.8239,2026-08-13 17:52:47,314,0.98,9.6,138,66.7,129.5,668.1,26.3,74.7,Heavy Rain,83.5,False,None,
URB-11923,LOC-03,Saheed Nagar,20.2872,85.8415,2026-08-13 18:03:47,223,0.92,16.6,145,67.6,121.7,582.9,27.2,57.1,Clear,78.9,False,None,
URB-11924,LOC-04,Khandagiri,20.2588,85.7836,2026-08-13 18:20:47,193,0.79,21.3,115,52.9,92.2,569.6,24.4,60.0,Clear,66.1,False,None,
URB-11925,LOC-05,Vani Vihar,20.2974,85.8364,2026-08-13 18:37:47,119,0.46,22.9,59,28.4,49.4,516.1,25.5,80.5,Heavy Rain,42.3,False,None,
URB-11926,LOC-06,Bhubaneswar Railway Station,20.2657,85.8436,2026-08-13 18:51:47,282,0.98,18.7,213,96.2,172.7,637.8,27.0,74.6,Fog,89.9,False,None,
URB-11927,LOC-07,Nandankanan Road,20.37,85.825,2026-08-13 18:57:47,290,0.98,14.1,153,73.5,142.2,654.4,25.6,60.2,Partly Cloudy,83.9,False,None,
URB-11928,LOC-08,Kalarahanga Road,20.38,85.83,2026-08-13 19:17:47,182,0.79,24.4,133,64.6,112.8,568.4,24.9,61.0,Haze,67.7,False,None,
URB-11929,LOC-01,Patia Main Road,20.3533,85.8197,2026-08-13 19:37:47,323,0.98,14.0,162,75.1,140.3,701.9,22.8,62.2,Clear,85.6,False,None,
URB-11930,LOC-02,Jayadev Vihar,20.301,85.8239,2026-08-13 19:50:47,380,0.98,9.2,174,77.4,138.9,731.7,23.6,76.7,Rain,90.1,False,None,
URB-11931,LOC-03,Saheed Nagar,20.2872,85.8415,2026-08-13 19:57:47,290,0.98,11.2,184,82.8,158.9,645.1,24.3,56.8,Haze,90.8,False,None,
URB-11932,LOC-04,Khandagiri,20.2588,85.7836,2026-08-13 20:22:47,125,0.54,20.6,79,37.7,70.9,517.2,22.4,80.8,Heavy Rain,50.1,False,None,
URB-11933,LOC-05,Vani Vihar,20.2974,85.8364,2026-08-13 20:29:47,77,0.29,37.9,149,59.2,57.9,455.0,21.6,60.5,Partly Cloudy,28.3,True,Air Quality Hazard,"Hazardous particulate spike (AQI 149, PM2.5 59.2 µg/m³) detected near Vani Vihar."
URB-11934,LOC-06,Bhubaneswar Railway Station,20.2657,85.8436,2026-08-13 20:48:47,185,0.84,24.2,144,63.0,115.9,544.2,20.6,60.4,Haze,71.7,False,None,
URB-11935,LOC-07,Nandankanan Road,20.37,85.825,2026-08-13 20:58:47,143,0.57,19.3,73,33.2,56.3,540.4,22.5,83.3,Rain,50.9,False,None,
URB-11936,LOC-08,Kalarahanga Road,20.38,85.83,2026-08-13 21:20:47,86,0.3,44.2,89,42.5,86.4,455.9,20.7,68.2,Haze,30.5,False,None,
URB-11937,LOC-01,Patia Main Road,20.3533,85.8197,2026-08-13 21:29:47,134,0.59,19.9,81,38.3,75.9,498.4,19.7,87.8,Rain,87.8,True,Multi-Vector Urban Risk,Combined extreme congestion (59%) and high particulate pollution.
URB-11938,LOC-02,Jayadev Vihar,20.301,85.8239,2026-08-13 21:45:47,169,0.65,17.6,100,46.7,87.2,537.3,18.8,83.0,Rain,59.7,False,None,
URB-11939,LOC-03,Saheed Nagar,20.2872,85.8415,2026-08-13 22:07:47,49,0.22,29.8,61,25.1,42.7,423.7,16.8,84.8,Heavy Rain,29.6,False,None,
URB-11940,LOC-04,Khandagiri,20.2588,85.7836,2026-08-13 22:13:47,47,0.16,30.7,51,27.3,54.2,428.8,21.5,80.0,Heavy Rain,25.0,False,None,
URB-11941,LOC-05,Vani Vihar,20.2974,85.8364,2026-08-13 22:27:47,31,0.14,32.5,66,31.6,62.7,422.4,18.7,62.2,Haze,25.9,False,None,
URB-11942,LOC-06,Bhubaneswar Railway Station,20.2657,85.8436,2026-08-13 22:48:47,71,0.33,39.4,78,37.4,76.9,469.7,16.6,86.6,Rain,32.2,False,None,
URB-11943,LOC-07,Nandankanan Road,20.37,85.825,2026-08-13 23:06:47,60,0.23,34.1,78,32.3,64.3,433.7,19.7,64.6,Haze,30.8,False,None,
URB-11944,LOC-08,Kalarahanga Road,20.38,85.83,2026-08-13 23:18:47,45,0.15,46.1,50,27.7,46.9,445.4,19.8,83.1,Heavy Rain,17.2,False,None,
URB-11945,LOC-01,Patia Main Road,20.3533,85.8197,2026-08-13 23:29:47,68,0.31,33.6,68,31.0,57.2,459.7,15.5,75.7,Partly Cloudy,32.5,False,None,
URB-11946,LOC-02,Jayadev Vihar,20.301,85.8239,2026-08-13 23:48:47,71,0.3,23.5,69,29.8,54.7,473.5,18.3,85.8,Heavy Rain,37.3,False,None,
URB-11947,LOC-03,Saheed Nagar,20.2872,85.8415,2026-08-13 23:57:47,47,0.17,36.1,97,48.5,84.4,419.8,16.8,88.8,Fog,30.7,False,None,
URB-11948,LOC-04,Khandagiri,20.2588,85.7836,2026-08-14 00:12:47,47,0.17,41.6,61,30.8,60.1,432.5,14.6,73.9,Clear,21.7,False,None,
URB-11949,LOC-05,Vani Vihar,20.2974,85.8364,2026-08-14 00:37:47,28,0.16,10.7,37,13.6,28.6,419.6,16.5,93.8,Rain,21.0,True,Severe Gridlock,Critical speed drop to 10.7 km/h indicating major arterial blockade.
URB-11950,LOC-06,Bhubaneswar Railway Station,20.2657,85.8436,2026-08-14 00:42:47,73,0.28,47.7,92,45.2,90.2,469.6,15.3,76.4,Partly Cloudy,29.8,False,None,
URB-11951,LOC-07,Nandankanan Road,20.37,85.825,2026-08-14 01:05:47,57,0.21,29.9,50,20.8,36.2,435.4,13.7,94.1,Heavy Rain,27.2,False,None,
URB-11952,LOC-08,Kalarahanga Road,20.38,85.83,2026-08-14 01:18:47,42,0.15,51.3,60,25.6,52.8,424.5,17.9,64.6,Haze,19.0,False,None,
URB-11953,LOC-01,Patia Main Road,20.3533,85.8197,2026-08-14 01:35:47,66,0.25,24.4,59,25.0,47.4,469.4,13.7,89.6,Heavy Rain,33.1,False,None,
URB-11954,LOC-02,Jayadev Vihar,20.301,85.8239,2026-08-14 01:43:47,67,0.28,32.6,96,48.9,84.3,455.4,14.0,96.2,Fog,36.7,False,None,
URB-11955,LOC-03,Saheed Nagar,20.2872,85.8415,2026-08-14 01:58:47,46,0.16,27.2,76,30.3,61.5,435.7,15.8,92.6,Rain,31.1,False,None,
URB-11956,LOC-04,Khandagiri,20.2588,85.7836,2026-08-14 02:19:47,39,0.16,41.0,54,20.8,42.1,422.9,15.0,70.8,Clear,20.4,False,None,
URB-11957,LOC-05,Vani Vihar,20.2974,85.8364,2026-08-14 02:27:47,59,0.22,41.5,52,21.2,44.3,415.4,17.5,64.5,Partly Cloudy,19.4,True,Traffic Bottleneck,Sudden vehicular surge of 59 vehicles/min exceeding corridor capacity.
URB-11958,LOC-06,Bhubaneswar Railway Station,20.2657,85.8436,2026-08-14 02:42:47,61,0.22,55.0,76,37.2,72.1,464.9,18.4,69.3,Partly Cloudy,24.6,False,None,
URB-11959,LOC-07,Nandankanan Road,20.37,85.825,2026-08-14 02:59:47,53,0.19,37.4,55,21.5,38.5,428.8,15.5,71.6,Partly Cloudy,23.5,False,None,
URB-11960,LOC-08,Kalarahanga Road,20.38,85.83,2026-08-14 03:14:47,34,0.2,20.1,46,25.2,44.5,415.6,17.9,68.3,Clear,16.6,True,Severe Gridlock,Critical speed drop to 20.1 km/h indicating major arterial blockade.
URB-11961,LOC-01,Patia Main Road,20.3533,85.8197,2026-08-14 03:30:47,56,0.24,28.9,89,42.2,71.7,440.5,17.0,85.5,Fog,35.7,False,None,
URB-11962,LOC-02,Jayadev Vihar,20.301,85.8239,2026-08-14 03:45:47,76,0.28,26.4,67,35.7,61.0,451.1,16.9,88.3,Rain,34.7,False,None,
URB-11963,LOC-03,Saheed Nagar,20.2872,85.8415,2026-08-14 04:00:47,55,0.21,35.0,98,44.1,86.0,451.7,16.0,68.2,Haze,33.0,False,None,
URB-11964,LOC-04,Khandagiri,20.2588,85.7836,2026-08-14 04:19:47,51,0.18,28.8,44,23.9,52.3,438.1,15.3,88.8,Heavy Rain,25.5,False,None,
URB-11965,LOC-05,Vani Vihar,20.2974,85.8364,2026-08-14 04:34:47,32,0.13,37.3,60,24.8,46.7,413.5,17.6,69.1,Haze,22.1,False,None,
URB-11966,LOC-06,Bhubaneswar Railway Station,20.2657,85.8436,2026-08-14 04:48:47,64,0.23,53.3,87,37.8,74.5,471.0,16.2,69.0,Clear,26.9,False,None,
URB-11967,LOC-07,Nandankanan Road,20.37,85.825,2026-08-14 04:59:47,63,0.28,26.1,52,27.2,49.5,456.5,16.4,88.4,Rain,32.2,False,None,
URB-11968,LOC-08,Kalarahanga Road,20.38,85.83,2026-08-14 05:21:47,37,0.14,49.3,65,28.4,49.6,448.0,16.6,72.7,Haze,19.5,False,None,
URB-11969,LOC-01,Patia Main Road,20.3533,85.8197,2026-08-14 05:36:47,68,0.31,27.7,88,38.1,67.9,461.6,19.1,66.9,Haze,39.0,False,None,
URB-11970,LOC-02,Jayadev Vihar,20.301,85.8239,2026-08-14 05:48:47,86,0.31,23.4,73,38.2,78.0,471.4,16.0,90.6,Heavy Rain,38.5,False,None,
URB-11971,LOC-03,Saheed Nagar,20.2872,85.8415,2026-08-14 06:05:47,122,0.45,31.8,101,47.2,86.2,501.2,18.1,70.3,Partly Cloudy,44.8,False,None,
URB-11972,LOC-04,Khandagiri,20.2588,85.7836,2026-08-14 06:20:47,105,0.42,32.7,83,34.1,57.8,494.1,20.3,67.1,Partly Cloudy,40.0,False,None,
URB-11973,LOC-05,Vani Vihar,20.2974,85.8364,2026-08-14 06:37:47,63,0.24,33.6,68,31.6,55.0,457.9,20.0,80.9,Fog,29.7,False,None,
URB-11974,LOC-06,Bhubaneswar Railway Station,20.2657,85.8436,2026-08-14 06:42:47,176,0.76,23.1,236,114.7,106.8,571.1,17.9,89.3,Heavy Rain,62.9,True,Air Quality Hazard,"Hazardous particulate spike (AQI 236, PM2.5 114.7 µg/m³) detected near Bhubaneswar Railway Station."
URB-11975,LOC-07,Nandankanan Road,20.37,85.825,2026-08-14 07:03:47,249,0.91,12.9,164,72.8,137.6,604.0,19.4,68.7,Haze,83.6,False,None,
URB-11976,LOC-08,Kalarahanga Road,20.38,85.83,2026-08-14 07:17:47,171,0.61,32.2,118,56.6,100.0,562.2,18.8,70.2,Haze,53.9,False,None,
URB-11977,LOC-01,Patia Main Road,20.3533,85.8197,2026-08-14 07:36:47,300,0.98,14.4,143,68.6,122.4,677.3,21.1,61.4,Clear,82.0,False,None,
URB-11978,LOC-02,Jayadev Vihar,20.301,85.8239,2026-08-14 07:43:47,307,0.98,12.5,205,92.8,172.1,666.6,19.4,65.5,Haze,93.0,False,None,
URB-11979,LOC-03,Saheed Nagar,20.2872,85.8415,2026-08-14 08:05:47,229,0.84,17.1,153,70.6,123.8,585.3,21.4,59.6,Partly Cloudy,76.8,False,None,
URB-11980,LOC-04,Khandagiri,20.2588,85.7836,2026-08-14 08:15:47,227,0.97,11.1,167,73.3,140.7,609.5,20.5,81.6,Fog,87.5,False,None,
URB-11981,LOC-05,Vani Vihar,20.2974,85.8364,2026-08-14 08:34:47,158,0.72,18.1,115,54.7,94.8,549.0,20.9,66.9,Haze,64.9,False,None,
URB-11982,LOC-06,Bhubaneswar Railway Station,20.2657,85.8436,2026-08-14 08:43:47,320,0.98,13.4,125,55.1,104.0,673.0,22.2,77.7,Heavy Rain,79.4,False,None,
URB-11983,LOC-07,Nandankanan Road,20.37,85.825,2026-08-14 09:07:47,295,0.98,13.6,134,61.9,119.6,676.5,21.9,66.3,Clear,80.9,False,None,
URB-11984,LOC-08,Kalarahanga Road,20.38,85.83,2026-08-14 09:13:47,212,0.98,15.4,90,37.7,75.5,568.7,24.2,74.1,Heavy Rain,72.2,False,None,
URB-11985,LOC-01,Patia Main Road,20.3533,85.8197,2026-08-14 09:35:47,349,0.98,11.4,190,82.1,150.0,695.3,21.4,61.1,Haze,91.8,False,None,
URB-11986,LOC-02,Jayadev Vihar,20.301,85.8239,2026-08-14 09:43:47,396,0.98,9.4,173,74.8,140.2,768.2,23.0,76.3,Heavy Rain,89.8,False,None,
URB-11987,LOC-03,Saheed Nagar,20.2872,85.8415,2026-08-14 10:04:47,151,0.54,29.1,104,44.2,88.2,534.2,24.0,62.5,Clear,50.2,False,None,
URB-11988,LOC-04,Khandagiri,20.2588,85.7836,2026-08-14 10:12:47,170,0.68,25.0,100,49.5,88.6,531.5,23.0,56.8,Partly Cloudy,57.2,False,None,
URB-11989,LOC-05,Vani Vihar,20.2974,85.8364,2026-08-14 10:34:47,81,0.37,26.7,78,39.7,69.3,465.3,26.7,53.6,Haze,40.1,False,None,
URB-11990,LOC-06,Bhubaneswar Railway Station,20.2657,85.8436,2026-08-14 10:50:47,180,0.75,29.7,128,63.6,112.0,575.8,25.8,55.1,Clear,62.6,False,None,
URB-11991,LOC-07,Nandankanan Road,20.37,85.825,2026-08-14 10:58:47,167,0.58,20.1,83,40.0,81.5,528.6,24.2,77.0,Rain,52.7,False,None,
URB-11992,LOC-08,Kalarahanga Road,20.38,85.83,2026-08-14 11:13:47,126,0.55,27.8,75,38.7,64.7,528.3,24.6,79.7,Heavy Rain,46.2,False,None,
URB-11993,LOC-01,Patia Main Road,20.3533,85.8197,2026-08-14 11:31:47,218,0.76,15.8,106,52.8,95.4,594.5,26.7,76.1,Heavy Rain,66.1,False,None,
URB-11994,LOC-02,Jayadev Vihar,20.301,85.8239,2026-08-14 11:46:47,242,0.98,11.3,175,82.1,149.3,595.1,25.6,77.5,Fog,89.2,False,None,
URB-11995,LOC-03,Saheed Nagar,20.2872,85.8415,2026-08-14 12:07:47,152,0.58,19.3,104,43.7,76.0,547.3,29.0,68.3,Heavy Rain,56.8,False,None,
URB-11996,LOC-04,Khandagiri,20.2588,85.7836,2026-08-14 12:22:47,141,0.48,21.0,72,38.4,77.9,502.2,24.8,73.2,Rain,46.3,False,None,
URB-11997,LOC-05,Vani Vihar,20.2974,85.8364,2026-08-14 12:30:47,111,0.43,32.4,80,37.1,73.5,513.3,29.0,49.1,Clear,40.0,False,None,
URB-11998,LOC-06,Bhubaneswar Railway Station,20.2657,85.8436,2026-08-14 12:42:47,248,0.98,20.1,159,75.1,137.5,619.9,25.0,55.2,Clear,82.0,False,None,
URB-11999,LOC-07,Nandankanan Road,20.37,85.825,2026-08-14 12:57:47,174,0.63,18.9,80,33.4,57.3,536.5,29.0,73.1,Heavy Rain,54.8,False,None,
URB-12000,LOC-08,Kalarahanga Road,20.38,85.83,2026-08-14 13:14:47,103,0.38,33.2,64,27.8,45.1,473.9,26.3,80.5,Rain,34.8,False,None,
URB-12001,LOC-01,Patia Main Road,20.3533,85.8197,2026-08-14 13:35:47,199,0.87,12.0,95,45.4,89.1,589.7,25.8,72.5,Rain,70.4,False,None,
URB-12002,LOC-02,Jayadev Vihar,20.301,85.8239,2026-08-14 13:47:47,222,0.96,14.6,118,57.4,110.2,580.6,29.1,51.7,Partly Cloudy,76.8,False,None,
URB-12003,LOC-03,Saheed Nagar,20.2872,85.8415,2026-08-14 13:58:47,315,0.99,19.5,160,68.3,131.8,559.3,25.5,59.3,Haze,73.7,True,Traffic Bottleneck,Sudden vehicular surge of 315 vehicles/min exceeding corridor capacity.
URB-12004,LOC-04,Khandagiri,20.2588,85.7836,2026-08-14 14:12:47,126,0.47,23.3,70,35.1,70.0,526.1,26.7,70.7,Rain,44.4,False,None,
URB-12005,LOC-05,Vani Vihar,20.2974,85.8364,2026-08-14 14:28:47,88,0.35,28.4,84,35.6,68.7,472.4,29.2,52.5,Haze,39.5,False,None,
URB-12006,LOC-06,Bhubaneswar Railway Station,20.2657,85.8436,2026-08-14 14:51:47,179,0.66,33.9,106,53.7,98.6,575.4,28.3,54.7,Partly Cloudy,53.0,False,None,
URB-12007,LOC-07,Nandankanan Road,20.37,85.825,2026-08-14 14:58:47,158,0.58,23.5,135,59.1,112.2,546.2,29.1,48.9,Haze,60.1,False,None,
URB-12008,LOC-08,Kalarahanga Road,20.38,85.83,2026-08-14 15:12:47,137,0.56,31.1,71,35.6,67.3,534.9,29.2,72.1,Rain,44.3,False,None,
URB-12009,LOC-01,Patia Main Road,20.3533,85.8197,2026-08-14 15:36:47,168,0.66,22.5,147,67.3,128.2,548.9,25.5,54.7,Haze,65.9,False,None,
URB-12010,LOC-02,Jayadev Vihar,20.301,85.8239,2026-08-14 15:48:47,255,0.98,13.9,139,59.0,107.2,614.1,27.6,51.3,Clear,81.6,False,None,
URB-12011,LOC-03,Saheed Nagar,20.2872,85.8415,2026-08-14 16:03:47,290,0.98,14.3,159,73.9,135.7,648.0,29.2,46.8,Clear,84.9,False,None,
URB-12012,LOC-04,Khandagiri,20.2588,85.7836,2026-08-14 16:18:47,228,0.95,13.7,149,72.1,129.6,592.0,26.2,78.4,Fog,82.2,False,None,
URB-12013,LOC-05,Vani Vihar,20.2974,85.8364,2026-08-14 16:27:47,133,0.48,26.6,91,37.3,63.3,530.7,25.6,74.6,Fog,46.8,False,None,
URB-12014,LOC-06,Bhubaneswar Railway Station,20.2657,85.8436,2026-08-14 16:46:47,345,0.98,22.2,168,74.4,143.3,701.4,25.2,57.5,Clear,82.5,False,None,
URB-12015,LOC-07,Nandankanan Road,20.37,85.825,2026-08-14 17:03:47,301,0.98,13.8,137,65.3,115.9,652.4,24.6,57.6,Partly Cloudy,81.3,False,None,
URB-12016,LOC-08,Kalarahanga Road,20.38,85.83,2026-08-14 17:17:47,192,0.74,28.9,143,65.6,116.5,581.7,25.4,57.3,Haze,65.2,False,None,
URB-12017,LOC-01,Patia Main Road,20.3533,85.8197,2026-08-14 17:29:47,297,0.98,12.9,189,90.6,167.1,667.0,24.2,75.3,Fog,90.8,False,None,
URB-12018,LOC-02,Jayadev Vihar,20.301,85.8239,2026-08-14 17:42:47,305,0.98,11.0,137,66.6,120.6,656.6,24.3,80.4,Rain,82.7,False,None,
URB-12019,LOC-03,Saheed Nagar,20.2872,85.8415,2026-08-14 17:57:47,229,0.81,13.6,124,56.8,101.8,582.4,24.8,81.2,Heavy Rain,72.3,False,None,
URB-12020,LOC-04,Khandagiri,20.2588,85.7836,2026-08-14 18:17:47,196,0.68,21.7,102,45.6,80.5,574.8,23.0,57.9,Clear,59.2,False,None,
URB-12021,LOC-05,Vani Vihar,20.2974,85.8364,2026-08-14 18:28:47,122,0.42,24.4,95,40.6,73.2,513.1,25.7,75.8,Fog,46.2,False,None,
URB-12022,LOC-06,Bhubaneswar Railway Station,20.2657,85.8436,2026-08-14 18:52:47,343,0.98,15.4,147,72.1,137.0,697.9,25.5,71.8,Rain,82.2,False,None,
URB-12023,LOC-07,Nandankanan Road,20.37,85.825,2026-08-14 18:57:47,297,0.98,10.8,120,56.3,103.3,651.0,26.2,71.5,Rain,79.8,False,None,
URB-12024,LOC-08,Kalarahanga Road,20.38,85.83,2026-08-14 19:13:47,175,0.66,26.4,77,33.6,66.8,566.0,23.3,82.9,Rain,51.7,False,None,
URB-12025,LOC-01,Patia Main Road,20.3533,85.8197,2026-08-14 19:36:47,347,0.98,12.4,209,90.6,160.7,726.3,23.2,59.4,Haze,93.0,False,None,
URB-12026,LOC-02,Jayadev Vihar,20.301,85.8239,2026-08-14 19:48:47,309,0.98,13.2,161,72.5,126.6,656.6,24.6,56.3,Clear,85.8,False,None,
URB-12027,LOC-03,Saheed Nagar,20.2872,85.8415,2026-08-14 19:57:47,221,0.77,19.1,125,58.5,107.5,593.0,23.8,63.6,Partly Cloudy,68.1,False,None,
URB-12028,LOC-04,Khandagiri,20.2588,85.7836,2026-08-14 20:17:47,99,0.36,33.6,69,35.2,66.1,485.7,22.4,57.1,Partly Cloudy,34.7,False,None,
URB-12029,LOC-05,Vani Vihar,20.2974,85.8364,2026-08-14 20:35:47,71,0.32,23.0,45,16.5,35.9,450.3,20.3,82.7,Rain,34.2,False,None,
URB-12030,LOC-06,Bhubaneswar Railway Station,20.2657,85.8436,2026-08-14 20:47:47,169,0.68,36.8,107,46.7,84.2,533.0,20.7,65.9,Partly Cloudy,52.5,False,None,
URB-12031,LOC-07,Nandankanan Road,20.37,85.825,2026-08-14 21:05:47,133,0.49,23.3,76,35.7,71.3,524.9,20.6,81.7,Heavy Rain,46.3,False,None,
URB-12032,LOC-08,Kalarahanga Road,20.38,85.83,2026-08-14 21:17:47,81,0.37,44.2,91,43.6,73.9,484.7,18.6,83.0,Fog,33.6,False,None,
URB-12033,LOC-01,Patia Main Road,20.3533,85.8197,2026-08-14 21:32:47,167,0.65,23.0,117,49.3,85.9,543.1,21.9,59.4,Partly Cloudy,60.0,False,None,
URB-12034,LOC-02,Jayadev Vihar,20.301,85.8239,2026-08-14 21:46:47,210,0.77,15.9,104,52.1,94.6,574.0,22.7,79.6,Rain,66.0,False,None,
URB-12035,LOC-03,Saheed Nagar,20.2872,85.8415,2026-08-14 22:03:47,54,0.22,27.9,67,29.8,50.4,430.0,17.9,91.2,Rain,31.6,False,None,
URB-12036,LOC-04,Khandagiri,20.2588,85.7836,2026-08-14 22:22:47,43,0.2,39.3,63,32.9,56.4,452.5,18.6,65.9,Partly Cloudy,24.4,False,None,
URB-12037,LOC-05,Vani Vihar,20.2974,85.8364,2026-08-14 22:33:47,33,0.15,42.0,49,24.2,47.3,411.9,21.2,65.6,Partly Cloudy,18.6,False,None,
URB-12038,LOC-06,Bhubaneswar Railway Station,20.2657,85.8436,2026-08-14 22:52:47,76,0.27,38.5,77,32.5,65.3,455.4,20.8,85.4,Rain,30.0,False,None,
URB-12039,LOC-07,Nandankanan Road,20.37,85.825,2026-08-14 23:04:47,58,0.26,28.8,59,32.3,64.0,455.2,18.9,81.7,Heavy Rain,31.3,False,None,
URB-12040,LOC-08,Kalarahanga Road,20.38,85.83,2026-08-14 23:14:47,34,0.14,43.9,44,17.1,30.2,407.7,15.4,89.2,Rain,16.4,False,None,
URB-12041,LOC-01,Patia Main Road,20.3533,85.8197,2026-08-14 23:29:47,57,0.24,40.3,65,25.9,55.5,454.0,19.9,67.1,Partly Cloudy,25.8,False,None,
URB-12042,LOC-02,Jayadev Vihar,20.301,85.8239,2026-08-14 23:49:47,72,0.28,34.2,78,33.1,56.3,445.4,19.6,70.4,Clear,32.8,False,None,
URB-12043,LOC-03,Saheed Nagar,20.2872,85.8415,2026-08-14 23:59:47,59,0.26,39.7,81,36.3,64.1,456.9,17.8,68.3,Clear,29.7,False,None,
URB-12044,LOC-04,Khandagiri,20.2588,85.7836,2026-08-15 00:20:47,41,0.18,38.7,59,24.2,53.2,430.0,17.2,64.4,Partly Cloudy,23.2,False,None,
URB-12045,LOC-05,Vani Vihar,20.2974,85.8364,2026-08-15 00:33:47,32,0.13,30.6,37,21.8,47.6,419.0,18.6,88.5,Heavy Rain,21.4,False,None,
URB-12046,LOC-06,Bhubaneswar Railway Station,20.2657,85.8436,2026-08-15 00:51:47,57,0.26,57.6,83,34.8,67.0,437.5,17.9,63.7,Partly Cloudy,27.4,False,None,
URB-12047,LOC-07,Nandankanan Road,20.37,85.825,2026-08-15 00:58:47,65,0.25,33.6,91,39.9,68.5,472.3,18.7,82.7,Fog,34.1,False,None,
URB-12048,LOC-08,Kalarahanga Road,20.38,85.83,2026-08-15 01:20:47,42,0.23,15.4,68,33.0,65.3,447.9,14.8,73.0,Haze,22.1,True,Severe Gridlock,Critical speed drop to 15.4 km/h indicating major arterial blockade.
URB-12049,LOC-01,Patia Main Road,20.3533,85.8197,2026-08-15 01:37:47,54,0.19,37.0,61,25.6,46.0,437.5,15.6,71.7,Clear,24.8,False,None,
URB-12050,LOC-02,Jayadev Vihar,20.301,85.8239,2026-08-15 01:52:47,69,0.29,35.7,68,33.0,55.9,455.4,15.5,67.2,Clear,30.6,False,None,
URB-12051,LOC-03,Saheed Nagar,20.2872,85.8415,2026-08-15 02:02:47,49,0.17,30.5,77,31.0,64.1,437.1,14.8,88.7,Heavy Rain,30.0,False,None,
URB-12052,LOC-04,Khandagiri,20.2588,85.7836,2026-08-15 02:22:47,45,0.19,40.5,56,22.3,42.9,441.3,14.5,75.3,Clear,22.1,False,None,
URB-12053,LOC-05,Vani Vihar,20.2974,85.8364,2026-08-15 02:35:47,26,0.11,29.7,41,16.5,27.7,431.7,15.7,92.2,Heavy Rain,21.7,False,None,
URB-12054,LOC-06,Bhubaneswar Railway Station,20.2657,85.8436,2026-08-15 02:49:47,73,0.32,48.8,81,37.8,71.9,479.9,14.5,70.1,Clear,29.5,False,None,
URB-12055,LOC-07,Nandankanan Road,20.37,85.825,2026-08-15 03:04:47,50,0.19,32.3,80,37.1,66.0,429.6,14.9,74.2,Haze,30.5,False,None,
URB-12056,LOC-08,Kalarahanga Road,20.38,85.83,2026-08-15 03:22:47,33,0.15,60.5,51,21.6,40.3,418.1,13.9,76.0,Partly Cloudy,17.4,False,None,
URB-12057,LOC-01,Patia Main Road,20.3533,85.8197,2026-08-15 03:36:47,53,0.24,35.2,73,33.5,62.5,428.8,16.3,67.6,Partly Cloudy,29.8,False,None,
URB-12058,LOC-02,Jayadev Vihar,20.301,85.8239,2026-08-15 03:51:47,83,0.3,29.1,95,40.0,74.8,475.2,17.8,90.4,Fog,39.1,False,None,
URB-12059,LOC-03,Saheed Nagar,20.2872,85.8415,2026-08-15 04:03:47,62,0.21,38.7,96,48.4,84.0,463.5,19.0,61.6,Clear,30.9,False,None,
URB-12060,LOC-04,Khandagiri,20.2588,85.7836,2026-08-15 04:12:47,45,0.2,33.3,71,32.5,64.7,444.1,15.1,72.2,Haze,28.8,False,None,
URB-12061,LOC-05,Vani Vihar,20.2974,85.8364,2026-08-15 04:28:47,28,0.11,36.7,50,24.5,39.2,419.4,16.8,88.7,Fog,19.8,False,None,
URB-12062,LOC-06,Bhubaneswar Railway Station,20.2657,85.8436,2026-08-15 04:44:47,57,0.2,59.9,71,34.7,58.2,431.9,15.8,69.2,Clear,22.9,False,None,
URB-12063,LOC-07,Nandankanan Road,20.37,85.825,2026-08-15 05:04:47,60,0.27,28.5,79,32.8,62.7,453.8,19.9,67.3,Haze,35.4,False,None,
URB-12064,LOC-08,Kalarahanga Road,20.38,85.83,2026-08-15 05:13:47,37,0.15,40.6,39,19.6,40.5,424.3,19.1,85.4,Heavy Rain,17.5,False,None,
URB-12065,LOC-01,Patia Main Road,20.3533,85.8197,2026-08-15 05:30:47,59,0.22,34.4,76,39.6,81.1,456.6,16.0,75.4,Partly Cloudy,29.9,False,None,
URB-12066,LOC-02,Jayadev Vihar,20.301,85.8239,2026-08-15 05:47:47,143,0.49,37.4,86,37.1,71.1,456.1,19.4,66.7,Partly Cloudy,34.9,True,Traffic Bottleneck,Sudden vehicular surge of 143 vehicles/min exceeding corridor capacity.
URB-12067,LOC-03,Saheed Nagar,20.2872,85.8415,2026-08-15 06:02:47,211,0.74,24.2,137,58.5,114.5,514.4,18.2,70.6,Haze,57.3,True,Traffic Bottleneck,Sudden vehicular surge of 211 vehicles/min exceeding corridor capacity.
URB-12068,LOC-04,Khandagiri,20.2588,85.7836,2026-08-15 06:12:47,109,0.48,27.8,75,35.5,62.0,473.5,19.0,62.8,Clear,43.4,False,None,
URB-12069,LOC-05,Vani Vihar,20.2974,85.8364,2026-08-15 06:34:47,76,0.34,26.8,55,24.3,52.2,451.5,18.1,87.9,Rain,34.8,False,None,
URB-12070,LOC-06,Bhubaneswar Railway Station,20.2657,85.8436,2026-08-15 06:43:47,169,0.67,22.8,98,44.2,84.1,537.2,17.7,92.4,Rain,57.6,False,None,
URB-12071,LOC-07,Nandankanan Road,20.37,85.825,2026-08-15 07:07:47,208,0.71,21.3,125,56.3,101.8,599.9,22.7,62.9,Partly Cloudy,64.6,False,None,
URB-12072,LOC-08,Kalarahanga Road,20.38,85.83,2026-08-15 07:14:47,124,0.47,33.7,171,66.8,52.8,510.3,18.8,89.0,Rain,39.7,True,Air Quality Hazard,"Hazardous particulate spike (AQI 171, PM2.5 66.8 µg/m³) detected near Kalarahanga Road."
URB-12073,LOC-01,Patia Main Road,20.3533,85.8197,2026-08-15 07:27:47,204,0.71,18.5,154,70.9,127.7,588.5,21.9,80.3,Fog,71.1,False,None,
URB-12074,LOC-02,Jayadev Vihar,20.301,85.8239,2026-08-15 07:44:47,279,0.98,10.5,118,51.4,101.0,655.3,22.3,83.5,Heavy Rain,79.6,False,None,
URB-12075,LOC-03,Saheed Nagar,20.2872,85.8415,2026-08-15 08:00:47,182,0.79,15.6,115,53.6,99.4,571.3,19.9,80.7,Heavy Rain,68.9,False,None,
URB-12076,LOC-04,Khandagiri,20.2588,85.7836,2026-08-15 08:15:47,156,0.63,26.3,106,45.4,86.4,547.8,21.0,66.7,Clear,55.6,False,None,
URB-12077,LOC-05,Vani Vihar,20.2974,85.8364,2026-08-15 08:32:47,115,0.4,27.8,85,41.6,70.6,516.2,23.3,61.3,Haze,42.0,False,None,
URB-12078,LOC-06,Bhubaneswar Railway Station,20.2657,85.8436,2026-08-15 08:45:47,219,0.86,20.9,147,70.0,122.2,588.8,20.4,68.6,Haze,74.7,False,None,
URB-12079,LOC-07,Nandankanan Road,20.37,85.825,2026-08-15 09:07:47,184,0.64,22.6,147,72.0,136.1,575.2,23.9,61.9,Haze,65.0,False,None,
URB-12080,LOC-08,Kalarahanga Road,20.38,85.83,2026-08-15 09:17:47,117,0.54,36.9,109,51.8,99.4,483.8,26.0,57.8,Haze,82.2,True,Multi-Vector Urban Risk,Combined extreme congestion (54%) and high particulate pollution.
URB-12081,LOC-01,Patia Main Road,20.3533,85.8197,2026-08-15 09:34:47,219,0.91,15.6,131,56.3,102.7,577.7,23.8,64.2,Partly Cloudy,76.5,False,None,
URB-12082,LOC-02,Jayadev Vihar,20.301,85.8239,2026-08-15 09:48:47,278,0.98,12.6,194,84.3,154.2,629.4,25.1,56.6,Haze,91.9,False,None,
URB-12083,LOC-03,Saheed Nagar,20.2872,85.8415,2026-08-15 09:59:47,178,0.78,16.4,166,74.3,130.1,572.3,23.2,60.5,Haze,77.0,False,None,
URB-12084,LOC-04,Khandagiri,20.2588,85.7836,2026-08-15 10:22:47,144,0.56,27.9,98,45.2,84.9,512.0,24.7,57.4,Partly Cloudy,50.6,False,None,
URB-12085,LOC-05,Vani Vihar,20.2974,85.8364,2026-08-15 10:34:47,92,0.42,29.6,87,44.1,82.4,470.8,23.4,64.1,Haze,42.2,False,None,
URB-12086,LOC-06,Bhubaneswar Railway Station,20.2657,85.8436,2026-08-15 10:49:47,220,0.81,19.5,113,51.5,94.2,594.4,23.2,78.6,Rain,67.4,False,None,
URB-12087,LOC-07,Nandankanan Road,20.37,85.825,2026-08-15 11:04:47,167,0.68,15.9,82,42.1,84.6,547.6,28.5,72.6,Heavy Rain,58.6,False,None,
URB-12088,LOC-08,Kalarahanga Road,20.38,85.83,2026-08-15 11:16:47,135,0.48,47.0,87,44.7,77.5,512.0,26.2,56.5,Clear,36.9,False,None,
URB-12089,LOC-01,Patia Main Road,20.3533,85.8197,2026-08-15 11:32:47,192,0.67,17.3,98,40.5,81.0,551.0,24.3,83.3,Heavy Rain,60.3,False,None,
URB-12090,LOC-02,Jayadev Vihar,20.301,85.8239,2026-08-15 11:42:47,254,0.92,15.3,143,69.2,124.8,631.8,24.6,62.6,Clear,79.2,False,None,
URB-12091,LOC-03,Saheed Nagar,20.2872,85.8415,2026-08-15 11:57:47,153,0.52,22.6,135,63.1,109.5,520.5,24.4,60.7,Haze,58.1,False,None,
URB-12092,LOC-04,Khandagiri,20.2588,85.7836,2026-08-15 12:22:47,146,0.53,29.7,83,35.2,61.8,507.3,28.0,54.0,Clear,45.9,False,None,
URB-12093,LOC-05,Vani Vihar,20.2974,85.8364,2026-08-15 12:36:47,106,0.44,28.1,72,30.4,63.8,477.1,24.9,60.5,Partly Cloudy,41.2,False,None,
URB-12094,LOC-06,Bhubaneswar Railway Station,20.2657,85.8436,2026-08-15 12:44:47,225,0.98,6.0,127,60.5,108.2,609.7,27.0,71.9,Heavy Rain,73.9,True,Severe Gridlock,Critical speed drop to 6.0 km/h indicating major arterial blockade.
URB-12095,LOC-07,Nandankanan Road,20.37,85.825,2026-08-15 13:04:47,155,0.65,19.9,132,62.2,120.6,530.1,28.6,53.1,Haze,64.2,False,None,
URB-12096,LOC-08,Kalarahanga Road,20.38,85.83,2026-08-15 13:18:47,141,0.61,30.8,105,43.9,79.7,514.1,30.0,67.2,Fog,52.4,False,None,
URB-12097,LOC-01,Patia Main Road,20.3533,85.8197,2026-08-15 13:35:47,214,0.84,17.1,154,73.2,135.2,588.2,28.6,75.8,Fog,77.0,False,None,
URB-12098,LOC-02,Jayadev Vihar,20.301,85.8239,2026-08-15 13:52:47,249,0.98,10.4,133,64.1,118.1,633.3,29.5,67.9,Rain,82.3,False,None,
URB-12099,LOC-03,Saheed Nagar,20.2872,85.8415,2026-08-15 13:57:47,187,0.74,18.5,151,71.7,133.8,543.5,27.8,54.4,Haze,71.8,False,None,
URB-12100,LOC-04,Khandagiri,20.2588,85.7836,2026-08-15 14:21:47,132,0.58,21.6,111,49.3,91.8,503.6,30.4,68.7,Fog,56.8,False,None,
URB-12101,LOC-05,Vani Vihar,20.2974,85.8364,2026-08-15 14:31:47,105,0.4,24.4,57,29.9,49.6,493.3,28.2,71.7,Rain,38.8,False,None,
URB-12102,LOC-06,Bhubaneswar Railway Station,20.2657,85.8436,2026-08-15 14:44:47,233,0.95,19.2,157,76.4,137.2,602.6,30.1,69.8,Fog,80.9,False,None,
URB-12103,LOC-07,Nandankanan Road,20.37,85.825,2026-08-15 15:02:47,188,0.79,16.2,138,61.6,111.2,581.2,25.6,53.0,Haze,72.7,False,None,
URB-12104,LOC-08,Kalarahanga Road,20.38,85.83,2026-08-15 15:22:47,115,0.44,46.4,75,30.4,63.4,516.9,25.8,53.4,Clear,33.2,False,None,
URB-12105,LOC-01,Patia Main Road,20.3533,85.8197,2026-08-15 15:37:47,214,0.79,16.2,142,67.9,128.1,587.3,29.6,53.2,Haze,73.3,False,None,
URB-12106,LOC-02,Jayadev Vihar,20.301,85.8239,2026-08-15 15:44:47,249,0.98,13.5,139,61.2,113.4,633.9,27.3,50.9,Partly Cloudy,81.8,False,None,
URB-12107,LOC-03,Saheed Nagar,20.2872,85.8415,2026-08-15 16:03:47,195,0.74,22.5,134,63.1,113.8,571.4,27.2,54.5,Partly Cloudy,66.8,False,None,
URB-12108,LOC-04,Khandagiri,20.2588,85.7836,2026-08-15 16:13:47,160,0.63,16.4,77,31.6,59.0,543.1,29.2,67.0,Rain,55.5,False,None,
URB-12109,LOC-05,Vani Vihar,20.2974,85.8364,2026-08-15 16:31:47,111,0.42,23.7,62,28.6,54.6,502.4,28.2,76.9,Rain,40.8,False,None,
URB-12110,LOC-06,Bhubaneswar Railway Station,20.2657,85.8436,2026-08-15 16:49:47,204,0.75,28.4,139,62.3,113.5,592.3,28.9,53.3,Partly Cloudy,65.1,False,None,
URB-12111,LOC-07,Nandankanan Road,20.37,85.825,2026-08-15 16:59:47,301,0.88,19.5,96,45.8,83.3,530.9,26.0,72.2,Heavy Rain,56.5,True,Traffic Bottleneck,Sudden vehicular surge of 301 vehicles/min exceeding corridor capacity.
URB-12112,LOC-08,Kalarahanga Road,20.38,85.83,2026-08-15 17:18:47,117,0.48,36.2,101,50.9,93.2,481.1,28.0,77.2,Fog,43.8,False,None,
URB-12113,LOC-01,Patia Main Road,20.3533,85.8197,2026-08-15 17:27:47,200,0.85,13.7,92,44.2,85.4,587.9,26.4,79.6,Rain,68.2,False,None,
URB-12114,LOC-02,Jayadev Vihar,20.301,85.8239,2026-08-15 17:52:47,285,0.98,13.3,154,74.9,134.4,662.8,27.9,53.5,Clear,84.5,False,None,
URB-12115,LOC-03,Saheed Nagar,20.2872,85.8415,2026-08-15 17:58:47,164,0.59,20.9,136,64.0,118.5,546.9,25.0,55.5,Haze,62.0,False,None,
URB-12116,LOC-04,Khandagiri,20.2588,85.7836,2026-08-15 18:15:47,139,0.49,28.7,91,38.1,68.5,514.9,24.4,55.2,Clear,46.2,False,None,
URB-12117,LOC-05,Vani Vihar,20.2974,85.8364,2026-08-15 18:31:47,91,0.41,27.4,93,41.6,83.6,485.2,25.7,53.9,Haze,44.0,False,None,
URB-12118,LOC-06,Bhubaneswar Railway Station,20.2657,85.8436,2026-08-15 18:42:47,235,0.84,25.0,166,74.8,139.9,605.9,23.1,61.8,Haze,75.2,False,None,
URB-12119,LOC-07,Nandankanan Road,20.37,85.825,2026-08-15 19:07:47,195,0.75,16.3,102,47.0,92.2,564.1,21.4,82.4,Heavy Rain,64.7,False,None,
URB-12120,LOC-08,Kalarahanga Road,20.38,85.83,2026-08-15 19:21:47,140,0.6,37.6,89,40.0,80.5,533.8,21.8,58.3,Clear,45.8,False,None,
URB-12121,LOC-01,Patia Main Road,20.3533,85.8197,2026-08-15 19:34:47,225,0.88,17.2,133,60.7,110.9,608.4,22.8,61.4,Partly Cloudy,74.9,False,None,
URB-12122,LOC-02,Jayadev Vihar,20.301,85.8239,2026-08-15 19:51:47,257,0.98,11.7,156,76.1,132.1,614.2,22.3,59.7,Haze,85.7,False,None,
URB-12123,LOC-03,Saheed Nagar,20.2872,85.8415,2026-08-15 20:03:47,144,0.53,24.0,137,61.1,105.8,529.1,23.9,61.6,Haze,58.2,False,None,
URB-12124,LOC-04,Khandagiri,20.2588,85.7836,2026-08-15 20:20:47,111,0.43,21.5,72,30.5,56.0,506.1,20.9,84.7,Heavy Rain,44.0,False,None,
URB-12125,LOC-05,Vani Vihar,20.2974,85.8364,2026-08-15 20:37:47,68,0.24,28.1,45,17.0,29.3,442.0,23.4,80.3,Rain,28.4,False,None,
URB-12126,LOC-06,Bhubaneswar Railway Station,20.2657,85.8436,2026-08-15 20:44:47,147,0.51,31.6,82,36.0,62.0,511.3,20.7,82.7,Heavy Rain,44.0,False,None,
URB-12127,LOC-07,Nandankanan Road,20.37,85.825,2026-08-15 21:05:47,141,0.54,22.5,120,58.8,110.9,503.2,20.7,60.9,Haze,56.4,False,None,
URB-12128,LOC-08,Kalarahanga Road,20.38,85.83,2026-08-15 21:22:47,86,0.38,32.5,65,30.0,52.7,475.0,21.3,78.9,Heavy Rain,35.3,False,None,
URB-12129,LOC-01,Patia Main Road,20.3533,85.8197,2026-08-15 21:27:47,170,0.7,15.9,81,33.7,59.5,547.4,20.4,79.9,Heavy Rain,59.2,False,None,
URB-12130,LOC-02,Jayadev Vihar,20.301,85.8239,2026-08-15 21:42:47,208,0.82,13.6,113,53.6,104.0,573.0,19.8,88.2,Heavy Rain,70.8,False,None,
URB-12131,LOC-03,Saheed Nagar,20.2872,85.8415,2026-08-15 21:59:47,128,0.52,26.2,112,54.4,97.5,494.6,21.9,64.7,Partly Cloudy,52.3,False,None,
URB-12132,LOC-04,Khandagiri,20.2588,85.7836,2026-08-15 22:17:47,48,0.17,27.9,48,22.6,39.2,431.7,20.6,85.1,Heavy Rain,26.2,False,None,
URB-12133,LOC-05,Vani Vihar,20.2974,85.8364,2026-08-15 22:37:47,32,0.13,40.9,46,17.8,38.2,433.8,20.7,61.4,Clear,17.8,False,None,
URB-12134,LOC-06,Bhubaneswar Railway Station,20.2657,85.8436,2026-08-15 22:48:47,69,0.31,35.7,75,35.0,69.2,456.9,18.8,83.8,Heavy Rain,32.7,False,None,
URB-12135,LOC-07,Nandankanan Road,20.37,85.825,2026-08-15 22:57:47,61,0.22,39.3,72,31.4,63.3,458.6,21.3,64.7,Partly Cloudy,26.8,False,None,
URB-12136,LOC-08,Kalarahanga Road,20.38,85.83,2026-08-15 23:14:47,38,0.16,37.4,44,16.8,29.7,447.3,15.8,94.4,Heavy Rain,20.4,False,None,
URB-12137,LOC-01,Patia Main Road,20.3533,85.8197,2026-08-15 23:28:47,57,0.23,25.1,64,29.0,54.4,442.2,17.9,87.4,Rain,32.9,False,None,
URB-12138,LOC-02,Jayadev Vihar,20.301,85.8239,2026-08-15 23:48:47,72,0.43,8.5,64,30.4,64.1,460.2,17.7,83.7,Rain,37.2,True,Severe Gridlock,Critical speed drop to 8.5 km/h indicating major arterial blockade.
URB-12139,LOC-03,Saheed Nagar,20.2872,85.8415,2026-08-16 00:05:47,53,0.22,39.1,89,41.8,73.0,438.8,15.4,75.3,Partly Cloudy,29.8,False,None,
URB-12140,LOC-04,Khandagiri,20.2588,85.7836,2026-08-16 00:21:47,49,0.18,42.8,52,22.0,40.3,434.4,17.3,66.9,Clear,19.9,False,None,
URB-12141,LOC-05,Vani Vihar,20.2974,85.8364,2026-08-16 00:29:47,26,0.11,33.0,52,20.3,33.3,418.9,15.7,87.7,Fog,22.0,False,None,
URB-12142,LOC-06,Bhubaneswar Railway Station,20.2657,85.8436,2026-08-16 00:48:47,57,0.25,44.1,101,48.0,93.9,444.2,17.4,71.8,Haze,30.6,False,None,
URB-12143,LOC-07,Nandankanan Road,20.37,85.825,2026-08-16 01:01:47,59,0.24,29.0,72,31.2,64.0,434.5,18.0,84.1,Fog,32.7,False,None,
URB-12144,LOC-08,Kalarahanga Road,20.38,85.83,2026-08-16 01:18:47,39,0.14,43.2,40,14.8,24.8,436.6,18.7,90.9,Rain,16.0,False,None,
URB-12145,LOC-01,Patia Main Road,20.3533,85.8197,2026-08-16 01:32:47,72,0.25,26.2,70,35.8,66.2,473.0,14.5,92.9,Heavy Rain,34.1,False,None,
URB-12146,LOC-02,Jayadev Vihar,20.301,85.8239,2026-08-16 01:48:47,73,0.27,35.8,80,40.9,76.5,460.2,16.5,66.0,Clear,31.9,False,None,
URB-12147,LOC-03,Saheed Nagar,20.2872,85.8415,2026-08-16 02:06:47,55,0.23,31.4,113,53.3,91.1,463.6,14.3,69.0,Haze,38.3,False,None,
URB-12148,LOC-04,Khandagiri,20.2588,85.7836,2026-08-16 02:19:47,41,0.17,26.7,46,17.9,39.8,427.5,17.5,90.7,Rain,26.5,False,None,
URB-12149,LOC-05,Vani Vihar,20.2974,85.8364,2026-08-16 02:36:47,28,0.11,37.1,53,26.6,51.9,402.0,16.9,93.0,Fog,20.1,False,None,
URB-12150,LOC-06,Bhubaneswar Railway Station,20.2657,85.8436,2026-08-16 02:47:47,74,0.3,42.3,108,53.8,100.1,458.4,18.3,91.2,Fog,34.8,False,None,
URB-12151,LOC-07,Nandankanan Road,20.37,85.825,2026-08-16 02:59:47,64,0.29,24.4,62,27.3,50.7,457.9,14.2,91.9,Heavy Rain,35.2,False,None,
URB-12152,LOC-08,Kalarahanga Road,20.38,85.83,2026-08-16 03:21:47,42,0.16,52.8,73,31.4,58.9,415.5,17.4,73.7,Haze,21.7,False,None,
URB-12153,LOC-01,Patia Main Road,20.3533,85.8197,2026-08-16 03:29:47,71,0.33,36.0,72,34.1,60.3,455.1,13.9,76.1,Clear,32.8,False,None,
URB-12154,LOC-02,Jayadev Vihar,20.301,85.8239,2026-08-16 03:45:47,82,0.3,28.6,95,47.7,92.9,461.4,14.8,68.3,Haze,39.3,False,None,
URB-12155,LOC-03,Saheed Nagar,20.2872,85.8415,2026-08-16 04:05:47,58,0.25,32.3,104,50.7,94.3,453.2,16.4,72.0,Haze,37.0,False,None,
URB-12156,LOC-04,Khandagiri,20.2588,85.7836,2026-08-16 04:16:47,39,0.18,34.2,72,37.3,67.1,444.7,17.8,67.9,Haze,27.7,False,None,
URB-12157,LOC-05,Vani Vihar,20.2974,85.8364,2026-08-16 04:28:47,29,0.1,32.4,38,13.4,29.5,409.7,17.4,85.8,Heavy Rain,19.5,False,None,
URB-12158,LOC-06,Bhubaneswar Railway Station,20.2657,85.8436,2026-08-16 04:52:47,72,0.33,52.0,75,38.3,68.0,447.0,15.0,69.2,Partly Cloudy,28.8,False,None,
URB-12159,LOC-07,Nandankanan Road,20.37,85.825,2026-08-16 05:05:47,52,0.23,31.5,74,38.3,65.4,458.3,16.2,68.0,Haze,31.4,False,None,
URB-12160,LOC-08,Kalarahanga Road,20.38,85.83,2026-08-16 05:22:47,36,0.13,44.8,49,18.4,38.5,429.5,19.5,82.3,Rain,16.4,False,None,
URB-12161,LOC-01,Patia Main Road,20.3533,85.8197,2026-08-16 05:32:47,68,0.26,36.2,77,34.9,58.8,464.3,19.9,61.3,Clear,30.8,False,None,
URB-12162,LOC-02,Jayadev Vihar,20.301,85.8239,2026-08-16 05:46:47,78,0.32,32.1,84,42.8,79.1,465.0,16.2,71.1,Clear,36.5,False,None,
URB-12163,LOC-03,Saheed Nagar,20.2872,85.8415,2026-08-16 06:07:47,121,0.46,28.0,99,49.2,93.6,509.2,16.8,73.9,Partly Cloudy,46.7,False,None,
URB-12164,LOC-04,Khandagiri,20.2588,85.7836,2026-08-16 06:13:47,118,0.45,29.7,75,36.1,62.6,491.9,20.2,65.6,Clear,41.3,False,None,
URB-12165,LOC-05,Vani Vihar,20.2974,85.8364,2026-08-16 06:33:47,76,0.34,24.3,49,21.9,43.0,450.3,17.3,87.5,Heavy Rain,35.0,False,None,
URB-12166,LOC-06,Bhubaneswar Railway Station,20.2657,85.8436,2026-08-16 06:43:47,183,0.79,23.2,161,71.5,127.9,566.8,20.7,66.9,Haze,73.2,False,None,
URB-12167,LOC-07,Nandankanan Road,20.37,85.825,2026-08-16 06:59:47,115,0.45,20.8,76,36.9,69.5,508.3,17.9,85.1,Rain,45.9,False,None,
URB-12168,LOC-08,Kalarahanga Road,20.38,85.83,2026-08-16 07:15:47,116,0.45,34.9,64,25.2,46.9,508.9,19.9,89.2,Rain,36.8,False,None,
URB-12169,LOC-01,Patia Main Road,20.3533,85.8197,2026-08-16 07:31:47,196,0.84,17.3,113,51.3,90.4,589.2,22.7,61.5,Partly Cloudy,69.7,False,None,
URB-12170,LOC-02,Jayadev Vihar,20.301,85.8239,2026-08-16 07:42:47,278,0.98,12.6,192,86.1,154.1,647.6,22.5,81.5,Fog,91.5,False,None,
URB-12171,LOC-03,Saheed Nagar,20.2872,85.8415,2026-08-16 08:04:47,198,0.73,18.4,161,71.7,125.5,589.4,23.9,58.4,Haze,73.2,False,None,
URB-12172,LOC-04,Khandagiri,20.2588,85.7836,2026-08-16 08:18:47,129,0.51,22.1,78,34.5,59.1,512.0,19.5,88.4,Rain,48.0,False,None,
URB-12173,LOC-05,Vani Vihar,20.2974,85.8364,2026-08-16 08:34:47,115,0.53,29.7,84,38.1,72.4,502.9,21.5,61.5,Partly Cloudy,46.1,False,None,
URB-12174,LOC-06,Bhubaneswar Railway Station,20.2657,85.8436,2026-08-16 08:46:47,186,0.79,20.7,113,51.2,87.9,576.5,22.7,84.7,Heavy Rain,66.0,False,None,
URB-12175,LOC-07,Nandankanan Road,20.37,85.825,2026-08-16 09:06:47,214,0.75,16.8,110,54.8,100.4,576.2,23.7,82.4,Heavy Rain,65.8,False,None,
URB-12176,LOC-08,Kalarahanga Road,20.38,85.83,2026-08-16 09:19:47,126,0.54,26.2,77,37.5,68.3,501.9,23.8,79.4,Rain,47.0,False,None,
URB-12177,LOC-01,Patia Main Road,20.3533,85.8197,2026-08-16 09:31:47,240,0.98,11.3,181,87.3,160.8,618.8,25.9,74.8,Fog,90.2,False,None,
URB-12178,LOC-02,Jayadev Vihar,20.301,85.8239,2026-08-16 09:46:47,269,0.92,11.2,137,62.5,112.2,633.5,25.3,77.8,Rain,80.2,False,None,
URB-12179,LOC-03,Saheed Nagar,20.2872,85.8415,2026-08-16 10:01:47,186,0.73,21.9,139,59.8,117.0,570.5,25.4,60.9,Partly Cloudy,67.6,False,None,
URB-12180,LOC-04,Khandagiri,20.2588,85.7836,2026-08-16 10:17:47,170,0.72,21.2,105,50.8,99.6,540.9,26.0,55.9,Clear,61.6,False,None,
URB-12181,LOC-05,Vani Vihar,20.2974,85.8364,2026-08-16 10:28:47,92,0.4,27.6,92,46.1,88.0,469.3,23.7,61.9,Haze,43.3,False,None,
URB-12182,LOC-06,Bhubaneswar Railway Station,20.2657,85.8436,2026-08-16 10:50:47,193,0.82,18.3,107,47.9,86.2,579.5,26.8,71.2,Rain,67.4,False,None,
URB-12183,LOC-07,Nandankanan Road,20.37,85.825,2026-08-16 11:06:47,162,0.7,20.1,136,62.1,112.0,540.9,25.6,60.7,Haze,66.8,False,None,
URB-12184,LOC-08,Kalarahanga Road,20.38,85.83,2026-08-16 11:19:47,140,0.54,39.7,82,39.7,69.6,503.1,24.7,57.2,Clear,41.1,False,None,
URB-12185,LOC-01,Patia Main Road,20.3533,85.8197,2026-08-16 11:33:47,222,0.86,16.0,174,76.3,137.9,584.6,24.3,74.3,Fog,81.8,False,None,
URB-12186,LOC-02,Jayadev Vihar,20.301,85.8239,2026-08-16 11:43:47,254,0.98,9.3,115,56.4,103.4,638.9,27.9,77.0,Heavy Rain,79.7,False,None,
URB-12187,LOC-03,Saheed Nagar,20.2872,85.8415,2026-08-16 11:59:47,164,0.58,21.6,152,73.4,135.4,538.3,26.4,57.4,Haze,64.0,False,None,
URB-12188,LOC-04,Khandagiri,20.2588,85.7836,2026-08-16 12:19:47,134,0.54,21.3,69,29.9,56.4,510.6,26.1,73.7,Heavy Rain,48.0,False,None,
URB-12189,LOC-05,Vani Vihar,20.2974,85.8364,2026-08-16 12:36:47,107,0.42,22.7,65,27.7,50.7,481.4,28.8,67.1,Rain,41.8,False,None,
URB-12190,LOC-06,Bhubaneswar Railway Station,20.2657,85.8436,2026-08-16 12:49:47,179,0.8,18.6,97,44.1,77.4,570.8,26.8,73.3,Rain,64.7,False,None,
URB-12191,LOC-07,Nandankanan Road,20.37,85.825,2026-08-16 13:02:47,196,0.82,13.0,99,46.3,82.5,576.3,25.6,71.9,Heavy Rain,98.5,True,Multi-Vector Urban Risk,Combined extreme congestion (82%) and high particulate pollution.
URB-12192,LOC-08,Kalarahanga Road,20.38,85.83,2026-08-16 13:17:47,117,0.47,29.8,75,37.8,72.9,491.9,26.6,72.5,Heavy Rain,42.0,False,None,
URB-12193,LOC-01,Patia Main Road,20.3533,85.8197,2026-08-16 13:30:47,409,0.99,10.9,113,56.0,105.9,590.8,27.4,78.7,Rain,78.5,True,Traffic Bottleneck,Sudden vehicular surge of 409 vehicles/min exceeding corridor capacity.
URB-12194,LOC-02,Jayadev Vihar,20.301,85.8239,2026-08-16 13:46:47,198,0.91,12.3,105,50.8,91.9,556.0,29.0,74.6,Heavy Rain,73.6,False,None,
URB-12195,LOC-03,Saheed Nagar,20.2872,85.8415,2026-08-16 13:58:47,180,0.74,18.7,144,61.8,119.5,566.4,29.5,75.7,Fog,70.5,False,None,
URB-12196,LOC-04,Khandagiri,20.2588,85.7836,2026-08-16 14:19:47,141,0.49,22.3,79,38.0,71.1,520.7,27.6,69.5,Rain,47.3,False,None,
URB-12197,LOC-05,Vani Vihar,20.2974,85.8364,2026-08-16 14:31:47,94,0.39,27.3,94,45.4,77.0,485.6,29.4,49.7,Haze,43.4,False,None,
URB-12198,LOC-06,Bhubaneswar Railway Station,20.2657,85.8436,2026-08-16 14:44:47,207,0.95,15.9,245,114.0,103.1,562.0,28.7,67.6,Rain,75.0,True,Air Quality Hazard,"Hazardous particulate spike (AQI 245, PM2.5 114.0 µg/m³) detected near Bhubaneswar Railway Station."
URB-12199,LOC-07,Nandankanan Road,20.37,85.825,2026-08-16 15:06:47,161,0.63,20.5,115,53.1,93.2,520.6,26.7,54.8,Haze,60.1,False,None,
URB-12200,LOC-08,Kalarahanga Road,20.38,85.83,2026-08-16 15:16:47,117,0.43,41.7,78,33.5,63.6,495.8,25.5,56.6,Clear,35.0,False,None,
URB-12201,LOC-01,Patia Main Road,20.3533,85.8197,2026-08-16 15:31:47,219,0.88,11.6,93,41.1,72.9,590.3,29.6,73.9,Heavy Rain,70.7,False,None,
URB-12202,LOC-02,Jayadev Vihar,20.301,85.8239,2026-08-16 15:52:47,270,0.98,14.1,148,70.1,131.7,643.8,29.5,55.7,Partly Cloudy,83.0,False,None,
URB-12203,LOC-03,Saheed Nagar,20.2872,85.8415,2026-08-16 16:03:47,202,0.9,11.9,110,50.6,88.9,560.6,25.1,74.4,Rain,74.3,False,None,
URB-12204,LOC-04,Khandagiri,20.2588,85.7836,2026-08-16 16:20:47,137,0.61,20.3,70,33.7,63.6,529.2,27.4,69.7,Rain,51.5,False,None,
URB-12205,LOC-05,Vani Vihar,20.2974,85.8364,2026-08-16 16:37:47,106,0.42,32.4,78,36.3,70.9,484.1,27.8,54.5,Partly Cloudy,39.2,False,None,
URB-12206,LOC-06,Bhubaneswar Railway Station,20.2657,85.8436,2026-08-16 16:43:47,259,0.98,19.9,159,71.3,128.5,622.5,27.3,57.9,Partly Cloudy,82.1,False,None,
URB-12207,LOC-07,Nandankanan Road,20.37,85.825,2026-08-16 17:00:47,169,0.75,18.5,128,60.8,105.1,539.5,27.6,74.3,Fog,68.2,False,None,
URB-12208,LOC-08,Kalarahanga Road,20.38,85.83,2026-08-16 17:15:47,110,0.41,38.5,88,44.7,77.0,484.4,27.3,78.9,Fog,37.5,False,None,
URB-12209,LOC-01,Patia Main Road,20.3533,85.8197,2026-08-16 17:32:47,209,0.92,14.9,138,58.7,105.4,597.0,27.9,75.5,Fog,78.5,False,None,
URB-12210,LOC-02,Jayadev Vihar,20.301,85.8239,2026-08-16 17:45:47,212,0.74,16.3,110,49.1,96.1,569.3,25.0,75.8,Rain,65.7,False,None,
URB-12211,LOC-03,Saheed Nagar,20.2872,85.8415,2026-08-16 18:02:47,148,0.51,27.8,121,59.4,111.2,508.6,24.7,53.8,Partly Cloudy,52.7,False,None,
URB-12212,LOC-04,Khandagiri,20.2588,85.7836,2026-08-16 18:18:47,159,0.6,19.8,80,39.5,70.7,530.9,24.5,81.6,Rain,53.1,False,None,
URB-12213,LOC-05,Vani Vihar,20.2974,85.8364,2026-08-16 18:31:47,109,0.47,28.3,80,38.0,68.5,496.7,23.2,64.6,Clear,43.6,False,None,
URB-12214,LOC-06,Bhubaneswar Railway Station,20.2657,85.8436,2026-08-16 18:46:47,191,0.79,25.9,160,71.8,133.9,551.0,24.6,54.1,Haze,71.7,False,None,
URB-12215,LOC-07,Nandankanan Road,20.37,85.825,2026-08-16 18:58:47,160,0.69,24.8,103,43.7,84.8,547.1,25.1,53.7,Clear,58.2,False,None,
URB-12216,LOC-08,Kalarahanga Road,20.38,85.83,2026-08-16 19:14:47,144,0.65,23.7,77,32.4,65.1,507.9,25.1,75.9,Heavy Rain,52.6,False,None,
URB-12217,LOC-01,Patia Main Road,20.3533,85.8197,2026-08-16 19:36:47,245,0.84,12.5,102,41.9,75.6,606.3,23.9,83.5,Heavy Rain,70.2,False,None,
URB-12218,LOC-02,Jayadev Vihar,20.301,85.8239,2026-08-16 19:52:47,258,0.98,12.3,176,82.2,145.3,626.9,24.9,58.2,Haze,98.5,True,Multi-Vector Urban Risk,Combined extreme congestion (98%) and high particulate pollution.
URB-12219,LOC-03,Saheed Nagar,20.2872,85.8415,2026-08-16 20:01:47,123,0.49,23.3,124,55.3,99.0,517.9,22.3,85.9,Fog,54.6,False,None,
URB-12220,LOC-04,Khandagiri,20.2588,85.7836,2026-08-16 20:12:47,120,0.48,23.3,73,34.0,56.4,508.7,23.0,77.0,Rain,45.3,False,None,
URB-12221,LOC-05,Vani Vihar,20.2974,85.8364,2026-08-16 20:31:47,62,0.27,33.1,68,31.4,58.3,441.3,21.6,81.2,Fog,31.2,False,None,
URB-12222,LOC-06,Bhubaneswar Railway Station,20.2657,85.8436,2026-08-16 20:51:47,139,0.57,26.8,89,40.4,82.2,503.4,22.0,84.3,Rain,50.0,False,None,
URB-12223,LOC-07,Nandankanan Road,20.37,85.825,2026-08-16 20:57:47,158,0.6,27.9,97,44.7,83.1,534.5,20.2,64.8,Clear,52.0,False,None,
URB-12224,LOC-08,Kalarahanga Road,20.38,85.83,2026-08-16 21:18:47,93,0.43,35.8,63,24.9,49.5,483.6,19.1,83.4,Rain,35.3,False,None,
URB-12225,LOC-01,Patia Main Road,20.3533,85.8197,2026-08-16 21:29:47,131,0.46,23.8,131,59.8,111.5,522.0,18.9,85.5,Fog,54.4,False,None,
URB-12226,LOC-02,Jayadev Vihar,20.301,85.8239,2026-08-16 21:49:47,198,0.82,18.1,127,61.7,113.9,553.9,19.6,68.2,Clear,71.0,False,None,
URB-12227,LOC-03,Saheed Nagar,20.2872,85.8415,2026-08-16 22:02:47,49,0.18,34.9,93,42.4,79.8,430.7,16.9,71.8,Haze,31.0,False,None,
URB-12228,LOC-04,Khandagiri,20.2588,85.7836,2026-08-16 22:17:47,43,0.15,38.2,55,27.1,56.1,428.0,17.0,71.9,Partly Cloudy,21.5,False,None,
URB-12229,LOC-05,Vani Vihar,20.2974,85.8364,2026-08-16 22:30:47,32,0.12,37.2,46,23.0,47.6,426.1,20.8,66.4,Partly Cloudy,19.2,False,None,
URB-12230,LOC-06,Bhubaneswar Railway Station,20.2657,85.8436,2026-08-16 22:47:47,72,0.26,41.3,72,37.1,64.2,454.5,19.8,86.9,Heavy Rain,27.4,False,None,
URB-12231,LOC-07,Nandankanan Road,20.37,85.825,2026-08-16 23:05:47,62,0.22,35.9,64,28.2,53.8,440.6,16.3,69.9,Clear,27.1,False,None,
URB-12232,LOC-08,Kalarahanga Road,20.38,85.83,2026-08-16 23:18:47,44,0.18,40.9,47,21.9,38.5,439.0,17.3,87.3,Heavy Rain,20.0,False,None,
URB-12233,LOC-01,Patia Main Road,20.3533,85.8197,2026-08-16 23:32:47,64,0.23,30.4,98,46.9,90.1,458.0,15.7,91.2,Fog,36.2,False,None,
URB-12234,LOC-02,Jayadev Vihar,20.301,85.8239,2026-08-16 23:44:47,80,0.32,29.9,90,42.9,86.8,465.3,16.6,94.8,Fog,38.6,False,None,
URB-12235,LOC-03,Saheed Nagar,20.2872,85.8415,2026-08-16 23:59:47,52,0.22,29.3,70,30.8,54.5,447.9,19.2,87.4,Heavy Rain,31.4,False,None,
URB-12236,LOC-04,Khandagiri,20.2588,85.7836,2026-08-17 00:17:47,50,0.22,37.6,61,25.8,52.3,455.5,17.4,68.3,Clear,25.7,False,None,
URB-12237,LOC-05,Vani Vihar,20.2974,85.8364,2026-08-17 00:27:47,35,0.13,34.8,55,21.1,44.4,413.8,18.5,86.2,Fog,22.4,False,None,
URB-12238,LOC-06,Bhubaneswar Railway Station,20.2657,85.8436,2026-08-17 00:49:47,71,0.26,43.2,107,47.2,89.9,444.0,15.7,71.9,Haze,32.5,False,None,
URB-12239,LOC-07,Nandankanan Road,20.37,85.825,2026-08-17 01:03:47,101,0.35,27.1,48,23.9,45.6,437.4,17.0,85.0,Heavy Rain,29.4,True,Traffic Bottleneck,Sudden vehicular surge of 101 vehicles/min exceeding corridor capacity.
URB-12240,LOC-08,Kalarahanga Road,20.38,85.83,2026-08-17 01:15:47,44,0.18,51.9,52,27.3,52.0,448.8,18.1,67.2,Partly Cloudy,18.8,False,None,
URB-12241,LOC-01,Patia Main Road,20.3533,85.8197,2026-08-17 01:34:47,74,0.28,34.5,83,33.8,69.2,476.8,15.4,72.8,Clear,33.5,False,None,
URB-12242,LOC-02,Jayadev Vihar,20.301,85.8239,2026-08-17 01:46:47,83,0.32,30.9,95,48.0,94.2,469.5,13.9,72.5,Haze,39.0,False,None,
URB-12243,LOC-03,Saheed Nagar,20.2872,85.8415,2026-08-17 02:06:47,46,0.19,40.7,84,40.6,80.1,449.2,15.2,71.6,Clear,26.9,False,None,
URB-12244,LOC-04,Khandagiri,20.2588,85.7836,2026-08-17 02:12:47,54,0.24,40.8,63,30.9,59.0,462.4,17.1,72.8,Partly Cloudy,25.2,False,None,
URB-12245,LOC-05,Vani Vihar,20.2974,85.8364,2026-08-17 02:37:47,30,0.13,29.7,36,21.6,39.4,405.6,14.3,90.4,Heavy Rain,21.6,False,None,
URB-12246,LOC-06,Bhubaneswar Railway Station,20.2657,85.8436,2026-08-17 02:50:47,63,0.24,38.5,73,29.7,60.2,456.1,17.7,91.8,Rain,28.1,False,None,
URB-12247,LOC-07,Nandankanan Road,20.37,85.825,2026-08-17 03:06:47,59,0.21,38.3,60,24.0,42.8,442.9,14.5,75.0,Clear,24.8,False,None,
URB-12248,LOC-08,Kalarahanga Road,20.38,85.83,2026-08-17 03:17:47,41,0.16,55.1,50,26.3,47.4,433.6,16.3,72.3,Partly Cloudy,17.6,False,None,
URB-12249,LOC-01,Patia Main Road,20.3533,85.8197,2026-08-17 03:31:47,63,0.24,28.5,58,29.4,51.9,455.0,13.9,89.3,Heavy Rain,30.5,False,None,
URB-12250,LOC-02,Jayadev Vihar,20.301,85.8239,2026-08-17 03:45:47,83,0.3,31.8,111,54.0,94.8,471.2,17.0,65.5,Haze,40.5,False,None,
URB-12251,LOC-03,Saheed Nagar,20.2872,85.8415,2026-08-17 03:57:47,49,0.2,35.5,98,41.2,72.3,438.6,18.4,89.3,Fog,32.4,False,None,
URB-12252,LOC-04,Khandagiri,20.2588,85.7836,2026-08-17 04:19:47,54,0.23,34.8,66,33.4,64.3,461.6,17.5,68.4,Clear,28.4,False,None,
URB-12253,LOC-05,Vani Vihar,20.2974,85.8364,2026-08-17 04:37:47,33,0.14,42.2,47,22.2,41.0,424.1,15.2,76.6,Clear,17.7,False,None,
URB-12254,LOC-06,Bhubaneswar Railway Station,20.2657,85.8436,2026-08-17 04:47:47,71,0.3,36.9,67,28.3,55.9,442.7,17.0,93.3,Rain,30.3,False,None,
URB-12255,LOC-07,Nandankanan Road,20.37,85.825,2026-08-17 04:59:47,54,0.21,33.0,87,38.6,75.7,457.0,17.7,89.3,Fog,32.1,False,None,
URB-12256,LOC-08,Kalarahanga Road,20.38,85.83,2026-08-17 05:19:47,45,0.16,40.8,49,20.7,41.9,417.3,19.2,90.3,Rain,19.6,False,None,
URB-12257,LOC-01,Patia Main Road,20.3533,85.8197,2026-08-17 05:33:47,58,0.25,38.3,62,24.9,45.8,465.7,16.8,64.8,Partly Cloudy,26.7,False,None,
URB-12258,LOC-02,Jayadev Vihar,20.301,85.8239,2026-08-17 05:49:47,80,0.3,33.1,109,47.5,84.9,473.8,17.7,71.5,Haze,39.5,False,None,
URB-12259,LOC-03,Saheed Nagar,20.2872,85.8415,2026-08-17 06:02:47,123,0.42,28.2,132,56.6,97.3,505.7,17.9,90.3,Fog,50.8,False,None,
URB-12260,LOC-04,Khandagiri,20.2588,85.7836,2026-08-17 06:18:47,94,0.37,34.1,72,28.8,52.6,460.8,20.7,66.5,Clear,35.3,False,None,
URB-12261,LOC-05,Vani Vihar,20.2974,85.8364,2026-08-17 06:37:47,75,0.3,25.3,55,24.7,50.0,466.4,21.2,81.3,Rain,34.0,False,None,
URB-12262,LOC-06,Bhubaneswar Railway Station,20.2657,85.8436,2026-08-17 06:47:47,183,0.67,29.6,158,70.6,125.0,571.4,19.4,85.4,Fog,64.7,False,None,
URB-12263,LOC-07,Nandankanan Road,20.37,85.825,2026-08-17 07:00:47,305,0.98,10.6,115,53.1,93.8,673.3,18.2,83.3,Rain,79.0,False,None,
URB-12264,LOC-08,Kalarahanga Road,20.38,85.83,2026-08-17 07:15:47,205,0.9,25.3,113,56.0,100.4,584.0,18.3,64.4,Partly Cloudy,68.1,False,None,
URB-12265,LOC-01,Patia Main Road,20.3533,85.8197,2026-08-17 07:31:47,276,0.98,12.4,183,82.8,156.3,632.4,20.3,87.3,Fog,90.0,False,None,
URB-12266,LOC-02,Jayadev Vihar,20.301,85.8239,2026-08-17 07:46:47,411,0.98,12.7,270,124.2,222.0,783.8,21.3,84.7,Fog,92.8,False,None,
URB-12267,LOC-03,Saheed Nagar,20.2872,85.8415,2026-08-17 08:07:47,283,0.98,9.5,134,65.8,123.5,662.7,22.1,86.6,Heavy Rain,82.9,False,None,
URB-12268,LOC-04,Khandagiri,20.2588,85.7836,2026-08-17 08:19:47,253,0.98,12.7,156,75.6,132.6,608.4,22.0,84.6,Fog,85.2,False,None,
URB-12269,LOC-05,Vani Vihar,20.2974,85.8364,2026-08-17 08:37:47,166,0.72,20.8,85,38.0,77.2,535.0,22.8,59.0,Partly Cloudy,58.3,False,None,
URB-12270,LOC-06,Bhubaneswar Railway Station,20.2657,85.8436,2026-08-17 08:52:47,328,0.98,18.5,227,101.3,191.8,702.6,23.8,78.2,Fog,90.0,False,None,
URB-12271,LOC-07,Nandankanan Road,20.37,85.825,2026-08-17 09:01:47,308,0.98,9.5,114,52.5,101.5,679.7,22.6,79.0,Heavy Rain,79.4,False,None,
URB-12272,LOC-08,Kalarahanga Road,20.38,85.83,2026-08-17 09:22:47,176,0.64,33.1,114,49.4,96.3,540.9,25.9,58.0,Haze,54.0,False,None,
URB-12273,LOC-01,Patia Main Road,20.3533,85.8197,2026-08-17 09:28:47,314,0.98,13.1,210,93.3,170.4,674.8,22.6,57.1,Haze,92.7,False,None,
URB-12274,LOC-02,Jayadev Vihar,20.301,85.8239,2026-08-17 09:48:47,310,0.98,11.0,190,82.1,144.2,680.5,22.3,59.0,Haze,92.0,False,None,
URB-12275,LOC-03,Saheed Nagar,20.2872,85.8415,2026-08-17 09:59:47,228,0.88,13.8,171,82.0,143.3,600.5,25.4,75.8,Fog,83.2,False,None,
URB-12276,LOC-04,Khandagiri,20.2588,85.7836,2026-08-17 10:18:47,154,0.6,24.3,120,50.0,91.3,523.1,24.8,54.2,Haze,57.9,False,None,
URB-12277,LOC-05,Vani Vihar,20.2974,85.8364,2026-08-17 10:28:47,93,0.42,27.0,82,33.4,59.6,460.4,25.2,60.7,Haze,42.6,False,None,
URB-12278,LOC-06,Bhubaneswar Railway Station,20.2657,85.8436,2026-08-17 10:51:47,180,0.8,29.6,116,54.3,99.7,552.5,24.0,57.3,Partly Cloudy,62.5,False,None,
URB-12279,LOC-07,Nandankanan Road,20.37,85.825,2026-08-17 11:06:47,174,0.66,26.2,111,48.5,94.3,561.7,26.8,50.0,Clear,92.7,True,Multi-Vector Urban Risk,Combined extreme congestion (66%) and high particulate pollution.
URB-12280,LOC-08,Kalarahanga Road,20.38,85.83,2026-08-17 11:22:47,112,0.4,49.7,82,34.1,57.4,515.7,27.3,55.0,Clear,32.9,False,None,
URB-12281,LOC-01,Patia Main Road,20.3533,85.8197,2026-08-17 11:35:47,175,0.68,20.2,130,55.7,100.2,555.7,26.1,71.0,Fog,64.8,False,None,
URB-12282,LOC-02,Jayadev Vihar,20.301,85.8239,2026-08-17 11:51:47,247,0.96,13.7,123,53.1,96.9,632.3,28.5,51.3,Partly Cloudy,78.1,False,None,
URB-12283,LOC-03,Saheed Nagar,20.2872,85.8415,2026-08-17 11:57:47,181,0.71,20.4,164,71.8,139.1,558.5,24.5,81.7,Fog,71.9,False,None,
URB-12284,LOC-04,Khandagiri,20.2588,85.7836,2026-08-17 12:20:47,131,0.58,19.8,78,39.6,73.5,493.1,26.5,72.6,Rain,52.0,False,None,
URB-12285,LOC-05,Vani Vihar,20.2974,85.8364,2026-08-17 12:31:47,98,0.42,23.8,56,30.3,61.0,468.1,29.1,73.7,Heavy Rain,39.7,False,None,
URB-12286,LOC-06,Bhubaneswar Railway Station,20.2657,85.8436,2026-08-17 12:50:47,191,0.78,28.7,126,62.0,111.7,585.0,27.6,53.4,Partly Cloudy,63.9,False,None,
URB-12287,LOC-07,Nandankanan Road,20.37,85.825,2026-08-17 13:06:47,155,0.7,15.1,80,36.5,61.6,533.9,25.4,72.2,Heavy Rain,59.5,False,None,
URB-12288,LOC-08,Kalarahanga Road,20.38,85.83,2026-08-17 13:13:47,113,0.51,40.8,84,41.4,79.0,489.9,30.1,47.4,Partly Cloudy,39.7,False,None,
URB-12289,LOC-01,Patia Main Road,20.3533,85.8197,2026-08-17 13:30:47,199,0.98,6.3,117,55.3,107.4,576.4,29.1,50.4,Partly Cloudy,68.9,True,Severe Gridlock,Critical speed drop to 6.3 km/h indicating major arterial blockade.
URB-12290,LOC-02,Jayadev Vihar,20.301,85.8239,2026-08-17 13:45:47,222,0.98,10.9,115,56.2,108.8,612.0,29.3,70.6,Rain,78.9,False,None,
URB-12291,LOC-03,Saheed Nagar,20.2872,85.8415,2026-08-17 14:04:47,142,0.52,27.3,113,56.0,110.6,534.4,29.2,53.4,Partly Cloudy,51.9,False,None,
URB-12292,LOC-04,Khandagiri,20.2588,85.7836,2026-08-17 14:16:47,127,0.43,22.8,76,40.0,77.9,525.2,29.8,71.2,Rain,44.1,False,None,
URB-12293,LOC-05,Vani Vihar,20.2974,85.8364,2026-08-17 14:28:47,82,0.31,27.1,79,39.3,74.5,462.4,26.9,74.5,Fog,37.7,False,None,
URB-12294,LOC-06,Bhubaneswar Railway Station,20.2657,85.8436,2026-08-17 14:51:47,242,0.98,17.0,196,88.9,159.6,597.5,26.0,55.8,Haze,90.0,False,None,
URB-12295,LOC-07,Nandankanan Road,20.37,85.825,2026-08-17 15:01:47,195,0.76,17.8,135,62.5,111.9,571.0,29.2,47.7,Haze,70.1,False,None,
URB-12296,LOC-08,Kalarahanga Road,20.38,85.83,2026-08-17 15:22:47,134,0.55,40.8,82,37.1,74.4,505.9,28.7,52.2,Clear,41.0,False,None,
URB-12297,LOC-01,Patia Main Road,20.3533,85.8197,2026-08-17 15:36:47,209,0.94,14.3,139,62.6,115.9,591.8,27.3,51.2,Haze,98.5,True,Multi-Vector Urban Risk,Combined extreme congestion (94%) and high particulate pollution.
URB-12298,LOC-02,Jayadev Vihar,20.301,85.8239,2026-08-17 15:49:47,231,0.89,11.1,111,49.7,91.9,609.1,28.1,76.8,Heavy Rain,74.5,False,None,
URB-12299,LOC-03,Saheed Nagar,20.2872,85.8415,2026-08-17 16:04:47,268,0.94,16.8,160,72.2,127.8,646.6,29.6,46.8,Clear,82.2,False,None,
URB-12300,LOC-04,Khandagiri,20.2588,85.7836,2026-08-17 16:18:47,254,0.98,11.2,171,73.5,129.4,611.7,25.9,78.0,Fog,88.5,False,None,
URB-12301,LOC-05,Vani Vihar,20.2974,85.8364,2026-08-17 16:30:47,132,0.45,21.8,77,36.3,75.0,522.1,24.8,81.3,Rain,45.6,False,None,
URB-12302,LOC-06,Bhubaneswar Railway Station,20.2657,85.8436,2026-08-17 16:52:47,310,0.98,18.9,175,80.7,141.6,667.6,27.4,52.8,Clear,85.4,False,None,
URB-12303,LOC-07,Nandankanan Road,20.37,85.825,2026-08-17 17:00:47,290,0.98,10.8,132,58.8,108.8,670.5,25.1,77.7,Heavy Rain,81.9,False,None,
URB-12304,LOC-08,Kalarahanga Road,20.38,85.83,2026-08-17 17:17:47,161,0.73,32.6,88,39.1,70.0,550.5,26.3,50.6,Partly Cloudy,53.3,False,None,
URB-12305,LOC-01,Patia Main Road,20.3533,85.8197,2026-08-17 17:27:47,278,0.98,10.7,109,50.6,100.6,637.3,24.4,76.7,Rain,77.9,False,None,
URB-12306,LOC-02,Jayadev Vihar,20.301,85.8239,2026-08-17 17:50:47,411,0.98,10.9,222,97.1,183.1,752.1,24.9,58.6,Haze,93.8,False,None,
URB-12307,LOC-03,Saheed Nagar,20.2872,85.8415,2026-08-17 17:57:47,264,0.98,13.6,160,73.8,129.8,628.7,25.8,53.4,Clear,85.4,False,None,
URB-12308,LOC-04,Khandagiri,20.2588,85.7836,2026-08-17 18:21:47,240,0.86,16.4,146,63.3,113.6,610.9,26.6,77.1,Fog,76.8,False,None,
URB-12309,LOC-05,Vani Vihar,20.2974,85.8364,2026-08-17 18:33:47,147,0.52,31.0,77,32.6,56.4,530.4,24.0,55.1,Partly Cloudy,43.8,False,None,
URB-12310,LOC-06,Bhubaneswar Railway Station,20.2657,85.8436,2026-08-17 18:42:47,266,0.98,15.3,113,56.2,98.4,621.6,24.9,76.0,Heavy Rain,76.3,False,None,
URB-12311,LOC-07,Nandankanan Road,20.37,85.825,2026-08-17 19:07:47,232,0.98,13.7,124,58.0,109.3,598.5,22.4,60.4,Clear,79.1,False,None,
URB-12312,LOC-08,Kalarahanga Road,20.38,85.83,2026-08-17 19:12:47,180,0.64,25.7,79,38.4,72.7,563.0,21.1,79.3,Rain,51.6,False,None,
URB-12313,LOC-01,Patia Main Road,20.3533,85.8197,2026-08-17 19:29:47,276,0.98,4.5,146,71.1,125.8,644.8,24.9,55.6,Clear,83.3,True,Severe Gridlock,Critical speed drop to 4.5 km/h indicating major arterial blockade.
URB-12314,LOC-02,Jayadev Vihar,20.301,85.8239,2026-08-17 19:50:47,311,0.98,10.3,121,51.3,91.2,670.8,24.6,73.2,Heavy Rain,80.2,False,None,
URB-12315,LOC-03,Saheed Nagar,20.2872,85.8415,2026-08-17 20:06:47,118,0.46,27.9,96,45.5,77.0,510.9,22.2,61.7,Partly Cloudy,46.2,False,None,
URB-12316,LOC-04,Khandagiri,20.2588,85.7836,2026-08-17 20:13:47,110,0.45,28.0,96,44.9,76.5,493.3,20.2,85.9,Fog,45.8,False,None,
URB-12317,LOC-05,Vani Vihar,20.2974,85.8364,2026-08-17 20:29:47,79,0.3,28.6,70,30.2,59.1,474.3,24.3,78.0,Fog,35.0,False,None,
URB-12318,LOC-06,Bhubaneswar Railway Station,20.2657,85.8436,2026-08-17 20:49:47,156,0.56,36.3,134,59.5,104.0,529.1,24.3,79.9,Fog,52.7,False,None,
URB-12319,LOC-07,Nandankanan Road,20.37,85.825,2026-08-17 21:00:47,146,0.51,25.1,128,58.2,110.2,545.3,22.5,80.9,Fog,55.2,False,None,
URB-12320,LOC-08,Kalarahanga Road,20.38,85.83,2026-08-17 21:16:47,89,0.39,50.3,72,33.6,63.7,478.4,18.7,63.3,Partly Cloudy,30.7,False,None,
URB-12321,LOC-01,Patia Main Road,20.3533,85.8197,2026-08-17 21:29:47,165,0.75,16.8,100,45.3,88.4,560.1,21.6,80.0,Rain,64.1,False,None,
URB-12322,LOC-02,Jayadev Vihar,20.301,85.8239,2026-08-17 21:46:47,163,0.61,19.0,93,39.5,80.7,535.4,19.5,89.7,Rain,56.2,False,None,
URB-12323,LOC-03,Saheed Nagar,20.2872,85.8415,2026-08-17 22:04:47,50,0.19,40.7,85,42.6,80.9,432.3,21.0,67.2,Clear,27.1,False,None,
URB-12324,LOC-04,Khandagiri,20.2588,85.7836,2026-08-17 22:15:47,53,0.22,28.2,55,27.0,54.4,427.7,18.9,90.3,Rain,29.3,False,None,
URB-12325,LOC-05,Vani Vihar,20.2974,85.8364,2026-08-17 22:27:47,25,0.11,35.2,55,27.7,59.4,416.6,17.1,93.1,Fog,21.4,False,None,
URB-12326,LOC-06,Bhubaneswar Railway Station,20.2657,85.8436,2026-08-17 22:44:47,62,0.22,35.9,71,35.1,62.2,447.3,19.5,81.3,Rain,28.3,False,None,
URB-12327,LOC-07,Nandankanan Road,20.37,85.825,2026-08-17 22:57:47,60,0.21,36.4,70,31.5,65.4,466.8,17.1,69.0,Clear,27.4,False,None,
URB-12328,LOC-08,Kalarahanga Road,20.38,85.83,2026-08-17 23:17:47,40,0.17,44.4,46,18.9,43.7,436.4,17.9,84.4,Heavy Rain,17.7,False,None,
URB-12329,LOC-01,Patia Main Road,20.3533,85.8197,2026-08-17 23:31:47,71,0.26,26.9,65,28.5,52.6,464.4,19.4,90.5,Heavy Rain,33.3,False,None,
URB-12330,LOC-02,Jayadev Vihar,20.301,85.8239,2026-08-17 23:49:47,82,0.29,25.1,69,36.2,71.3,483.3,15.4,88.6,Heavy Rain,36.1,False,None,
URB-12331,LOC-03,Saheed Nagar,20.2872,85.8415,2026-08-18 00:00:47,50,0.17,26.8,78,31.7,56.6,444.2,14.4,88.8,Heavy Rain,32.1,False,None,
URB-12332,LOC-04,Khandagiri,20.2588,85.7836,2026-08-18 00:13:47,43,0.15,34.3,66,35.1,68.9,423.7,18.0,66.2,Haze,25.4,False,None,
URB-12333,LOC-05,Vani Vihar,20.2974,85.8364,2026-08-18 00:37:47,26,0.11,42.4,45,19.9,43.8,427.4,18.1,70.2,Partly Cloudy,16.1,False,None,
URB-12334,LOC-06,Bhubaneswar Railway Station,20.2657,85.8436,2026-08-18 00:45:47,61,0.28,46.1,91,44.7,84.3,445.9,14.4,91.6,Fog,29.6,False,None,
URB-12335,LOC-07,Nandankanan Road,20.37,85.825,2026-08-18 01:02:47,57,0.23,35.7,63,33.3,58.6,444.6,14.9,75.6,Partly Cloudy,27.4,False,None,
URB-12336,LOC-08,Kalarahanga Road,20.38,85.83,2026-08-18 01:15:47,37,0.15,44.7,42,23.4,39.4,416.6,14.6,90.4,Rain,16.0,False,None,
URB-12337,LOC-01,Patia Main Road,20.3533,85.8197,2026-08-18 01:31:47,67,0.27,34.2,70,30.7,51.3,468.1,14.5,70.7,Clear,30.9,False,None,
URB-12338,LOC-02,Jayadev Vihar,20.301,85.8239,2026-08-18 01:45:47,70,0.31,35.1,83,33.9,64.8,441.6,18.4,65.6,Partly Cloudy,34.4,False,None,
URB-12339,LOC-03,Saheed Nagar,20.2872,85.8415,2026-08-18 02:07:47,45,0.16,36.7,99,41.3,78.2,448.2,16.9,74.1,Haze,30.4,False,None,
URB-12340,LOC-04,Khandagiri,20.2588,85.7836,2026-08-18 02:17:47,40,0.15,42.7,55,29.2,59.9,412.4,15.9,71.3,Clear,19.3,False,None,
URB-12341,LOC-05,Vani Vihar,20.2974,85.8364,2026-08-18 02:32:47,28,0.12,43.1,51,25.1,53.3,412.6,18.3,71.9,Clear,17.2,False,None,
URB-12342,LOC-06,Bhubaneswar Railway Station,20.2657,85.8436,2026-08-18 02:49:47,64,0.29,40.2,67,32.6,68.4,448.3,17.5,85.5,Rain,28.2,False,None,
URB-12343,LOC-07,Nandankanan Road,20.37,85.825,2026-08-18 02:57:47,49,0.19,30.0,49,27.5,51.0,422.1,16.8,90.2,Heavy Rain,26.2,False,None,
URB-12344,LOC-08,Kalarahanga Road,20.38,85.83,2026-08-18 03:12:47,38,0.17,55.1,54,25.3,45.9,420.8,14.0,75.1,Clear,18.8,False,None,
URB-12345,LOC-01,Patia Main Road,20.3533,85.8197,2026-08-18 03:36:47,110,0.32,25.7,66,26.1,53.5,440.3,18.5,82.5,Heavy Rain,32.5,True,Traffic Bottleneck,Sudden vehicular surge of 110 vehicles/min exceeding corridor capacity.
URB-12346,LOC-02,Jayadev Vihar,20.301,85.8239,2026-08-18 03:43:47,82,0.32,23.1,74,34.5,65.5,450.8,14.8,89.3,Rain,39.2,False,None,
URB-12347,LOC-03,Saheed Nagar,20.2872,85.8415,2026-08-18 04:00:47,49,0.22,37.2,74,39.0,72.3,423.7,19.0,67.0,Clear,28.1,False,None,
URB-12348,LOC-04,Khandagiri,20.2588,85.7836,2026-08-18 04:17:47,47,0.2,42.0,52,25.3,45.6,454.5,14.5,71.8,Clear,21.1,False,None,
URB-12349,LOC-05,Vani Vihar,20.2974,85.8364,2026-08-18 04:35:47,33,0.13,32.5,58,30.3,60.4,406.1,16.7,86.5,Fog,24.1,False,None,
URB-12350,LOC-06,Bhubaneswar Railway Station,20.2657,85.8436,2026-08-18 04:43:47,72,0.32,42.4,98,44.8,79.0,465.1,16.6,68.6,Haze,33.8,False,None,
URB-12351,LOC-07,Nandankanan Road,20.37,85.825,2026-08-18 04:57:47,51,0.22,33.0,80,37.7,64.4,459.0,16.9,90.6,Fog,31.3,False,None,
URB-12352,LOC-08,Kalarahanga Road,20.38,85.83,2026-08-18 05:16:47,40,0.16,52.9,73,32.6,61.4,421.4,17.7,89.1,Fog,21.7,False,None,
URB-12353,LOC-01,Patia Main Road,20.3533,85.8197,2026-08-18 05:32:47,72,0.27,36.4,65,31.9,64.4,443.8,17.4,67.4,Clear,29.0,False,None,
URB-12354,LOC-02,Jayadev Vihar,20.301,85.8239,2026-08-18 05:45:47,68,0.29,25.8,73,29.0,47.7,472.8,18.5,84.3,Rain,36.5,False,None,
URB-12355,LOC-03,Saheed Nagar,20.2872,85.8415,2026-08-18 06:02:47,123,0.53,19.3,81,34.5,62.8,504.5,18.9,89.6,Heavy Rain,50.7,False,None,
URB-12356,LOC-04,Khandagiri,20.2588,85.7836,2026-08-18 06:19:47,116,0.42,31.2,71,29.0,51.1,494.2,19.2,67.9,Clear,38.6,False,None,
URB-12357,LOC-05,Vani Vihar,20.2974,85.8364,2026-08-18 06:32:47,69,0.24,24.6,57,28.8,56.8,450.8,19.4,81.2,Rain,32.3,False,None,
URB-12358,LOC-06,Bhubaneswar Railway Station,20.2657,85.8436,2026-08-18 06:50:47,169,0.68,35.0,112,50.3,85.7,536.6,19.1,62.7,Partly Cloudy,54.3,False,None,
URB-12359,LOC-07,Nandankanan Road,20.37,85.825,2026-08-18 07:01:47,273,0.98,12.9,125,55.3,108.6,621.9,18.3,64.8,Partly Cloudy,79.6,False,None,
URB-12360,LOC-08,Kalarahanga Road,20.38,85.83,2026-08-18 07:19:47,216,0.81,23.6,159,71.7,129.9,592.1,22.8,59.9,Haze,73.4,False,None,
URB-12361,LOC-01,Patia Main Road,20.3533,85.8197,2026-08-18 07:34:47,272,0.96,12.8,191,88.3,154.8,634.9,18.7,63.5,Haze,90.4,False,None,
URB-12362,LOC-02,Jayadev Vihar,20.301,85.8239,2026-08-18 07:45:47,310,0.98,13.5,173,83.4,147.9,668.9,21.7,62.0,Clear,87.7,False,None,
URB-12363,LOC-03,Saheed Nagar,20.2872,85.8415,2026-08-18 08:02:47,259,0.89,13.7,211,99.8,174.8,645.0,23.8,76.0,Fog,88.8,False,None,
URB-12364,LOC-04,Khandagiri,20.2588,85.7836,2026-08-18 08:18:47,185,0.75,14.2,90,44.2,81.8,548.7,22.4,81.3,Heavy Rain,63.6,False,None,
URB-12365,LOC-05,Vani Vihar,20.2974,85.8364,2026-08-18 08:36:47,137,0.5,22.8,105,51.4,100.4,503.9,21.5,81.0,Fog,52.0,False,None,
URB-12366,LOC-06,Bhubaneswar Railway Station,20.2657,85.8436,2026-08-18 08:44:47,282,0.98,19.4,151,71.2,126.8,651.0,20.8,64.2,Clear,80.9,False,None,
URB-12367,LOC-07,Nandankanan Road,20.37,85.825,2026-08-18 09:04:47,252,0.87,19.2,116,49.7,94.6,635.3,25.4,61.0,Clear,70.5,False,None,
URB-12368,LOC-08,Kalarahanga Road,20.38,85.83,2026-08-18 09:13:47,204,0.84,18.3,88,44.9,87.6,581.6,21.1,79.2,Rain,64.8,False,None,
URB-12369,LOC-01,Patia Main Road,20.3533,85.8197,2026-08-18 09:36:47,265,0.93,13.6,196,93.8,174.0,645.5,21.7,60.6,Haze,89.7,False,None,
URB-12370,LOC-02,Jayadev Vihar,20.301,85.8239,2026-08-18 09:46:47,353,0.98,12.4,206,91.5,162.7,701.2,21.4,58.4,Haze,93.0,False,None,
URB-12371,LOC-03,Saheed Nagar,20.2872,85.8415,2026-08-18 09:58:47,292,0.98,14.3,182,84.9,151.3,641.9,21.1,68.2,Clear,88.9,False,None,
URB-12372,LOC-04,Khandagiri,20.2588,85.7836,2026-08-18 10:13:47,165,0.69,16.1,85,37.0,62.3,541.5,25.0,76.6,Heavy Rain,59.4,False,None,
URB-12373,LOC-05,Vani Vihar,20.2974,85.8364,2026-08-18 10:33:47,82,0.34,24.7,52,27.5,55.9,469.9,22.8,77.8,Heavy Rain,35.4,False,None,
URB-12374,LOC-06,Bhubaneswar Railway Station,20.2657,85.8436,2026-08-18 10:47:47,186,0.8,20.4,92,44.7,75.9,568.9,24.9,75.3,Heavy Rain,62.9,False,None,
URB-12375,LOC-07,Nandankanan Road,20.37,85.825,2026-08-18 11:04:47,165,0.69,17.1,80,38.1,74.2,562.3,26.0,77.0,Rain,58.0,False,None,
URB-12376,LOC-08,Kalarahanga Road,20.38,85.83,2026-08-18 11:21:47,106,0.46,31.1,60,27.3,56.3,482.4,23.8,78.2,Rain,38.4,False,None,
URB-12377,LOC-01,Patia Main Road,20.3533,85.8197,2026-08-18 11:28:47,213,0.74,18.4,137,57.9,107.2,604.6,24.9,59.5,Haze,69.4,False,None,
URB-12378,LOC-02,Jayadev Vihar,20.301,85.8239,2026-08-18 11:47:47,229,0.8,13.7,100,45.4,91.0,596.9,25.7,74.3,Rain,67.7,False,None,
URB-12379,LOC-03,Saheed Nagar,20.2872,85.8415,2026-08-18 12:06:47,190,0.73,16.3,105,43.9,74.2,569.4,27.3,71.8,Rain,64.4,False,None,
URB-12380,LOC-04,Khandagiri,20.2588,85.7836,2026-08-18 12:18:47,122,0.42,34.3,84,43.4,86.0,516.7,24.7,53.7,Clear,39.4,False,None,
URB-12381,LOC-05,Vani Vihar,20.2974,85.8364,2026-08-18 12:32:47,109,0.45,27.8,84,43.1,73.7,505.7,29.4,70.3,Fog,43.8,False,None,
URB-12382,LOC-06,Bhubaneswar Railway Station,20.2657,85.8436,2026-08-18 12:48:47,250,0.93,20.5,160,76.1,137.0,636.9,26.0,53.9,Clear,80.0,False,None,
URB-12383,LOC-07,Nandankanan Road,20.37,85.825,2026-08-18 13:04:47,163,0.6,19.4,88,39.0,79.3,533.8,28.1,71.9,Rain,54.7,False,None,
URB-12384,LOC-08,Kalarahanga Road,20.38,85.83,2026-08-18 13:13:47,135,0.46,29.9,80,32.6,62.9,505.9,26.5,70.3,Heavy Rain,42.5,False,None,
URB-12385,LOC-01,Patia Main Road,20.3533,85.8197,2026-08-18 13:36:47,194,0.75,20.7,120,56.5,103.5,578.4,28.9,56.2,Partly Cloudy,65.7,False,None,
URB-12386,LOC-02,Jayadev Vihar,20.301,85.8239,2026-08-18 13:49:47,274,0.98,14.9,156,67.7,130.6,649.4,26.1,55.9,Partly Cloudy,84.0,False,None,
URB-12387,LOC-03,Saheed Nagar,20.2872,85.8415,2026-08-18 14:05:47,189,0.73,15.3,111,54.1,100.7,571.6,29.7,67.0,Rain,66.0,False,None,
URB-12388,LOC-04,Khandagiri,20.2588,85.7836,2026-08-18 14:16:47,218,0.81,22.1,105,49.3,90.3,510.6,29.5,54.7,Haze,54.7,True,Traffic Bottleneck,Sudden vehicular surge of 218 vehicles/min exceeding corridor capacity.
URB-12389,LOC-05,Vani Vihar,20.2974,85.8364,2026-08-18 14:32:47,97,0.34,26.5,157,55.7,44.7,495.3,27.8,69.6,Rain,36.7,True,Air Quality Hazard,"Hazardous particulate spike (AQI 157, PM2.5 55.7 µg/m³) detected near Vani Vihar."
URB-12390,LOC-06,Bhubaneswar Railway Station,20.2657,85.8436,2026-08-18 14:47:47,206,0.8,21.9,121,57.1,107.2,581.8,28.5,67.4,Rain,67.2,False,None,
URB-12391,LOC-07,Nandankanan Road,20.37,85.825,2026-08-18 15:04:47,201,0.74,22.6,125,59.5,116.9,565.9,26.0,58.0,Clear,65.2,False,None,
URB-12392,LOC-08,Kalarahanga Road,20.38,85.83,2026-08-18 15:21:47,118,0.42,49.0,74,39.1,65.5,507.1,26.9,55.9,Partly Cloudy,32.2,False,None,
URB-12393,LOC-01,Patia Main Road,20.3533,85.8197,2026-08-18 15:28:47,221,0.77,18.8,155,71.4,135.3,590.9,27.4,57.4,Haze,73.5,False,None,
URB-12394,LOC-02,Jayadev Vihar,20.301,85.8239,2026-08-18 15:51:47,237,0.85,14.2,169,78.6,139.4,597.5,25.5,59.1,Haze,81.5,False,None,
URB-12395,LOC-03,Saheed Nagar,20.2872,85.8415,2026-08-18 16:07:47,282,0.98,10.7,140,63.0,110.3,656.3,29.1,73.4,Heavy Rain,83.3,False,None,
URB-12396,LOC-04,Khandagiri,20.2588,85.7836,2026-08-18 16:15:47,186,0.78,20.5,117,51.1,101.9,562.2,29.1,56.1,Clear,66.4,False,None,
URB-12397,LOC-05,Vani Vihar,20.2974,85.8364,2026-08-18 16:32:47,154,0.54,18.7,70,28.9,53.2,553.1,28.6,72.4,Rain,49.5,False,None,
URB-12398,LOC-06,Bhubaneswar Railway Station,20.2657,85.8436,2026-08-18 16:50:47,374,0.98,16.0,245,114.5,203.4,727.0,27.9,54.4,Haze,91.2,False,None,
URB-12399,LOC-07,Nandankanan Road,20.37,85.825,2026-08-18 16:58:47,282,0.98,11.8,322,157.7,136.7,636.4,29.3,52.1,Haze,85.8,True,Air Quality Hazard,"Hazardous particulate spike (AQI 322, PM2.5 157.7 µg/m³) detected near Nandankanan Road."
URB-12400,LOC-08,Kalarahanga Road,20.38,85.83,2026-08-18 17:14:47,203,0.85,27.4,100,50.0,87.2,587.1,27.0,59.3,Partly Cloudy,62.8,False,None,
URB-12401,LOC-01,Patia Main Road,20.3533,85.8197,2026-08-18 17:33:47,347,0.98,11.0,147,65.4,125.6,696.9,26.7,76.0,Heavy Rain,84.4,False,None,
URB-12402,LOC-02,Jayadev Vihar,20.301,85.8239,2026-08-18 17:47:47,404,0.98,13.4,181,86.7,160.5,750.7,26.3,58.2,Partly Cloudy,89.2,False,None,
URB-12403,LOC-03,Saheed Nagar,20.2872,85.8415,2026-08-18 18:05:47,254,0.98,11.0,115,50.3,94.6,606.6,26.4,72.6,Heavy Rain,78.8,False,None,
URB-12404,LOC-04,Khandagiri,20.2588,85.7836,2026-08-18 18:17:47,219,0.77,17.0,153,72.6,139.3,600.2,25.5,78.3,Fog,74.1,False,None,
URB-12405,LOC-05,Vani Vihar,20.2974,85.8364,2026-08-18 18:29:47,145,0.65,16.1,65,32.5,67.8,542.4,25.4,78.8,Heavy Rain,54.3,False,None,
URB-12406,LOC-06,Bhubaneswar Railway Station,20.2657,85.8436,2026-08-18 18:49:47,279,0.98,21.3,142,65.0,113.1,642.0,26.1,53.0,Partly Cloudy,78.4,False,None,
URB-12407,LOC-07,Nandankanan Road,20.37,85.825,2026-08-18 18:59:47,253,0.98,12.2,163,78.5,144.9,640.8,24.8,75.1,Fog,86.6,False,None,
URB-12408,LOC-08,Kalarahanga Road,20.38,85.83,2026-08-18 19:17:47,208,0.79,20.3,99,43.2,74.0,584.8,24.3,75.0,Heavy Rain,63.8,False,None,
URB-12409,LOC-01,Patia Main Road,20.3533,85.8197,2026-08-18 19:37:47,355,0.98,14.0,165,79.8,145.6,703.2,23.7,55.9,Partly Cloudy,86.1,False,None,
URB-12410,LOC-02,Jayadev Vihar,20.301,85.8239,2026-08-18 19:43:47,338,0.98,14.8,347,160.9,147.2,685.6,22.1,64.8,Partly Cloudy,86.7,True,Air Quality Hazard,"Hazardous particulate spike (AQI 347, PM2.5 160.9 µg/m³) detected near Jayadev Vihar."
URB-12411,LOC-03,Saheed Nagar,20.2872,85.8415,2026-08-18 20:06:47,136,0.62,25.8,122,58.9,101.6,517.9,20.6,68.2,Partly Cloudy,58.2,False,None,
URB-12412,LOC-04,Khandagiri,20.2588,85.7836,2026-08-18 20:20:47,101,0.36,28.3,91,40.4,70.5,494.6,24.4,81.0,Fog,41.2,False,None,
URB-12413,LOC-05,Vani Vihar,20.2974,85.8364,2026-08-18 20:27:47,77,0.34,34.6,55,27.6,47.1,449.8,21.8,65.6,Clear,30.9,False,None,
URB-12414,LOC-06,Bhubaneswar Railway Station,20.2657,85.8436,2026-08-18 20:48:47,172,0.65,33.0,122,51.1,101.3,559.1,21.1,61.7,Partly Cloudy,55.8,False,None,
URB-12415,LOC-07,Nandankanan Road,20.37,85.825,2026-08-18 20:57:47,121,0.46,26.1,97,46.6,79.1,494.1,20.1,84.1,Fog,47.3,False,None,
URB-12416,LOC-08,Kalarahanga Road,20.38,85.83,2026-08-18 21:19:47,83,0.31,47.4,63,27.1,45.9,475.9,19.1,68.4,Partly Cloudy,25.9,False,None,
URB-12417,LOC-01,Patia Main Road,20.3533,85.8197,2026-08-18 21:31:47,183,0.69,21.9,121,56.1,108.9,544.3,20.1,65.6,Partly Cloudy,62.8,False,None,
URB-12418,LOC-02,Jayadev Vihar,20.301,85.8239,2026-08-18 21:48:47,176,0.62,23.1,142,66.7,115.2,564.8,21.0,66.9,Haze,63.1,False,None,
URB-12419,LOC-03,Saheed Nagar,20.2872,85.8415,2026-08-18 21:57:47,125,0.56,18.0,93,37.9,73.5,488.3,18.4,86.3,Rain,54.7,False,None,
URB-12420,LOC-04,Khandagiri,20.2588,85.7836,2026-08-18 22:17:47,39,0.15,35.3,67,33.1,62.3,429.7,18.0,88.8,Fog,25.1,False,None,
URB-12421,LOC-05,Vani Vihar,20.2974,85.8364,2026-08-18 22:31:47,26,0.09,44.8,46,23.8,39.3,424.6,21.3,62.1,Clear,14.3,False,None,
URB-12422,LOC-06,Bhubaneswar Railway Station,20.2657,85.8436,2026-08-18 22:45:47,64,0.23,52.7,82,42.7,85.9,439.0,17.7,65.1,Clear,26.1,False,None,
URB-12423,LOC-07,Nandankanan Road,20.37,85.825,2026-08-18 23:05:47,66,0.28,37.2,73,37.4,66.9,443.8,19.9,67.6,Partly Cloudy,30.4,False,None,
URB-12424,LOC-08,Kalarahanga Road,20.38,85.83,2026-08-18 23:14:47,42,0.18,41.7,43,16.9,30.3,414.7,15.8,87.5,Rain,18.9,False,None,
URB-12425,LOC-01,Patia Main Road,20.3533,85.8197,2026-08-18 23:33:47,63,0.27,36.9,69,32.4,53.6,438.8,15.5,67.6,Partly Cloudy,29.4,False,None,
URB-12426,LOC-02,Jayadev Vihar,20.301,85.8239,2026-08-18 23:46:47,83,0.34,26.2,74,33.6,67.5,450.0,19.1,86.1,Rain,38.5,False,None,
URB-12427,LOC-03,Saheed Nagar,20.2872,85.8415,2026-08-19 00:01:47,47,0.22,35.9,78,38.4,73.1,455.6,15.9,73.1,Partly Cloudy,29.5,False,None,
URB-12428,LOC-04,Khandagiri,20.2588,85.7836,2026-08-19 00:17:47,51,0.21,32.3,66,32.5,65.3,438.7,17.3,73.9,Haze,28.8,False,None,
URB-12429,LOC-05,Vani Vihar,20.2974,85.8364,2026-08-19 00:35:47,25,0.09,40.7,43,24.0,39.8,414.0,15.0,76.2,Partly Cloudy,15.8,False,None,
URB-12430,LOC-06,Bhubaneswar Railway Station,20.2657,85.8436,2026-08-19 00:42:47,69,0.31,42.0,109,46.1,83.2,458.3,16.6,94.6,Fog,35.5,False,None,
URB-12431,LOC-07,Nandankanan Road,20.37,85.825,2026-08-19 00:59:47,49,0.18,38.4,66,27.7,51.7,440.0,18.2,63.3,Partly Cloudy,24.6,False,None,
URB-12432,LOC-08,Kalarahanga Road,20.38,85.83,2026-08-19 01:13:47,41,0.17,61.7,60,28.0,51.3,435.4,17.3,64.1,Partly Cloudy,19.8,False,None,
URB-12433,LOC-01,Patia Main Road,20.3533,85.8197,2026-08-19 01:28:47,58,0.26,31.9,89,40.7,77.8,452.8,16.6,73.7,Haze,35.0,False,None,
URB-12434,LOC-02,Jayadev Vihar,20.301,85.8239,2026-08-19 01:48:47,85,0.38,31.2,83,36.9,73.9,472.3,16.1,71.3,Clear,39.1,False,None,
URB-12435,LOC-03,Saheed Nagar,20.2872,85.8415,2026-08-19 02:07:47,60,0.24,31.9,100,46.8,85.2,433.2,17.4,86.5,Fog,36.2,False,None,
URB-12436,LOC-04,Khandagiri,20.2588,85.7836,2026-08-19 02:21:47,48,0.19,39.0,61,30.7,62.6,429.6,16.4,71.5,Clear,23.8,False,None,
URB-12437,LOC-05,Vani Vihar,20.2974,85.8364,2026-08-19 02:32:47,32,0.13,28.0,36,16.2,37.7,435.8,14.9,96.1,Heavy Rain,22.5,False,None,
URB-12438,LOC-06,Bhubaneswar Railway Station,20.2657,85.8436,2026-08-19 02:48:47,65,0.36,17.7,77,36.3,70.7,459.7,15.0,72.0,Partly Cloudy,27.2,True,Severe Gridlock,Critical speed drop to 17.7 km/h indicating major arterial blockade.
URB-12439,LOC-07,Nandankanan Road,20.37,85.825,2026-08-19 03:00:47,58,0.26,25.0,57,27.3,45.0,451.6,15.4,93.2,Rain,32.9,False,None,
URB-12440,LOC-08,Kalarahanga Road,20.38,85.83,2026-08-19 03:21:47,37,0.16,41.1,44,25.7,49.5,438.6,18.3,87.5,Heavy Rain,18.6,False,None,
URB-12441,LOC-01,Patia Main Road,20.3533,85.8197,2026-08-19 03:35:47,75,0.27,25.3,56,25.6,51.1,444.1,17.9,90.1,Rain,33.0,False,None,
URB-12442,LOC-02,Jayadev Vihar,20.301,85.8239,2026-08-19 03:49:47,87,0.31,27.5,73,28.9,54.6,478.8,14.7,94.5,Heavy Rain,36.4,False,None,
URB-12443,LOC-03,Saheed Nagar,20.2872,85.8415,2026-08-19 04:06:47,47,0.17,41.3,79,37.4,67.4,430.2,14.4,77.4,Partly Cloudy,25.0,False,None,
URB-12444,LOC-04,Khandagiri,20.2588,85.7836,2026-08-19 04:17:47,50,0.21,30.8,77,34.6,60.2,450.6,19.1,70.6,Haze,31.5,False,None,
URB-12445,LOC-05,Vani Vihar,20.2974,85.8364,2026-08-19 04:32:47,32,0.12,32.4,53,21.2,35.1,428.7,15.1,73.3,Haze,22.9,False,None,
URB-12446,LOC-06,Bhubaneswar Railway Station,20.2657,85.8436,2026-08-19 04:49:47,63,0.27,50.9,176,77.9,76.6,433.0,15.5,70.3,Clear,26.6,True,Air Quality Hazard,"Hazardous particulate spike (AQI 176, PM2.5 77.9 µg/m³) detected near Bhubaneswar Railway Station."
URB-12447,LOC-07,Nandankanan Road,20.37,85.825,2026-08-19 04:57:47,55,0.22,34.8,66,31.3,63.3,441.2,15.8,75.7,Clear,28.0,False,None,
URB-12448,LOC-08,Kalarahanga Road,20.38,85.83,2026-08-19 05:13:47,34,0.14,63.6,53,27.4,44.5,429.5,20.0,61.5,Partly Cloudy,17.4,False,None,
URB-12449,LOC-01,Patia Main Road,20.3533,85.8197,2026-08-19 05:27:47,69,0.24,25.1,59,29.7,48.9,471.9,19.8,85.7,Heavy Rain,32.4,False,None,
URB-12450,LOC-02,Jayadev Vihar,20.301,85.8239,2026-08-19 05:46:47,76,0.29,26.7,75,35.6,59.8,480.9,17.1,87.6,Heavy Rain,36.4,False,None,
URB-12451,LOC-03,Saheed Nagar,20.2872,85.8415,2026-08-19 06:00:47,123,0.42,27.0,149,65.2,122.1,516.4,19.5,67.5,Haze,54.4,False,None,
URB-12452,LOC-04,Khandagiri,20.2588,85.7836,2026-08-19 06:15:47,121,0.42,28.0,110,47.9,89.7,500.3,16.6,86.9,Fog,47.0,False,None,
URB-12453,LOC-05,Vani Vihar,20.2974,85.8364,2026-08-19 06:29:47,83,0.34,23.1,54,23.7,38.0,477.1,17.2,89.8,Heavy Rain,36.5,False,None,
URB-12454,LOC-06,Bhubaneswar Railway Station,20.2657,85.8436,2026-08-19 06:51:47,161,0.73,31.5,103,42.7,75.0,556.6,16.8,68.2,Clear,56.5,False,None,
URB-12455,LOC-07,Nandankanan Road,20.37,85.825,2026-08-19 07:01:47,280,0.98,10.4,126,58.2,102.7,662.8,22.5,80.1,Rain,81.0,False,None,
URB-12456,LOC-08,Kalarahanga Road,20.38,85.83,2026-08-19 07:22:47,191,0.79,31.0,113,52.9,91.9,576.5,18.7,71.1,Partly Cloudy,60.9,False,None,
URB-12457,LOC-01,Patia Main Road,20.3533,85.8197,2026-08-19 07:30:47,302,0.98,15.3,167,76.3,142.1,648.5,18.2,68.3,Clear,85.8,False,None,
URB-12458,LOC-02,Jayadev Vihar,20.301,85.8239,2026-08-19 07:46:47,349,0.98,13.5,190,89.4,169.3,711.5,20.4,64.8,Partly Cloudy,90.7,False,None,
URB-12459,LOC-03,Saheed Nagar,20.2872,85.8415,2026-08-19 07:57:47,227,0.82,14.2,110,55.5,101.2,612.5,21.7,77.7,Heavy Rain,69.9,False,None,
URB-12460,LOC-04,Khandagiri,20.2588,85.7836,2026-08-19 08:12:47,201,0.85,12.8,94,38.4,72.6,579.1,20.2,88.5,Rain,69.1,False,None,
URB-12461,LOC-05,Vani Vihar,20.2974,85.8364,2026-08-19 08:27:47,140,0.62,20.6,117,50.4,92.6,507.2,22.6,65.3,Haze,60.0,False,None,
URB-12462,LOC-06,Bhubaneswar Railway Station,20.2657,85.8436,2026-08-19 08:49:47,293,0.98,18.8,207,91.9,165.2,649.1,21.7,65.6,Haze,89.8,False,None,
URB-12463,LOC-07,Nandankanan Road,20.37,85.825,2026-08-19 08:57:47,232,0.98,10.2,100,45.0,76.9,608.1,24.3,75.1,Heavy Rain,76.6,False,None,
URB-12464,LOC-08,Kalarahanga Road,20.38,85.83,2026-08-19 09:20:47,211,0.89,22.4,100,44.4,87.9,590.7,22.9,56.8,Partly Cloudy,66.9,False,None,
URB-12465,LOC-01,Patia Main Road,20.3533,85.8197,2026-08-19 09:35:47,255,0.98,10.6,122,60.5,109.9,626.2,21.1,80.4,Heavy Rain,80.2,False,None,
URB-12466,LOC-02,Jayadev Vihar,20.301,85.8239,2026-08-19 09:49:47,396,0.98,11.2,219,102.2,182.9,754.7,22.0,78.2,Fog,93.6,False,None,
URB-12467,LOC-03,Saheed Nagar,20.2872,85.8415,2026-08-19 10:02:47,197,0.83,18.0,137,67.4,124.7,585.8,26.5,51.1,Partly Cloudy,73.2,False,None,
URB-12468,LOC-04,Khandagiri,20.2588,85.7836,2026-08-19 10:12:47,143,0.65,19.3,109,53.8,93.4,503.7,25.1,79.6,Fog,60.4,False,None,
URB-12469,LOC-05,Vani Vihar,20.2974,85.8364,2026-08-19 10:34:47,100,0.43,20.6,59,28.0,51.0,498.1,22.8,78.1,Heavy Rain,42.2,False,None,
URB-12470,LOC-06,Bhubaneswar Railway Station,20.2657,85.8436,2026-08-19 10:48:47,228,0.95,15.0,103,51.6,96.4,583.5,22.8,85.5,Heavy Rain,98.5,True,Multi-Vector Urban Risk,Combined extreme congestion (95%) and high particulate pollution.
URB-12471,LOC-07,Nandankanan Road,20.37,85.825,2026-08-19 10:57:47,180,0.77,18.8,109,50.7,88.7,544.1,24.4,54.9,Clear,65.5,False,None,
URB-12472,LOC-08,Kalarahanga Road,20.38,85.83,2026-08-19 11:22:47,132,0.55,36.2,92,41.0,78.2,494.3,27.1,55.6,Partly Cloudy,45.0,False,None,
URB-12473,LOC-01,Patia Main Road,20.3533,85.8197,2026-08-19 11:31:47,200,0.85,16.0,146,67.7,128.1,592.5,26.9,58.3,Haze,76.5,False,None,
URB-12474,LOC-02,Jayadev Vihar,20.301,85.8239,2026-08-19 11:46:47,263,0.95,10.1,115,54.2,93.4,638.2,27.1,77.0,Rain,78.1,False,None,
URB-12475,LOC-03,Saheed Nagar,20.2872,85.8415,2026-08-19 12:01:47,160,0.68,23.3,116,57.2,112.9,520.6,28.7,53.7,Clear,60.9,False,None,
URB-12476,LOC-04,Khandagiri,20.2588,85.7836,2026-08-19 12:21:47,165,0.72,23.6,101,45.2,78.1,539.3,27.6,56.4,Partly Cloudy,59.7,False,None,
URB-12477,LOC-05,Vani Vihar,20.2974,85.8364,2026-08-19 12:33:47,106,0.4,32.4,75,37.7,70.7,473.9,28.7,50.0,Clear,37.9,False,None,
URB-12478,LOC-06,Bhubaneswar Railway Station,20.2657,85.8436,2026-08-19 12:48:47,214,0.8,24.7,174,79.3,140.3,569.0,25.0,82.1,Fog,75.1,False,None,
URB-12479,LOC-07,Nandankanan Road,20.37,85.825,2026-08-19 13:07:47,176,0.65,16.0,83,41.0,73.6,558.1,28.1,69.9,Rain,57.5,False,None,
URB-12480,LOC-08,Kalarahanga Road,20.38,85.83,2026-08-19 13:21:47,106,0.38,49.5,78,31.8,60.3,472.7,28.8,50.5,Clear,31.4,False,None,
URB-12481,LOC-01,Patia Main Road,20.3533,85.8197,2026-08-19 13:33:47,210,0.88,15.4,147,67.9,119.0,587.9,29.4,66.7,Fog,78.2,False,None,
URB-12482,LOC-02,Jayadev Vihar,20.301,85.8239,2026-08-19 13:42:47,233,0.98,12.4,178,84.9,150.0,612.4,29.6,45.7,Haze,89.2,False,None,
URB-12483,LOC-03,Saheed Nagar,20.2872,85.8415,2026-08-19 14:01:47,160,0.73,22.0,115,56.0,108.1,556.3,25.5,60.3,Partly Cloudy,63.3,False,None,
URB-12484,LOC-04,Khandagiri,20.2588,85.7836,2026-08-19 14:19:47,164,0.7,18.1,135,59.3,112.7,525.2,29.3,68.9,Fog,67.6,False,None,
URB-12485,LOC-05,Vani Vihar,20.2974,85.8364,2026-08-19 14:31:47,79,0.29,24.5,59,29.4,62.7,464.3,26.0,78.2,Heavy Rain,34.7,False,None,
URB-12486,LOC-06,Bhubaneswar Railway Station,20.2657,85.8436,2026-08-19 14:43:47,209,0.83,19.6,101,49.8,87.4,584.5,29.5,69.2,Rain,66.1,False,None,
URB-12487,LOC-07,Nandankanan Road,20.37,85.825,2026-08-19 15:03:47,206,0.83,16.4,142,62.8,113.0,584.0,28.0,72.6,Fog,74.8,False,None,
URB-12488,LOC-08,Kalarahanga Road,20.38,85.83,2026-08-19 15:19:47,143,0.53,26.5,84,43.7,88.4,540.4,29.9,66.5,Rain,47.7,False,None,
URB-12489,LOC-01,Patia Main Road,20.3533,85.8197,2026-08-19 15:27:47,191,0.79,16.0,151,66.0,119.5,565.0,28.6,47.7,Haze,75.0,False,None,
URB-12490,LOC-02,Jayadev Vihar,20.301,85.8239,2026-08-19 15:51:47,205,0.9,17.8,116,55.4,104.8,580.6,29.2,51.0,Clear,72.4,False,None,
URB-12491,LOC-03,Saheed Nagar,20.2872,85.8415,2026-08-19 15:58:47,163,0.71,15.1,92,46.8,86.2,527.0,29.9,73.8,Rain,62.0,False,None,
URB-12492,LOC-04,Khandagiri,20.2588,85.7836,2026-08-19 16:17:47,201,0.69,19.0,125,58.6,105.0,565.2,26.6,71.4,Fog,65.0,False,None,
URB-12493,LOC-05,Vani Vihar,20.2974,85.8364,2026-08-19 16:30:47,166,0.6,20.2,80,38.4,66.5,550.4,28.4,72.3,Heavy Rain,52.9,False,None,
URB-12494,LOC-06,Bhubaneswar Railway Station,20.2657,85.8436,2026-08-19 16:47:47,287,0.98,15.6,117,54.1,95.2,638.5,25.1,77.8,Heavy Rain,76.9,False,None,
URB-12495,LOC-07,Nandankanan Road,20.37,85.825,2026-08-19 17:05:47,308,0.98,13.6,144,64.8,115.1,687.5,25.5,60.4,Clear,82.6,False,None,
URB-12496,LOC-08,Kalarahanga Road,20.38,85.83,2026-08-19 17:16:47,187,0.64,36.8,93,39.6,76.2,565.3,26.4,53.8,Clear,48.5,False,None,
URB-12497,LOC-01,Patia Main Road,20.3533,85.8197,2026-08-19 17:33:47,313,0.98,9.8,141,64.7,116.1,694.8,25.1,78.2,Heavy Rain,84.0,False,None,
URB-12498,LOC-02,Jayadev Vihar,20.301,85.8239,2026-08-19 17:44:47,396,0.98,11.9,246,115.1,204.7,732.8,24.5,55.7,Haze,93.2,False,None,
URB-12499,LOC-03,Saheed Nagar,20.2872,85.8415,2026-08-19 18:05:47,218,0.93,12.1,129,63.5,117.1,579.6,23.3,75.2,Heavy Rain,78.7,False,None,
URB-12500,LOC-04,Khandagiri,20.2588,85.7836,2026-08-19 18:14:47,252,0.98,10.3,116,50.1,87.3,607.2,27.2,76.2,Heavy Rain,79.3,False,None,
URB-12501,LOC-05,Vani Vihar,20.2974,85.8364,2026-08-19 18:33:47,154,0.55,27.7,193,92.2,88.4,550.1,24.7,55.2,Clear,48.0,True,Air Quality Hazard,"Hazardous particulate spike (AQI 193, PM2.5 92.2 µg/m³) detected near Vani Vihar."
URB-12502,LOC-06,Bhubaneswar Railway Station,20.2657,85.8436,2026-08-19 18:52:47,291,0.98,17.8,218,101.1,184.2,650.8,26.9,77.2,Fog,90.3,False,None,
URB-12503,LOC-07,Nandankanan Road,20.37,85.825,2026-08-19 19:03:47,242,0.98,15.1,136,57.8,104.0,626.9,23.3,61.5,Partly Cloudy,80.5,False,None,
URB-12504,LOC-08,Kalarahanga Road,20.38,85.83,2026-08-19 19:17:47,191,0.7,30.7,143,62.1,111.9,577.9,22.2,63.1,Haze,62.7,False,None,
URB-12505,LOC-01,Patia Main Road,20.3533,85.8197,2026-08-19 19:34:47,284,0.98,13.4,142,69.0,127.0,661.1,25.9,54.5,Clear,82.3,False,None,
URB-12506,LOC-02,Jayadev Vihar,20.301,85.8239,2026-08-19 19:52:47,413,0.98,15.2,178,80.9,149.0,786.0,24.3,56.5,Partly Cloudy,87.8,False,None,
URB-12507,LOC-03,Saheed Nagar,20.2872,85.8415,2026-08-19 19:58:47,278,0.98,10.8,137,66.1,128.8,636.6,25.4,76.5,Rain,82.8,False,None,
URB-12508,LOC-04,Khandagiri,20.2588,85.7836,2026-08-19 20:21:47,105,0.48,30.0,78,33.4,57.9,506.6,20.8,65.5,Clear,42.9,False,None,
URB-12509,LOC-05,Vani Vihar,20.2974,85.8364,2026-08-19 20:28:47,65,0.26,30.2,65,33.7,69.0,454.9,24.1,58.2,Haze,31.7,False,None,
URB-12510,LOC-06,Bhubaneswar Railway Station,20.2657,85.8436,2026-08-19 20:51:47,190,0.78,21.6,93,42.0,80.1,579.7,24.3,77.8,Rain,61.7,False,None,
URB-12511,LOC-07,Nandankanan Road,20.37,85.825,2026-08-19 21:00:47,119,0.54,25.5,89,38.5,78.5,516.5,19.2,66.3,Clear,49.4,False,None,
URB-12512,LOC-08,Kalarahanga Road,20.38,85.83,2026-08-19 21:18:47,169,0.52,47.9,78,31.9,60.5,487.3,19.5,69.6,Partly Cloudy,30.5,True,Traffic Bottleneck,Sudden vehicular surge of 169 vehicles/min exceeding corridor capacity.
URB-12513,LOC-01,Patia Main Road,20.3533,85.8197,2026-08-19 21:32:47,141,0.53,30.0,101,46.4,86.2,514.9,20.2,61.0,Partly Cloudy,48.9,False,None,
URB-12514,LOC-02,Jayadev Vihar,20.301,85.8239,2026-08-19 21:47:47,174,0.68,17.4,91,46.6,84.0,550.1,22.5,82.9,Heavy Rain,59.4,False,None,
URB-12515,LOC-03,Saheed Nagar,20.2872,85.8415,2026-08-19 22:06:47,62,0.21,26.8,68,33.7,56.9,466.7,17.7,89.7,Rain,31.9,False,None,
URB-12516,LOC-04,Khandagiri,20.2588,85.7836,2026-08-19 22:20:47,52,0.24,25.8,45,19.4,41.0,424.8,17.6,87.0,Rain,29.6,False,None,
URB-12517,LOC-05,Vani Vihar,20.2974,85.8364,2026-08-19 22:32:47,33,0.11,41.1,44,23.4,43.0,431.4,19.1,71.1,Partly Cloudy,16.6,False,None,
URB-12518,LOC-06,Bhubaneswar Railway Station,20.2657,85.8436,2026-08-19 22:43:47,71,0.26,43.4,99,41.2,72.2,475.2,19.0,88.6,Fog,31.0,False,None,
URB-12519,LOC-07,Nandankanan Road,20.37,85.825,2026-08-19 23:07:47,56,0.22,39.0,66,27.1,58.0,435.9,16.3,70.7,Partly Cloudy,25.9,False,None,
URB-12520,LOC-08,Kalarahanga Road,20.38,85.83,2026-08-19 23:17:47,44,0.16,53.4,77,30.7,60.8,446.0,18.9,64.5,Haze,22.4,False,None,
URB-12521,LOC-01,Patia Main Road,20.3533,85.8197,2026-08-19 23:33:47,59,0.26,38.9,63,29.9,49.4,451.1,15.7,74.4,Partly Cloudy,27.0,False,None,
URB-12522,LOC-02,Jayadev Vihar,20.301,85.8239,2026-08-19 23:52:47,71,0.29,36.5,76,39.3,67.1,441.3,15.4,76.2,Partly Cloudy,31.6,False,None,
URB-12523,LOC-03,Saheed Nagar,20.2872,85.8415,2026-08-20 00:07:47,61,0.23,37.1,95,39.9,78.8,433.4,18.8,62.7,Partly Cloudy,32.3,False,None,
URB-12524,LOC-04,Khandagiri,20.2588,85.7836,2026-08-20 00:15:47,51,0.22,27.3,49,19.8,37.6,429.0,17.3,90.9,Rain,28.7,False,None,
URB-12525,LOC-05,Vani Vihar,20.2974,85.8364,2026-08-20 00:28:47,30,0.11,38.4,48,26.4,53.1,432.7,15.1,75.1,Partly Cloudy,18.6,False,None,
URB-12526,LOC-06,Bhubaneswar Railway Station,20.2657,85.8436,2026-08-20 00:45:47,58,0.24,52.0,68,32.1,60.7,428.6,17.4,73.4,Clear,24.0,False,None,
URB-12527,LOC-07,Nandankanan Road,20.37,85.825,2026-08-20 01:03:47,55,0.24,29.6,84,34.2,58.9,429.2,16.6,71.9,Haze,34.5,False,None,
URB-12528,LOC-08,Kalarahanga Road,20.38,85.83,2026-08-20 01:15:47,38,0.15,44.5,47,26.0,51.2,417.5,15.9,87.7,Rain,17.0,False,None,
URB-12529,LOC-01,Patia Main Road,20.3533,85.8197,2026-08-20 01:31:47,72,0.33,31.8,93,43.5,82.6,443.2,18.0,65.2,Haze,38.6,False,None,
URB-12530,LOC-02,Jayadev Vihar,20.301,85.8239,2026-08-20 01:49:47,63,0.28,23.6,67,36.0,63.9,441.3,14.7,89.5,Rain,36.1,False,None,
URB-12531,LOC-03,Saheed Nagar,20.2872,85.8415,2026-08-20 02:06:47,52,0.24,24.7,64,32.0,59.4,457.6,15.9,90.1,Rain,33.5,False,None,
URB-12532,LOC-04,Khandagiri,20.2588,85.7836,2026-08-20 02:14:47,49,0.2,25.9,44,16.1,26.9,422.1,15.4,94.4,Rain,27.8,False,None,
URB-12533,LOC-05,Vani Vihar,20.2974,85.8364,2026-08-20 02:37:47,32,0.11,38.6,63,31.3,57.9,430.7,18.4,82.9,Fog,21.1,False,None,
URB-12534,LOC-06,Bhubaneswar Railway Station,20.2657,85.8436,2026-08-20 02:42:47,74,0.3,50.1,83,33.5,64.2,472.5,13.8,73.3,Partly Cloudy,29.0,False,None,
URB-12535,LOC-07,Nandankanan Road,20.37,85.825,2026-08-20 03:06:47,55,0.23,29.1,52,19.7,32.1,430.0,17.5,85.9,Heavy Rain,28.8,False,None,
URB-12536,LOC-08,Kalarahanga Road,20.38,85.83,2026-08-20 03:20:47,43,0.18,61.0,49,19.9,35.3,416.3,17.0,70.1,Clear,18.3,False,None,
URB-12537,LOC-01,Patia Main Road,20.3533,85.8197,2026-08-20 03:33:47,73,0.32,24.1,59,31.3,53.9,476.0,16.4,90.7,Rain,36.1,False,None,
URB-12538,LOC-02,Jayadev Vihar,20.301,85.8239,2026-08-20 03:51:47,62,0.25,29.6,101,42.9,77.8,451.8,18.2,71.8,Haze,37.9,False,None,
URB-12539,LOC-03,Saheed Nagar,20.2872,85.8415,2026-08-20 04:01:47,50,0.22,25.8,75,39.4,79.7,450.8,18.8,91.3,Rain,34.0,False,None,
URB-12540,LOC-04,Khandagiri,20.2588,85.7836,2026-08-20 04:14:47,45,0.18,42.5,58,28.4,48.3,437.4,16.7,68.9,Partly Cloudy,21.1,False,None,
URB-12541,LOC-05,Vani Vihar,20.2974,85.8364,2026-08-20 04:27:47,27,0.1,39.8,48,22.8,47.1,413.9,15.9,70.4,Clear,17.5,False,None,
URB-12542,LOC-06,Bhubaneswar Railway Station,20.2657,85.8436,2026-08-20 04:46:47,65,0.26,48.8,76,31.9,59.1,435.0,15.4,71.5,Clear,26.2,False,None,
URB-12543,LOC-07,Nandankanan Road,20.37,85.825,2026-08-20 04:58:47,54,0.2,27.9,47,21.5,41.9,428.0,18.2,85.2,Rain,27.3,False,None,
URB-12544,LOC-08,Kalarahanga Road,20.38,85.83,2026-08-20 05:15:47,37,0.13,49.4,57,23.6,43.1,423.5,15.8,70.2,Haze,17.7,False,None,
URB-12545,LOC-01,Patia Main Road,20.3533,85.8197,2026-08-20 05:36:47,62,0.27,38.6,78,40.2,70.0,444.5,18.8,64.5,Partly Cloudy,30.2,False,None,
URB-12546,LOC-02,Jayadev Vihar,20.301,85.8239,2026-08-20 05:45:47,75,0.28,27.9,67,36.0,71.9,473.7,19.5,83.1,Heavy Rain,34.0,False,None,
URB-12547,LOC-03,Saheed Nagar,20.2872,85.8415,2026-08-20 06:07:47,136,0.51,22.9,94,38.4,79.0,531.3,18.3,86.7,Rain,50.4,False,None,
URB-12548,LOC-04,Khandagiri,20.2588,85.7836,2026-08-20 06:13:47,130,0.54,22.1,108,52.6,96.8,511.9,17.2,86.4,Fog,54.5,False,None,
URB-12549,LOC-05,Vani Vihar,20.2974,85.8364,2026-08-20 06:29:47,63,0.28,33.6,77,33.0,59.9,449.5,20.9,60.7,Haze,32.9,False,None,
URB-12550,LOC-06,Bhubaneswar Railway Station,20.2657,85.8436,2026-08-20 06:42:47,155,0.65,29.8,149,69.1,120.7,553.7,19.4,83.5,Fog,62.2,False,None,
URB-12551,LOC-07,Nandankanan Road,20.37,85.825,2026-08-20 07:02:47,274,0.95,14.8,147,62.3,111.3,649.3,19.2,70.1,Clear,81.3,False,None,
URB-12552,LOC-08,Kalarahanga Road,20.38,85.83,2026-08-20 07:16:47,171,0.76,28.2,114,52.2,97.5,561.4,18.1,89.8,Fog,61.2,False,None,
URB-12553,LOC-01,Patia Main Road,20.3533,85.8197,2026-08-20 07:36:47,343,0.98,10.8,151,68.2,122.7,707.5,19.7,83.3,Rain,85.2,False,None,
URB-12554,LOC-02,Jayadev Vihar,20.301,85.8239,2026-08-20 07:43:47,385,0.98,12.5,225,102.3,193.6,760.3,22.2,58.0,Haze,93.0,False,None,
URB-12555,LOC-03,Saheed Nagar,20.2872,85.8415,2026-08-20 07:58:47,296,0.98,11.5,200,87.8,157.7,664.6,21.9,64.1,Haze,93.5,False,None,
URB-12556,LOC-04,Khandagiri,20.2588,85.7836,2026-08-20 08:18:47,198,0.73,17.4,144,67.7,127.1,564.3,23.2,61.3,Haze,70.7,False,None,
URB-12557,LOC-05,Vani Vihar,20.2974,85.8364,2026-08-20 08:28:47,119,0.48,23.4,67,30.6,64.4,487.1,23.1,78.2,Heavy Rain,44.2,False,None,
URB-12558,LOC-06,Bhubaneswar Railway Station,20.2657,85.8436,2026-08-20 08:45:47,360,0.98,21.5,191,90.5,160.5,736.6,21.0,61.3,Clear,86.9,False,None,
URB-12559,LOC-07,Nandankanan Road,20.37,85.825,2026-08-20 09:07:47,253,0.97,13.4,136,62.0,116.7,642.6,25.1,57.8,Partly Cloudy,80.9,False,None,
URB-12560,LOC-08,Kalarahanga Road,20.38,85.83,2026-08-20 09:17:47,196,0.8,20.8,100,44.8,85.2,577.8,21.3,79.4,Heavy Rain,64.1,False,None,
URB-12561,LOC-01,Patia Main Road,20.3533,85.8197,2026-08-20 09:34:47,338,0.98,5.0,168,81.5,148.7,714.5,24.7,53.6,Clear,86.4,True,Severe Gridlock,Critical speed drop to 5.0 km/h indicating major arterial blockade.
URB-12562,LOC-02,Jayadev Vihar,20.301,85.8239,2026-08-20 09:43:47,408,0.98,12.2,267,118.7,214.4,746.8,23.1,56.1,Haze,93.1,False,None,
URB-12563,LOC-03,Saheed Nagar,20.2872,85.8415,2026-08-20 09:58:47,284,0.98,12.6,217,102.4,186.7,648.9,25.1,74.1,Fog,92.9,False,None,
URB-12564,LOC-04,Khandagiri,20.2588,85.7836,2026-08-20 10:22:47,167,0.74,19.4,132,60.2,107.7,564.1,23.4,79.9,Fog,68.0,False,None,
URB-12565,LOC-05,Vani Vihar,20.2974,85.8364,2026-08-20 10:34:47,79,0.31,25.7,51,19.9,32.1,450.9,23.2,77.6,Heavy Rain,33.5,False,None,
URB-12566,LOC-06,Bhubaneswar Railway Station,20.2657,85.8436,2026-08-20 10:50:47,217,0.78,27.5,129,58.1,110.5,589.6,27.4,49.5,Clear,65.0,False,None,
URB-12567,LOC-07,Nandankanan Road,20.37,85.825,2026-08-20 11:03:47,205,0.9,12.1,95,42.8,78.1,568.1,26.6,80.1,Rain,71.6,False,None,
URB-12568,LOC-08,Kalarahanga Road,20.38,85.83,2026-08-20 11:20:47,144,0.62,33.1,78,38.7,73.6,505.2,27.2,56.7,Partly Cloudy,46.9,False,None,
URB-12569,LOC-01,Patia Main Road,20.3533,85.8197,2026-08-20 11:34:47,224,0.89,17.9,139,65.6,119.6,597.7,26.3,57.9,Clear,76.0,False,None,
URB-12570,LOC-02,Jayadev Vihar,20.301,85.8239,2026-08-20 11:51:47,209,0.84,19.8,138,60.4,111.3,593.2,23.9,63.8,Partly Cloudy,72.8,False,None,
URB-12571,LOC-03,Saheed Nagar,20.2872,85.8415,2026-08-20 12:07:47,180,0.72,18.2,164,73.3,139.7,554.6,26.7,56.8,Haze,73.4,False,None,
URB-12572,LOC-04,Khandagiri,20.2588,85.7836,2026-08-20 12:22:47,162,0.63,17.9,74,35.3,60.9,537.9,26.7,76.7,Rain,54.2,False,None,
URB-12573,LOC-05,Vani Vihar,20.2974,85.8364,2026-08-20 12:36:47,95,0.39,21.2,63,31.9,53.3,497.3,24.9,75.7,Rain,41.0,False,None,
URB-12574,LOC-06,Bhubaneswar Railway Station,20.2657,85.8436,2026-08-20 12:44:47,222,0.98,13.4,124,55.3,108.8,579.8,28.4,74.0,Heavy Rain,79.2,False,None,
URB-12575,LOC-07,Nandankanan Road,20.37,85.825,2026-08-20 13:04:47,164,0.68,24.6,107,51.9,89.0,523.9,30.3,52.1,Partly Cloudy,58.6,False,None,
URB-12576,LOC-08,Kalarahanga Road,20.38,85.83,2026-08-20 13:17:47,121,0.46,45.4,73,32.3,61.5,494.8,27.3,53.8,Clear,33.7,False,None,
URB-12577,LOC-01,Patia Main Road,20.3533,85.8197,2026-08-20 13:37:47,209,0.72,19.8,160,75.7,140.3,577.4,29.5,67.8,Fog,71.9,False,None,
URB-12578,LOC-02,Jayadev Vihar,20.301,85.8239,2026-08-20 13:44:47,231,0.85,12.5,103,51.8,96.0,588.9,30.0,72.0,Heavy Rain,70.8,False,None,
URB-12579,LOC-03,Saheed Nagar,20.2872,85.8415,2026-08-20 14:00:47,179,0.65,18.5,113,55.1,105.2,544.4,25.7,79.5,Heavy Rain,61.5,False,None,
URB-12580,LOC-04,Khandagiri,20.2588,85.7836,2026-08-20 14:12:47,148,0.61,23.9,97,39.8,69.6,516.5,30.2,45.0,Clear,54.4,False,None,
URB-12581,LOC-05,Vani Vihar,20.2974,85.8364,2026-08-20 14:30:47,83,0.34,31.4,84,43.5,75.2,470.3,28.2,51.4,Haze,37.6,False,None,
URB-12582,LOC-06,Bhubaneswar Railway Station,20.2657,85.8436,2026-08-20 14:50:47,245,0.91,18.9,182,85.4,159.0,599.5,28.1,55.0,Haze,83.8,False,None,
URB-12583,LOC-07,Nandankanan Road,20.37,85.825,2026-08-20 15:03:47,190,0.77,19.0,143,63.4,120.0,572.1,27.2,72.9,Fog,71.3,False,None,
URB-12584,LOC-08,Kalarahanga Road,20.38,85.83,2026-08-20 15:13:47,123,0.52,31.5,61,25.5,43.1,504.2,28.6,71.5,Rain,40.7,False,None,
URB-12585,LOC-01,Patia Main Road,20.3533,85.8197,2026-08-20 15:30:47,235,0.98,11.8,181,82.7,152.2,607.7,28.4,50.0,Haze,90.0,False,None,
URB-12586,LOC-02,Jayadev Vihar,20.301,85.8239,2026-08-20 15:51:47,214,0.84,20.1,138,64.9,113.0,586.3,29.9,51.9,Clear,72.7,False,None,
URB-12587,LOC-03,Saheed Nagar,20.2872,85.8415,2026-08-20 16:00:47,218,0.98,6.5,136,58.0,109.7,604.2,26.8,53.3,Partly Cloudy,74.3,True,Severe Gridlock,Critical speed drop to 6.5 km/h indicating major arterial blockade.
URB-12588,LOC-04,Khandagiri,20.2588,85.7836,2026-08-20 16:12:47,215,0.96,11.1,96,43.8,88.7,589.5,27.9,75.8,Heavy Rain,74.7,False,None,
URB-12589,LOC-05,Vani Vihar,20.2974,85.8364,2026-08-20 16:34:47,161,0.92,8.0,89,42.2,84.3,541.2,25.9,56.7,Clear,57.5,True,Severe Gridlock,Critical speed drop to 8.0 km/h indicating major arterial blockade.
URB-12590,LOC-06,Bhubaneswar Railway Station,20.2657,85.8436,2026-08-20 16:44:47,282,0.98,13.7,122,57.7,103.3,632.9,26.5,77.8,Rain,78.7,False,None,
URB-12591,LOC-07,Nandankanan Road,20.37,85.825,2026-08-20 17:03:47,279,0.98,13.7,135,64.6,115.6,650.0,23.8,59.9,Partly Cloudy,81.0,False,None,
URB-12592,LOC-08,Kalarahanga Road,20.38,85.83,2026-08-20 17:22:47,177,0.62,28.5,136,57.4,100.5,553.9,23.9,55.6,Haze,59.4,False,None,
URB-12593,LOC-01,Patia Main Road,20.3533,85.8197,2026-08-20 17:34:47,291,0.98,14.6,161,70.5,132.5,675.8,25.5,55.7,Partly Cloudy,85.1,False,None,
URB-12594,LOC-02,Jayadev Vihar,20.301,85.8239,2026-08-20 17:45:47,405,0.98,10.3,145,62.2,108.8,763.4,24.1,80.5,Rain,84.4,False,None,
URB-12595,LOC-03,Saheed Nagar,20.2872,85.8415,2026-08-20 18:01:47,255,0.98,13.1,202,91.0,163.4,605.4,24.7,82.7,Fog,92.7,False,None,
URB-12596,LOC-04,Khandagiri,20.2588,85.7836,2026-08-20 18:20:47,229,0.83,15.9,135,66.7,127.0,595.4,24.3,82.9,Fog,73.9,False,None,
URB-12597,LOC-05,Vani Vihar,20.2974,85.8364,2026-08-20 18:36:47,120,0.44,24.3,100,44.7,89.7,499.6,27.1,57.1,Haze,48.0,False,None,
URB-12598,LOC-06,Bhubaneswar Railway Station,20.2657,85.8436,2026-08-20 18:46:47,348,0.98,15.3,142,64.8,114.8,704.9,27.3,77.4,Rain,81.4,False,None,
URB-12599,LOC-07,Nandankanan Road,20.37,85.825,2026-08-20 19:00:47,265,0.98,10.9,154,74.7,129.9,644.3,25.5,78.9,Fog,85.7,False,None,
URB-12600,LOC-08,Kalarahanga Road,20.38,85.83,2026-08-20 19:18:47,212,0.74,21.2,94,44.2,88.4,587.5,25.5,79.2,Rain,60.5,False,None,
URB-12601,LOC-01,Patia Main Road,20.3533,85.8197,2026-08-20 19:30:47,280,0.98,9.9,116,48.6,84.8,651.2,23.1,78.5,Heavy Rain,79.5,False,None,
URB-12602,LOC-02,Jayadev Vihar,20.301,85.8239,2026-08-20 19:44:47,299,0.98,14.5,161,74.8,133.6,677.2,23.0,59.4,Partly Cloudy,85.1,False,None,
URB-12603,LOC-03,Saheed Nagar,20.2872,85.8415,2026-08-20 20:00:47,119,0.46,21.2,88,35.9,63.1,522.0,20.4,80.4,Rain,48.2,False,None,
URB-12604,LOC-04,Khandagiri,20.2588,85.7836,2026-08-20 20:12:47,115,0.42,29.0,111,51.8,89.1,495.3,21.0,82.8,Fog,46.7,False,None,
URB-12605,LOC-05,Vani Vihar,20.2974,85.8364,2026-08-20 20:31:47,68,0.27,28.5,45,18.0,39.6,441.1,23.2,76.0,Heavy Rain,29.4,False,None,
URB-12606,LOC-06,Bhubaneswar Railway Station,20.2657,85.8436,2026-08-20 20:45:47,169,0.71,28.9,146,71.0,123.9,566.3,22.3,60.6,Haze,64.5,False,None,
URB-12607,LOC-07,Nandankanan Road,20.37,85.825,2026-08-20 21:07:47,117,0.51,26.8,76,35.6,69.8,501.1,19.1,63.5,Clear,45.3,False,None,
URB-12608,LOC-08,Kalarahanga Road,20.38,85.83,2026-08-20 21:12:47,106,0.43,43.8,72,36.9,64.3,470.4,22.3,58.2,Clear,32.9,False,None,
URB-12609,LOC-01,Patia Main Road,20.3533,85.8197,2026-08-20 21:28:47,133,0.59,28.1,105,48.8,88.6,528.9,18.4,67.8,Clear,52.9,False,None,
URB-12610,LOC-02,Jayadev Vihar,20.301,85.8239,2026-08-20 21:43:47,170,0.69,20.1,135,65.5,117.9,535.6,20.0,87.8,Fog,66.2,False,None,
URB-12611,LOC-03,Saheed Nagar,20.2872,85.8415,2026-08-20 22:07:47,59,0.22,35.1,115,52.7,97.1,444.6,18.7,67.0,Haze,36.4,False,None,
URB-12612,LOC-04,Khandagiri,20.2588,85.7836,2026-08-20 22:22:47,48,0.17,30.5,54,29.4,62.2,446.5,20.3,89.0,Rain,26.0,False,None,
URB-12613,LOC-05,Vani Vihar,20.2974,85.8364,2026-08-20 22:32:47,30,0.13,37.6,43,16.8,36.7,418.9,17.3,70.0,Clear,18.9,False,None,
URB-12614,LOC-06,Bhubaneswar Railway Station,20.2657,85.8436,2026-08-20 22:47:47,78,0.27,56.6,76,40.1,70.4,479.6,20.5,59.7,Partly Cloudy,26.6,False,None,
URB-12615,LOC-07,Nandankanan Road,20.37,85.825,2026-08-20 22:58:47,57,0.23,26.4,51,20.0,41.4,432.5,18.7,87.4,Heavy Rain,29.9,False,None,
URB-12616,LOC-08,Kalarahanga Road,20.38,85.83,2026-08-20 23:14:47,43,0.18,42.7,47,25.5,55.0,439.7,19.8,90.2,Heavy Rain,19.1,False,None,
URB-12617,LOC-01,Patia Main Road,20.3533,85.8197,2026-08-20 23:34:47,55,0.19,33.5,92,44.1,76.4,426.4,18.5,67.7,Haze,32.0,False,None,
URB-12618,LOC-02,Jayadev Vihar,20.301,85.8239,2026-08-20 23:52:47,84,0.35,34.7,83,40.8,80.0,459.5,15.6,69.8,Partly Cloudy,36.2,False,None,
URB-12619,LOC-03,Saheed Nagar,20.2872,85.8415,2026-08-20 23:59:47,52,0.19,36.0,84,40.7,78.8,433.2,18.6,68.1,Clear,29.3,False,None,
URB-12620,LOC-04,Khandagiri,20.2588,85.7836,2026-08-21 00:13:47,52,0.22,39.1,66,29.3,52.9,444.6,16.3,71.0,Clear,25.8,False,None,
URB-12621,LOC-05,Vani Vihar,20.2974,85.8364,2026-08-21 00:29:47,34,0.15,36.3,52,28.3,57.5,410.5,18.2,70.5,Clear,22.0,False,None,
URB-12622,LOC-06,Bhubaneswar Railway Station,20.2657,85.8436,2026-08-21 00:48:47,76,0.32,52.4,89,44.5,79.2,463.4,14.8,68.2,Clear,30.9,False,None,
URB-12623,LOC-07,Nandankanan Road,20.37,85.825,2026-08-21 01:01:47,58,0.22,29.2,51,28.0,52.9,427.7,17.1,92.8,Rain,28.1,False,None,
URB-12624,LOC-08,Kalarahanga Road,20.38,85.83,2026-08-21 01:14:47,45,0.22,16.7,70,35.8,68.0,439.3,14.8,74.0,Haze,21.6,True,Severe Gridlock,Critical speed drop to 16.7 km/h indicating major arterial blockade.
URB-12625,LOC-01,Patia Main Road,20.3533,85.8197,2026-08-21 01:29:47,75,0.26,29.1,93,46.4,88.3,467.2,13.8,95.5,Fog,37.1,False,None,
URB-12626,LOC-02,Jayadev Vihar,20.301,85.8239,2026-08-21 01:44:47,84,0.35,25.1,63,30.4,54.9,462.1,15.7,90.4,Rain,37.5,False,None,
URB-12627,LOC-03,Saheed Nagar,20.2872,85.8415,2026-08-21 02:03:47,53,0.21,28.4,68,31.8,61.0,427.6,18.4,89.1,Rain,66.1,True,Multi-Vector Urban Risk,Combined extreme congestion (21%) and high particulate pollution.
URB-12628,LOC-04,Khandagiri,20.2588,85.7836,2026-08-21 02:14:47,51,0.23,29.4,75,34.1,67.9,451.2,15.4,94.6,Fog,32.6,False,None,
URB-12629,LOC-05,Vani Vihar,20.2974,85.8364,2026-08-21 02:35:47,28,0.13,44.0,45,22.8,37.9,424.0,16.7,72.8,Partly Cloudy,16.1,False,None,
URB-12630,LOC-06,Bhubaneswar Railway Station,20.2657,85.8436,2026-08-21 02:44:47,73,0.32,34.8,69,28.4,47.4,447.0,18.0,91.2,Heavy Rain,32.5,False,None,
URB-12631,LOC-07,Nandankanan Road,20.37,85.825,2026-08-21 03:02:47,52,0.24,36.2,54,23.5,49.9,435.5,17.4,72.2,Partly Cloudy,25.9,False,None,
URB-12632,LOC-08,Kalarahanga Road,20.38,85.83,2026-08-21 03:16:47,37,0.13,47.0,59,28.8,60.5,422.8,18.0,86.4,Fog,18.0,False,None,
URB-12633,LOC-01,Patia Main Road,20.3533,85.8197,2026-08-21 03:32:47,70,0.25,34.3,75,38.0,66.8,448.9,18.3,62.7,Partly Cloudy,31.0,False,None,
URB-12634,LOC-02,Jayadev Vihar,20.301,85.8239,2026-08-21 03:45:47,65,0.28,33.5,77,39.8,80.0,457.7,18.1,72.1,Partly Cloudy,32.9,False,None,
URB-12635,LOC-03,Saheed Nagar,20.2872,85.8415,2026-08-21 03:58:47,61,0.25,24.5,79,36.7,65.0,464.4,17.7,88.8,Rain,36.6,False,None,
URB-12636,LOC-04,Khandagiri,20.2588,85.7836,2026-08-21 04:15:47,52,0.21,34.8,71,35.5,60.4,445.5,17.0,71.4,Haze,28.4,False,None,
URB-12637,LOC-05,Vani Vihar,20.2974,85.8364,2026-08-21 04:35:47,27,0.1,42.9,41,15.5,23.1,421.9,17.7,70.9,Partly Cloudy,14.7,False,None,
URB-12638,LOC-06,Bhubaneswar Railway Station,20.2657,85.8436,2026-08-21 04:52:47,65,0.29,41.1,102,50.0,97.2,449.8,19.3,86.2,Fog,33.9,False,None,
URB-12639,LOC-07,Nandankanan Road,20.37,85.825,2026-08-21 05:02:47,56,0.26,33.0,84,36.8,69.1,460.2,19.6,84.8,Fog,33.6,False,None,
URB-12640,LOC-08,Kalarahanga Road,20.38,85.83,2026-08-21 05:15:47,42,0.17,49.9,69,29.1,49.1,425.4,16.7,66.8,Haze,21.4,False,None,
URB-12641,LOC-01,Patia Main Road,20.3533,85.8197,2026-08-21 05:35:47,65,0.24,28.8,83,40.7,71.1,435.3,16.5,68.6,Haze,34.7,False,None,
URB-12642,LOC-02,Jayadev Vihar,20.301,85.8239,2026-08-21 05:44:47,87,0.34,34.1,76,35.7,66.7,468.5,17.2,64.6,Clear,34.9,False,None,
URB-12643,LOC-03,Saheed Nagar,20.2872,85.8415,2026-08-21 06:05:47,111,0.47,19.8,95,45.9,83.5,493.8,17.5,90.6,Heavy Rain,50.5,False,None,
URB-12644,LOC-04,Khandagiri,20.2588,85.7836,2026-08-21 06:15:47,108,0.46,28.3,84,40.9,82.7,477.3,19.8,60.6,Clear,44.0,False,None,
URB-12645,LOC-05,Vani Vihar,20.2974,85.8364,2026-08-21 06:31:47,61,0.27,33.0,52,27.3,53.1,445.4,17.9,66.0,Partly Cloudy,28.4,False,None,
URB-12646,LOC-06,Bhubaneswar Railway Station,20.2657,85.8436,2026-08-21 06:47:47,163,0.61,29.8,127,54.4,105.7,524.5,20.5,67.8,Haze,56.7,False,None,
URB-12647,LOC-07,Nandankanan Road,20.37,85.825,2026-08-21 07:00:47,296,0.98,9.5,109,45.5,80.0,658.7,21.0,78.8,Rain,78.5,False,None,
URB-12648,LOC-08,Kalarahanga Road,20.38,85.83,2026-08-21 07:15:47,173,0.71,22.9,89,42.3,82.1,559.2,21.5,85.9,Rain,57.5,False,None,
URB-12649,LOC-01,Patia Main Road,20.3533,85.8197,2026-08-21 07:28:47,305,0.98,10.6,134,57.8,108.1,686.7,22.4,77.6,Heavy Rain,82.4,False,None,
URB-12650,LOC-02,Jayadev Vihar,20.301,85.8239,2026-08-21 07:48:47,356,0.98,13.5,161,70.1,124.6,730.1,22.7,58.1,Partly Cloudy,85.6,False,None,
URB-12651,LOC-03,Saheed Nagar,20.2872,85.8415,2026-08-21 08:01:47,213,0.95,11.6,183,87.1,164.9,584.7,22.9,85.5,Fog,89.2,False,None,
URB-12652,LOC-04,Khandagiri,20.2588,85.7836,2026-08-21 08:18:47,217,0.86,15.9,142,64.0,125.2,590.2,19.5,80.9,Fog,76.3,False,None,
URB-12653,LOC-05,Vani Vihar,20.2974,85.8364,2026-08-21 08:33:47,119,0.54,27.3,84,35.0,72.5,510.8,20.3,69.5,Clear,47.6,False,None,
URB-12654,LOC-06,Bhubaneswar Railway Station,20.2657,85.8436,2026-08-21 08:52:47,280,0.98,18.8,195,88.6,166.3,661.3,22.0,85.7,Fog,88.9,False,None,
URB-12655,LOC-07,Nandankanan Road,20.37,85.825,2026-08-21 08:59:47,248,0.98,10.4,116,54.6,108.3,606.1,19.6,83.6,Heavy Rain,79.3,False,None,
URB-12656,LOC-08,Kalarahanga Road,20.38,85.83,2026-08-21 09:14:47,202,0.9,20.0,133,58.2,102.5,595.5,21.2,60.9,Haze,74.3,False,None,
URB-12657,LOC-01,Patia Main Road,20.3533,85.8197,2026-08-21 09:31:47,356,0.98,14.8,192,89.0,169.9,718.5,26.1,51.8,Partly Cloudy,90.4,False,None,
URB-12658,LOC-02,Jayadev Vihar,20.301,85.8239,2026-08-21 09:47:47,313,0.98,13.1,169,76.8,143.9,691.6,24.8,57.5,Clear,87.2,False,None,
URB-12659,LOC-03,Saheed Nagar,20.2872,85.8415,2026-08-21 10:00:47,154,0.7,15.2,111,53.3,103.2,541.2,26.1,76.6,Heavy Rain,64.8,False,None,
URB-12660,LOC-04,Khandagiri,20.2588,85.7836,2026-08-21 10:17:47,168,0.6,22.7,115,56.3,99.2,546.2,26.3,79.8,Fog,57.8,False,None,
URB-12661,LOC-05,Vani Vihar,20.2974,85.8364,2026-08-21 10:32:47,95,0.38,27.9,80,39.9,73.2,481.3,24.9,76.3,Fog,40.2,False,None,
URB-12662,LOC-06,Bhubaneswar Railway Station,20.2657,85.8436,2026-08-21 10:46:47,213,0.98,18.7,115,53.2,98.9,580.5,26.4,60.4,Clear,75.0,False,None,
URB-12663,LOC-07,Nandankanan Road,20.37,85.825,2026-08-21 11:03:47,202,0.73,16.2,86,43.4,73.6,557.3,27.8,76.8,Heavy Rain,61.1,False,None,
URB-12664,LOC-08,Kalarahanga Road,20.38,85.83,2026-08-21 11:15:47,107,0.4,43.5,106,48.7,85.0,483.6,24.7,74.9,Fog,37.8,False,None,
URB-12665,LOC-01,Patia Main Road,20.3533,85.8197,2026-08-21 11:36:47,169,0.58,23.7,145,70.3,125.3,565.1,24.2,83.0,Fog,61.7,False,None,
URB-12666,LOC-02,Jayadev Vihar,20.301,85.8239,2026-08-21 11:51:47,221,0.92,17.0,142,62.1,116.7,598.0,28.5,50.7,Clear,98.5,True,Multi-Vector Urban Risk,Combined extreme congestion (92%) and high particulate pollution.
URB-12667,LOC-03,Saheed Nagar,20.2872,85.8415,2026-08-21 12:06:47,162,0.68,19.6,137,65.7,124.7,528.1,24.9,79.4,Fog,66.4,False,None,
URB-12668,LOC-04,Khandagiri,20.2588,85.7836,2026-08-21 12:18:47,132,0.48,20.9,68,29.3,53.2,525.7,27.5,73.1,Rain,45.7,False,None,
URB-12669,LOC-05,Vani Vihar,20.2974,85.8364,2026-08-21 12:28:47,107,0.45,25.5,100,45.7,79.0,498.6,27.8,49.9,Haze,47.8,False,None,
URB-12670,LOC-06,Bhubaneswar Railway Station,20.2657,85.8436,2026-08-21 12:46:47,222,0.98,17.2,181,81.6,154.1,594.8,27.8,50.1,Haze,87.3,False,None,
URB-12671,LOC-07,Nandankanan Road,20.37,85.825,2026-08-21 13:05:47,174,0.71,16.4,78,38.7,69.8,557.2,28.0,75.5,Rain,58.8,False,None,
URB-12672,LOC-08,Kalarahanga Road,20.38,85.83,2026-08-21 13:15:47,124,0.57,28.0,76,39.7,80.2,519.8,29.9,71.1,Rain,47.1,False,None,
URB-12673,LOC-01,Patia Main Road,20.3533,85.8197,2026-08-21 13:33:47,187,0.75,14.4,100,49.9,96.3,551.3,27.7,76.8,Rain,65.3,False,None,
URB-12674,LOC-02,Jayadev Vihar,20.301,85.8239,2026-08-21 13:48:47,255,0.98,10.5,124,61.5,116.9,620.0,28.4,75.6,Rain,80.7,False,None,
URB-12675,LOC-03,Saheed Nagar,20.2872,85.8415,2026-08-21 14:07:47,154,0.68,21.7,136,57.4,103.8,548.1,28.7,54.1,Haze,65.2,False,None,
URB-12676,LOC-04,Khandagiri,20.2588,85.7836,2026-08-21 14:14:47,153,0.62,20.7,129,60.5,107.8,546.0,28.1,71.8,Fog,62.0,False,None,
URB-12677,LOC-05,Vani Vihar,20.2974,85.8364,2026-08-21 14:30:47,105,0.4,23.6,55,23.0,39.6,507.2,29.4,70.7,Heavy Rain,38.8,False,None,
URB-12678,LOC-06,Bhubaneswar Railway Station,20.2657,85.8436,2026-08-21 14:47:47,220,0.8,21.0,119,50.0,98.8,582.9,28.5,70.3,Heavy Rain,67.3,False,None,
URB-12679,LOC-07,Nandankanan Road,20.37,85.825,2026-08-21 14:57:47,163,0.6,20.5,93,40.0,79.2,556.7,25.9,71.2,Heavy Rain,55.0,False,None,
URB-12680,LOC-08,Kalarahanga Road,20.38,85.83,2026-08-21 15:12:47,107,0.47,33.8,64,30.6,53.2,487.6,27.9,76.8,Rain,38.1,False,None,
URB-12681,LOC-01,Patia Main Road,20.3533,85.8197,2026-08-21 15:33:47,187,0.73,16.5,96,39.6,69.6,583.2,30.1,68.8,Heavy Rain,62.8,False,None,
URB-12682,LOC-02,Jayadev Vihar,20.301,85.8239,2026-08-21 15:44:47,212,0.92,11.8,95,48.3,90.6,576.4,27.0,71.0,Heavy Rain,72.5,False,None,
URB-12683,LOC-03,Saheed Nagar,20.2872,85.8415,2026-08-21 15:58:47,190,0.65,25.2,136,63.2,110.5,563.4,27.7,53.8,Clear,62.2,False,None,
URB-12684,LOC-04,Khandagiri,20.2588,85.7836,2026-08-21 16:20:47,226,0.89,12.4,110,45.7,78.6,597.2,27.3,79.0,Rain,73.7,False,None,
URB-12685,LOC-05,Vani Vihar,20.2974,85.8364,2026-08-21 16:32:47,161,0.62,19.1,69,35.1,63.3,538.8,27.6,77.2,Heavy Rain,52.3,False,None,
URB-12686,LOC-06,Bhubaneswar Railway Station,20.2657,85.8436,2026-08-21 16:52:47,286,0.98,18.3,186,87.3,153.0,633.6,26.7,55.2,Haze,87.6,False,None,
URB-12687,LOC-07,Nandankanan Road,20.37,85.825,2026-08-21 17:05:47,311,0.98,12.3,204,93.5,165.2,664.5,27.3,58.3,Haze,93.1,False,None,
URB-12688,LOC-08,Kalarahanga Road,20.38,85.83,2026-08-21 17:16:47,192,0.79,22.9,84,42.9,79.7,586.2,24.3,80.9,Rain,59.8,False,None,
URB-12689,LOC-01,Patia Main Road,20.3533,85.8197,2026-08-21 17:34:47,287,0.98,14.9,152,71.9,137.1,633.8,26.6,57.7,Clear,83.4,False,None,
URB-12690,LOC-02,Jayadev Vihar,20.301,85.8239,2026-08-21 17:42:47,326,0.98,11.1,134,61.6,109.9,689.5,27.5,75.6,Heavy Rain,82.1,False,None,
URB-12691,LOC-03,Saheed Nagar,20.2872,85.8415,2026-08-21 17:57:47,232,0.98,13.7,137,64.4,123.9,592.3,28.4,50.7,Partly Cloudy,81.3,False,None,
URB-12692,LOC-04,Khandagiri,20.2588,85.7836,2026-08-21 18:21:47,218,0.88,17.7,125,54.7,103.4,578.8,26.8,55.3,Partly Cloudy,73.2,False,None,
URB-12693,LOC-05,Vani Vihar,20.2974,85.8364,2026-08-21 18:31:47,155,0.7,9.8,85,36.9,65.4,535.3,26.2,55.7,Partly Cloudy,47.5,True,Severe Gridlock,Critical speed drop to 9.8 km/h indicating major arterial blockade.
URB-12694,LOC-06,Bhubaneswar Railway Station,20.2657,85.8436,2026-08-21 18:51:47,269,0.98,22.3,131,62.1,111.9,618.4,25.6,55.3,Partly Cloudy,76.0,False,None,
URB-12695,LOC-07,Nandankanan Road,20.37,85.825,2026-08-21 19:06:47,235,0.9,15.7,139,65.1,118.2,623.0,21.2,59.5,Clear,77.5,False,None,
URB-12696,LOC-08,Kalarahanga Road,20.38,85.83,2026-08-21 19:12:47,206,0.74,25.3,122,53.3,97.5,594.4,23.1,78.0,Fog,63.3,False,None,
URB-12697,LOC-01,Patia Main Road,20.3533,85.8197,2026-08-21 19:28:47,281,0.98,9.3,110,47.0,94.2,635.1,23.4,84.1,Rain,78.8,False,None,
URB-12698,LOC-02,Jayadev Vihar,20.301,85.8239,2026-08-21 19:45:47,362,0.98,12.7,179,83.5,156.7,712.5,22.1,63.5,Clear,89.2,False,None,
URB-12699,LOC-03,Saheed Nagar,20.2872,85.8415,2026-08-21 20:03:47,114,0.51,23.6,123,61.0,118.4,512.6,23.4,75.2,Fog,55.1,False,None,
URB-12700,LOC-04,Khandagiri,20.2588,85.7836,2026-08-21 20:20:47,121,0.44,22.5,77,36.5,68.6,501.6,23.6,80.6,Rain,44.8,False,None,
URB-12701,LOC-05,Vani Vihar,20.2974,85.8364,2026-08-21 20:31:47,69,0.29,28.9,69,28.5,56.5,470.3,21.4,58.7,Haze,34.2,False,None,
URB-12702,LOC-06,Bhubaneswar Railway Station,20.2657,85.8436,2026-08-21 20:44:47,189,0.84,19.6,114,51.0,93.8,579.8,20.0,83.4,Heavy Rain,68.8,False,None,
URB-12703,LOC-07,Nandankanan Road,20.37,85.825,2026-08-21 21:05:47,147,0.51,26.6,107,48.4,93.0,531.0,19.2,90.6,Fog,50.8,False,None,
URB-12704,LOC-08,Kalarahanga Road,20.38,85.83,2026-08-21 21:17:47,88,0.35,34.5,63,29.5,52.3,481.2,19.6,88.8,Rain,32.8,False,None,
URB-12705,LOC-01,Patia Main Road,20.3533,85.8197,2026-08-21 21:32:47,131,0.54,24.5,129,54.3,106.7,504.4,21.5,58.2,Haze,56.9,False,None,
URB-12706,LOC-02,Jayadev Vihar,20.301,85.8239,2026-08-21 21:47:47,200,0.82,14.6,105,51.8,95.9,592.4,19.8,83.6,Rain,68.9,False,None,
URB-12707,LOC-03,Saheed Nagar,20.2872,85.8415,2026-08-21 22:07:47,52,0.23,36.2,84,37.5,75.6,452.5,18.8,66.8,Partly Cloudy,30.8,False,None,
URB-12708,LOC-04,Khandagiri,20.2588,85.7836,2026-08-21 22:13:47,42,0.17,42.4,58,28.3,46.2,442.3,20.6,61.6,Partly Cloudy,20.8,False,None,
URB-12709,LOC-05,Vani Vihar,20.2974,85.8364,2026-08-21 22:31:47,34,0.14,28.0,41,17.1,36.6,438.9,19.3,88.4,Rain,23.8,False,None,
URB-12710,LOC-06,Bhubaneswar Railway Station,20.2657,85.8436,2026-08-21 22:48:47,59,0.25,37.4,153,63.4,54.5,445.0,20.7,80.1,Heavy Rain,27.3,True,Air Quality Hazard,"Hazardous particulate spike (AQI 153, PM2.5 63.4 µg/m³) detected near Bhubaneswar Railway Station."
URB-12711,LOC-07,Nandankanan Road,20.37,85.825,2026-08-21 23:04:47,56,0.23,28.8,56,22.7,38.1,440.4,15.9,87.7,Heavy Rain,29.6,False,None,
URB-12712,LOC-08,Kalarahanga Road,20.38,85.83,2026-08-21 23:17:47,43,0.19,59.9,50,27.6,54.2,451.6,18.7,64.0,Partly Cloudy,18.9,False,None,
URB-12713,LOC-01,Patia Main Road,20.3533,85.8197,2026-08-21 23:32:47,74,0.28,24.7,69,30.7,56.8,453.2,17.0,94.1,Rain,35.9,False,None,
URB-12714,LOC-02,Jayadev Vihar,20.301,85.8239,2026-08-21 23:43:47,87,0.4,24.1,70,37.2,73.4,461.4,19.2,90.5,Heavy Rain,41.2,False,None,
URB-12715,LOC-03,Saheed Nagar,20.2872,85.8415,2026-08-21 23:57:47,59,0.24,33.5,95,42.9,83.0,440.2,19.3,86.9,Fog,34.5,False,None,
URB-12716,LOC-04,Khandagiri,20.2588,85.7836,2026-08-22 00:13:47,40,0.18,29.3,49,22.6,39.2,433.4,18.1,83.8,Heavy Rain,26.1,False,None,
URB-12717,LOC-05,Vani Vihar,20.2974,85.8364,2026-08-22 00:33:47,33,0.14,44.4,48,27.2,57.2,439.5,17.6,67.8,Clear,16.8,False,None,
URB-12718,LOC-06,Bhubaneswar Railway Station,20.2657,85.8436,2026-08-22 00:50:47,71,0.24,35.7,71,28.9,52.6,453.6,18.3,88.1,Rain,29.2,False,None,
URB-12719,LOC-07,Nandankanan Road,20.37,85.825,2026-08-22 00:57:47,55,0.19,39.9,57,27.4,48.0,432.1,17.7,65.8,Partly Cloudy,22.6,False,None,
URB-12720,LOC-08,Kalarahanga Road,20.38,85.83,2026-08-22 01:14:47,41,0.18,57.3,60,23.6,45.5,437.4,16.3,75.0,Clear,20.2,False,None,
URB-12721,LOC-01,Patia Main Road,20.3533,85.8197,2026-08-22 01:31:47,74,0.29,23.8,60,31.8,65.5,471.8,17.6,87.9,Rain,35.2,False,None,
URB-12722,LOC-02,Jayadev Vihar,20.301,85.8239,2026-08-22 01:42:47,68,0.27,28.5,91,39.7,77.4,448.0,17.4,87.9,Fog,37.5,False,None,
URB-12723,LOC-03,Saheed Nagar,20.2872,85.8415,2026-08-22 02:01:47,49,0.2,36.3,89,40.1,73.8,446.5,14.3,73.5,Clear,30.4,False,None,
URB-12724,LOC-04,Khandagiri,20.2588,85.7836,2026-08-22 02:17:47,40,0.17,33.5,64,28.7,53.3,444.0,15.0,93.6,Fog,26.2,False,None,
URB-12725,LOC-05,Vani Vihar,20.2974,85.8364,2026-08-22 02:31:47,33,0.12,31.4,39,21.6,39.9,429.4,15.2,88.1,Heavy Rain,20.9,False,None,
URB-12726,LOC-06,Bhubaneswar Railway Station,20.2657,85.8436,2026-08-22 02:45:47,63,0.29,45.1,101,47.1,85.4,463.4,16.4,85.5,Fog,31.8,False,None,
URB-12727,LOC-07,Nandankanan Road,20.37,85.825,2026-08-22 03:06:47,55,0.23,28.9,53,28.2,54.4,427.1,18.2,89.3,Heavy Rain,29.0,False,None,
URB-12728,LOC-08,Kalarahanga Road,20.38,85.83,2026-08-22 03:15:47,43,0.18,52.0,62,24.4,45.9,419.2,15.6,71.5,Haze,20.5,False,None,
URB-12729,LOC-01,Patia Main Road,20.3533,85.8197,2026-08-22 03:35:47,54,0.21,28.8,60,32.9,68.7,431.8,15.8,95.5,Rain,29.5,False,None,
URB-12730,LOC-02,Jayadev Vihar,20.301,85.8239,2026-08-22 03:45:47,86,0.37,32.2,86,39.2,71.6,467.8,17.7,72.3,Clear,38.8,False,None,
URB-12731,LOC-03,Saheed Nagar,20.2872,85.8415,2026-08-22 04:02:47,53,0.22,24.7,65,29.2,58.8,458.2,16.0,94.5,Heavy Rain,32.8,False,None,
URB-12732,LOC-04,Khandagiri,20.2588,85.7836,2026-08-22 04:16:47,42,0.17,31.8,67,27.2,58.4,429.4,15.4,71.6,Haze,27.6,False,None,
URB-12733,LOC-05,Vani Vihar,20.2974,85.8364,2026-08-22 04:31:47,27,0.09,28.2,39,14.5,26.6,438.5,16.9,89.1,Rain,21.3,False,None,
URB-12734,LOC-06,Bhubaneswar Railway Station,20.2657,85.8436,2026-08-22 04:47:47,71,0.25,58.7,78,34.8,59.2,452.8,19.0,61.7,Clear,26.1,False,None,
URB-12735,LOC-07,Nandankanan Road,20.37,85.825,2026-08-22 05:05:47,48,0.17,27.2,51,27.6,51.8,425.7,16.2,87.6,Rain,27.1,False,None,
URB-12736,LOC-08,Kalarahanga Road,20.38,85.83,2026-08-22 05:15:47,44,0.19,58.5,54,20.3,32.1,416.5,16.7,67.0,Partly Cloudy,19.6,False,None,
URB-12737,LOC-01,Patia Main Road,20.3533,85.8197,2026-08-22 05:35:47,74,0.32,29.6,93,41.3,82.8,443.1,16.0,92.0,Fog,39.3,False,None,
URB-12738,LOC-02,Jayadev Vihar,20.301,85.8239,2026-08-22 05:46:47,83,0.32,30.4,106,47.2,89.3,450.5,19.5,85.5,Fog,41.2,False,None,
URB-12739,LOC-03,Saheed Nagar,20.2872,85.8415,2026-08-22 05:58:47,48,0.22,27.4,71,32.7,67.3,425.9,16.8,93.5,Rain,32.5,False,None,
URB-12740,LOC-04,Khandagiri,20.2588,85.7836,2026-08-22 06:13:47,95,0.33,35.3,72,34.3,61.1,466.6,20.9,60.0,Partly Cloudy,33.2,False,None,
URB-12741,LOC-05,Vani Vihar,20.2974,85.8364,2026-08-22 06:30:47,64,0.29,24.5,51,23.4,40.9,466.0,16.7,87.4,Heavy Rain,33.3,False,None,
URB-12742,LOC-06,Bhubaneswar Railway Station,20.2657,85.8436,2026-08-22 06:48:47,160,0.62,24.1,106,47.1,80.1,527.9,18.5,91.3,Heavy Rain,56.3,False,None,
URB-12743,LOC-07,Nandankanan Road,20.37,85.825,2026-08-22 07:01:47,177,0.67,16.9,87,44.1,85.6,571.9,22.4,83.1,Heavy Rain,58.6,False,None,
URB-12744,LOC-08,Kalarahanga Road,20.38,85.83,2026-08-22 07:17:47,107,0.48,41.9,75,34.6,63.7,501.2,22.2,63.6,Clear,71.4,True,Multi-Vector Urban Risk,Combined extreme congestion (48%) and high particulate pollution.
URB-12745,LOC-01,Patia Main Road,20.3533,85.8197,2026-08-22 07:28:47,246,0.86,18.0,125,54.1,96.0,630.4,20.2,66.6,Clear,72.3,False,None,
URB-12746,LOC-02,Jayadev Vihar,20.301,85.8239,2026-08-22 07:45:47,273,0.98,13.0,174,80.1,144.0,621.4,22.3,79.3,Fog,88.2,False,None,
URB-12747,LOC-03,Saheed Nagar,20.2872,85.8415,2026-08-22 08:03:47,175,0.61,18.4,107,44.5,79.2,544.4,20.2,80.8,Rain,58.9,False,None,
URB-12748,LOC-04,Khandagiri,20.2588,85.7836,2026-08-22 08:16:47,166,0.72,16.5,77,31.0,51.8,551.8,23.2,80.9,Heavy Rain,59.0,False,None,
URB-12749,LOC-05,Vani Vihar,20.2974,85.8364,2026-08-22 08:28:47,107,0.43,20.5,58,29.8,59.5,483.9,19.7,82.7,Rain,42.1,False,None,
URB-12750,LOC-06,Bhubaneswar Railway Station,20.2657,85.8436,2026-08-22 08:48:47,244,0.83,27.1,149,63.6,118.1,625.5,23.0,57.4,Partly Cloudy,70.7,False,None,
URB-12751,LOC-07,Nandankanan Road,20.37,85.825,2026-08-22 09:01:47,182,0.84,17.6,96,43.8,86.3,576.0,21.2,64.7,Clear,66.6,False,None,
URB-12752,LOC-08,Kalarahanga Road,20.38,85.83,2026-08-22 09:19:47,112,0.41,48.2,85,36.5,63.9,510.8,21.9,66.1,Clear,33.8,False,None,
URB-12753,LOC-01,Patia Main Road,20.3533,85.8197,2026-08-22 09:36:47,210,0.83,17.1,148,67.0,116.2,585.6,23.0,56.6,Haze,75.5,False,None,
URB-12754,LOC-02,Jayadev Vihar,20.301,85.8239,2026-08-22 09:49:47,225,0.95,13.0,170,79.7,151.8,578.7,24.6,62.9,Haze,86.2,False,None,
URB-12755,LOC-03,Saheed Nagar,20.2872,85.8415,2026-08-22 10:03:47,184,0.67,21.2,155,72.2,125.4,543.5,25.4,81.9,Fog,68.3,False,None,
URB-12756,LOC-04,Khandagiri,20.2588,85.7836,2026-08-22 10:16:47,136,0.53,25.0,107,45.6,88.2,529.5,24.0,63.9,Haze,52.4,False,None,
URB-12757,LOC-05,Vani Vihar,20.2974,85.8364,2026-08-22 10:32:47,80,0.32,27.4,52,28.1,52.6,462.3,24.3,79.3,Heavy Rain,33.2,False,None,
URB-12758,LOC-06,Bhubaneswar Railway Station,20.2657,85.8436,2026-08-22 10:47:47,188,0.85,17.7,91,38.2,77.7,548.6,25.8,72.9,Heavy Rain,66.1,False,None,
URB-12759,LOC-07,Nandankanan Road,20.37,85.825,2026-08-22 11:03:47,200,0.7,19.7,124,57.9,113.3,575.5,28.1,55.2,Haze,64.9,False,None,
URB-12760,LOC-08,Kalarahanga Road,20.38,85.83,2026-08-22 11:12:47,130,0.53,37.1,93,46.6,93.8,492.1,26.5,76.8,Fog,43.9,False,None,
URB-12761,LOC-01,Patia Main Road,20.3533,85.8197,2026-08-22 11:33:47,179,0.61,23.8,138,63.0,115.8,568.2,27.1,54.6,Haze,61.6,False,None,
URB-12762,LOC-02,Jayadev Vihar,20.301,85.8239,2026-08-22 11:46:47,243,0.87,14.6,164,76.3,143.9,598.9,28.5,48.3,Haze,81.2,False,None,
URB-12763,LOC-03,Saheed Nagar,20.2872,85.8415,2026-08-22 12:03:47,165,0.75,15.2,109,50.7,87.9,548.9,29.5,69.4,Rain,66.5,False,None,
URB-12764,LOC-04,Khandagiri,20.2588,85.7836,2026-08-22 12:14:47,123,0.55,29.9,90,43.8,82.4,490.5,25.7,55.5,Partly Cloudy,47.8,False,None,
URB-12765,LOC-05,Vani Vihar,20.2974,85.8364,2026-08-22 12:34:47,103,0.45,22.7,59,30.0,62.2,481.8,24.9,76.2,Rain,42.0,False,None,
URB-12766,LOC-06,Bhubaneswar Railway Station,20.2657,85.8436,2026-08-22 12:48:47,212,0.81,22.1,153,69.3,134.4,571.0,25.3,59.3,Haze,73.1,False,None,
URB-12767,LOC-07,Nandankanan Road,20.37,85.825,2026-08-22 13:06:47,172,0.79,21.8,98,45.5,82.5,556.5,30.0,51.5,Partly Cloudy,62.8,False,None,
URB-12768,LOC-08,Kalarahanga Road,20.38,85.83,2026-08-22 13:21:47,134,0.48,28.9,75,38.7,71.0,497.0,25.7,73.5,Heavy Rain,42.9,False,None,
URB-12769,LOC-01,Patia Main Road,20.3533,85.8197,2026-08-22 13:29:47,224,0.79,13.3,104,49.6,87.5,593.4,28.2,69.6,Heavy Rain,68.2,False,None,
URB-12770,LOC-02,Jayadev Vihar,20.301,85.8239,2026-08-22 13:50:47,241,0.83,14.0,124,55.5,98.4,613.1,27.9,75.5,Heavy Rain,72.9,False,None,
URB-12771,LOC-03,Saheed Nagar,20.2872,85.8415,2026-08-22 13:59:47,180,0.62,18.7,107,45.4,79.5,548.1,28.0,72.9,Heavy Rain,59.2,False,None,
URB-12772,LOC-04,Khandagiri,20.2588,85.7836,2026-08-22 14:21:47,151,0.57,22.4,106,49.5,85.3,529.0,28.4,49.1,Haze,55.1,False,None,
URB-12773,LOC-05,Vani Vihar,20.2974,85.8364,2026-08-22 14:35:47,90,0.41,24.5,62,27.6,56.1,478.7,26.9,76.9,Heavy Rain,40.0,False,None,
URB-12774,LOC-06,Bhubaneswar Railway Station,20.2657,85.8436,2026-08-22 14:47:47,248,0.98,14.7,115,48.5,84.2,617.5,29.7,66.2,Rain,77.0,False,None,
URB-12775,LOC-07,Nandankanan Road,20.37,85.825,2026-08-22 15:01:47,169,0.65,20.9,123,59.9,104.9,554.9,25.6,54.9,Haze,62.1,False,None,
URB-12776,LOC-08,Kalarahanga Road,20.38,85.83,2026-08-22 15:14:47,129,0.52,43.3,82,36.4,66.8,498.6,28.3,56.1,Clear,38.5,False,None,
URB-12777,LOC-01,Patia Main Road,20.3533,85.8197,2026-08-22 15:31:47,182,0.64,25.0,121,55.8,100.3,574.4,29.3,55.8,Partly Cloudy,59.3,False,None,
URB-12778,LOC-02,Jayadev Vihar,20.301,85.8239,2026-08-22 15:46:47,258,0.98,15.3,127,56.1,108.9,617.8,25.8,59.2,Partly Cloudy,78.8,False,None,
URB-12779,LOC-03,Saheed Nagar,20.2872,85.8415,2026-08-22 16:06:47,162,0.59,18.2,93,43.1,73.6,544.2,25.3,81.6,Heavy Rain,55.8,False,None,
URB-12780,LOC-04,Khandagiri,20.2588,85.7836,2026-08-22 16:22:47,148,0.66,21.1,125,58.1,105.1,512.7,29.5,73.4,Fog,62.7,False,None,
URB-12781,LOC-05,Vani Vihar,20.2974,85.8364,2026-08-22 16:32:47,101,0.44,33.6,62,25.8,48.3,469.0,25.1,59.5,Partly Cloudy,36.7,False,None,
URB-12782,LOC-06,Bhubaneswar Railway Station,20.2657,85.8436,2026-08-22 16:52:47,252,0.98,19.5,138,67.5,130.1,639.1,28.1,51.7,Clear,78.6,False,None,
URB-12783,LOC-07,Nandankanan Road,20.37,85.825,2026-08-22 16:59:47,215,0.98,15.1,123,53.0,100.4,582.2,25.9,55.0,Clear,78.2,False,None,
URB-12784,LOC-08,Kalarahanga Road,20.38,85.83,2026-08-22 17:12:47,144,0.5,30.1,83,42.5,83.5,531.3,24.9,76.5,Heavy Rain,44.5,False,None,
URB-12785,LOC-01,Patia Main Road,20.3533,85.8197,2026-08-22 17:31:47,225,0.96,9.7,108,54.5,93.9,579.5,27.7,77.7,Heavy Rain,77.4,False,None,
URB-12786,LOC-02,Jayadev Vihar,20.301,85.8239,2026-08-22 17:47:47,238,0.91,14.9,119,51.3,91.7,614.5,27.4,56.3,Clear,74.8,False,None,
URB-12787,LOC-03,Saheed Nagar,20.2872,85.8415,2026-08-22 18:02:47,150,0.6,20.3,100,50.5,90.9,523.5,23.8,82.6,Heavy Rain,56.4,False,None,
URB-12788,LOC-04,Khandagiri,20.2588,85.7836,2026-08-22 18:15:47,137,0.53,25.2,112,55.6,100.0,498.8,25.1,62.2,Haze,53.2,False,None,
URB-12789,LOC-05,Vani Vihar,20.2974,85.8364,2026-08-22 18:32:47,87,0.36,26.3,74,32.6,64.7,468.2,24.9,74.4,Fog,39.2,False,None,
URB-12790,LOC-06,Bhubaneswar Railway Station,20.2657,85.8436,2026-08-22 18:44:47,192,0.79,26.8,126,58.8,108.4,575.2,25.8,52.9,Partly Cloudy,65.2,False,None,
URB-12791,LOC-07,Nandankanan Road,20.37,85.825,2026-08-22 19:01:47,204,0.75,21.4,116,54.0,96.5,573.1,24.6,62.1,Clear,64.6,False,None,
URB-12792,LOC-08,Kalarahanga Road,20.38,85.83,2026-08-22 19:17:47,107,0.38,44.5,68,27.1,57.3,499.7,21.6,60.6,Partly Cloudy,29.9,False,None,
URB-12793,LOC-01,Patia Main Road,20.3533,85.8197,2026-08-22 19:31:47,220,0.88,13.6,95,44.2,81.5,588.6,22.9,78.6,Heavy Rain,70.0,False,None,
URB-12794,LOC-02,Jayadev Vihar,20.301,85.8239,2026-08-22 19:51:47,226,0.87,19.0,128,63.2,119.2,591.5,24.1,54.9,Clear,72.7,False,None,
URB-12795,LOC-03,Saheed Nagar,20.2872,85.8415,2026-08-22 20:02:47,143,0.61,26.1,114,56.1,99.2,504.7,20.0,61.9,Partly Cloudy,56.3,False,None,
URB-12796,LOC-04,Khandagiri,20.2588,85.7836,2026-08-22 20:20:47,128,0.47,28.3,77,39.5,79.3,500.2,23.1,55.5,Partly Cloudy,43.1,False,None,
URB-12797,LOC-05,Vani Vihar,20.2974,85.8364,2026-08-22 20:33:47,85,0.34,31.4,59,25.0,52.5,461.2,23.4,55.0,Partly Cloudy,33.2,False,None,
URB-12798,LOC-06,Bhubaneswar Railway Station,20.2657,85.8436,2026-08-22 20:46:47,150,0.59,40.4,117,54.8,104.6,542.5,21.9,57.4,Partly Cloudy,48.9,False,None,
URB-12799,LOC-07,Nandankanan Road,20.37,85.825,2026-08-22 21:07:47,147,0.63,21.4,130,57.5,113.1,535.5,22.4,63.5,Haze,62.2,False,None,
URB-12800,LOC-08,Kalarahanga Road,20.38,85.83,2026-08-22 21:19:47,107,0.48,12.0,57,24.1,41.7,484.8,21.9,85.6,Heavy Rain,32.6,True,Severe Gridlock,Critical speed drop to 12.0 km/h indicating major arterial blockade.
URB-12801,LOC-01,Patia Main Road,20.3533,85.8197,2026-08-22 21:28:47,166,0.73,23.1,101,46.1,92.6,553.0,20.4,68.6,Clear,60.3,False,None,
URB-12802,LOC-02,Jayadev Vihar,20.301,85.8239,2026-08-22 21:44:47,173,0.77,14.7,90,38.3,78.9,563.1,22.9,81.6,Heavy Rain,64.2,False,None,
URB-12803,LOC-03,Saheed Nagar,20.2872,85.8415,2026-08-22 22:00:47,54,0.23,30.3,116,54.0,105.8,449.9,20.5,80.9,Fog,39.4,False,None,
URB-12804,LOC-04,Khandagiri,20.2588,85.7836,2026-08-22 22:22:47,41,0.18,33.8,73,29.2,50.3,429.0,16.6,73.9,Haze,28.1,False,None,
URB-12805,LOC-05,Vani Vihar,20.2974,85.8364,2026-08-22 22:32:47,33,0.12,29.8,36,16.5,33.4,428.8,19.4,81.6,Heavy Rain,21.2,False,None,
URB-12806,LOC-06,Bhubaneswar Railway Station,20.2657,85.8436,2026-08-22 22:43:47,60,0.22,48.7,110,55.5,94.9,457.8,18.2,70.9,Haze,30.6,False,None,
URB-12807,LOC-07,Nandankanan Road,20.37,85.825,2026-08-22 22:57:47,58,0.26,33.8,85,38.2,75.5,449.9,19.8,66.4,Haze,33.4,False,None,
URB-12808,LOC-08,Kalarahanga Road,20.38,85.83,2026-08-22 23:20:47,42,0.16,43.8,50,22.1,43.9,422.3,19.9,88.3,Heavy Rain,18.2,False,None,
URB-12809,LOC-01,Patia Main Road,20.3533,85.8197,2026-08-22 23:35:47,69,0.34,8.7,58,30.6,52.9,473.1,18.2,86.1,Rain,33.1,True,Severe Gridlock,Critical speed drop to 8.7 km/h indicating major arterial blockade.
URB-12810,LOC-02,Jayadev Vihar,20.301,85.8239,2026-08-22 23:51:47,71,0.25,36.5,82,42.1,71.2,465.3,17.0,73.7,Clear,31.1,False,None,
URB-12811,LOC-03,Saheed Nagar,20.2872,85.8415,2026-08-23 00:01:47,46,0.17,30.6,74,29.4,60.7,453.7,15.5,94.3,Rain,29.4,False,None,
URB-12812,LOC-04,Khandagiri,20.2588,85.7836,2026-08-23 00:16:47,46,0.18,42.6,61,28.3,53.5,422.1,15.5,68.1,Clear,21.6,False,None,
URB-12813,LOC-05,Vani Vihar,20.2974,85.8364,2026-08-23 00:27:47,27,0.12,36.3,56,25.6,54.4,408.0,18.4,63.5,Haze,21.5,False,None,
URB-12814,LOC-06,Bhubaneswar Railway Station,20.2657,85.8436,2026-08-23 00:51:47,73,0.31,42.0,113,50.1,87.3,475.1,17.7,70.9,Haze,36.2,False,None,
URB-12815,LOC-07,Nandankanan Road,20.37,85.825,2026-08-23 00:58:47,56,0.21,39.0,58,23.0,45.5,435.2,18.6,71.0,Partly Cloudy,24.0,False,None,
URB-12816,LOC-08,Kalarahanga Road,20.38,85.83,2026-08-23 01:15:47,44,0.2,55.9,57,25.0,54.6,421.1,14.9,75.8,Clear,20.5,False,None,
URB-12817,LOC-01,Patia Main Road,20.3533,85.8197,2026-08-23 01:37:47,54,0.24,37.7,65,34.8,68.4,444.0,13.8,76.3,Clear,27.1,False,None,
URB-12818,LOC-02,Jayadev Vihar,20.301,85.8239,2026-08-23 01:42:47,64,0.23,34.6,68,29.2,53.9,442.7,16.4,69.9,Partly Cloudy,28.8,False,None,
URB-12819,LOC-03,Saheed Nagar,20.2872,85.8415,2026-08-23 02:05:47,54,0.23,27.9,72,37.0,74.4,430.9,13.8,95.0,Heavy Rain,32.9,False,None,
URB-12820,LOC-04,Khandagiri,20.2588,85.7836,2026-08-23 02:14:47,43,0.18,40.6,51,19.4,35.3,423.9,17.1,67.4,Clear,20.8,False,None,
URB-12821,LOC-05,Vani Vihar,20.2974,85.8364,2026-08-23 02:27:47,34,0.12,26.8,39,23.2,43.6,417.3,14.5,90.6,Rain,23.2,False,None,
URB-12822,LOC-06,Bhubaneswar Railway Station,20.2657,85.8436,2026-08-23 02:42:47,67,0.31,40.2,98,47.7,95.8,462.5,16.9,70.6,Haze,34.4,False,None,
URB-12823,LOC-07,Nandankanan Road,20.37,85.825,2026-08-23 03:07:47,57,0.25,34.0,64,30.6,57.5,447.2,17.5,72.7,Clear,29.2,False,None,
URB-12824,LOC-08,Kalarahanga Road,20.38,85.83,2026-08-23 03:19:47,38,0.16,45.0,47,18.4,31.3,443.8,14.8,92.6,Heavy Rain,17.1,False,None,
URB-12825,LOC-01,Patia Main Road,20.3533,85.8197,2026-08-23 03:35:47,58,0.23,33.0,76,33.8,64.6,433.6,15.1,92.1,Fog,31.0,False,None,
URB-12826,LOC-02,Jayadev Vihar,20.301,85.8239,2026-08-23 03:50:47,86,0.38,21.8,67,31.5,65.2,481.9,16.0,93.2,Heavy Rain,76.0,True,Multi-Vector Urban Risk,Combined extreme congestion (38%) and high particulate pollution.
URB-12827,LOC-03,Saheed Nagar,20.2872,85.8415,2026-08-23 04:01:47,57,0.21,33.5,106,49.9,98.4,430.6,18.7,70.0,Haze,35.2,False,None,
URB-12828,LOC-04,Khandagiri,20.2588,85.7836,2026-08-23 04:20:47,43,0.18,34.9,71,35.6,67.8,415.0,18.8,70.1,Haze,27.2,False,None,
URB-12829,LOC-05,Vani Vihar,20.2974,85.8364,2026-08-23 04:37:47,28,0.1,34.9,50,28.3,57.0,420.9,18.5,91.2,Fog,20.3,False,None,
URB-12830,LOC-06,Bhubaneswar Railway Station,20.2657,85.8436,2026-08-23 04:43:47,61,0.25,36.9,68,33.8,67.2,432.1,18.8,85.4,Rain,28.4,False,None,
URB-12831,LOC-07,Nandankanan Road,20.37,85.825,2026-08-23 05:01:47,65,0.29,25.6,55,25.4,55.2,471.1,17.8,89.2,Rain,33.4,False,None,
URB-12832,LOC-08,Kalarahanga Road,20.38,85.83,2026-08-23 05:20:47,45,0.16,51.2,74,29.6,48.9,444.7,20.1,87.8,Fog,21.9,False,None,
URB-12833,LOC-01,Patia Main Road,20.3533,85.8197,2026-08-23 05:37:47,53,0.2,34.7,95,46.6,83.3,447.4,17.7,73.1,Haze,32.3,False,None,
URB-12834,LOC-02,Jayadev Vihar,20.301,85.8239,2026-08-23 05:49:47,79,0.32,22.7,77,40.5,76.2,483.8,15.7,95.3,Rain,39.9,False,None,
URB-12835,LOC-03,Saheed Nagar,20.2872,85.8415,2026-08-23 05:58:47,52,0.24,29.6,115,52.7,100.3,439.1,19.1,84.4,Fog,39.9,False,None,
URB-12836,LOC-04,Khandagiri,20.2588,85.7836,2026-08-23 06:18:47,97,0.42,25.1,59,25.8,53.1,482.4,18.8,81.9,Heavy Rain,39.6,False,None,
URB-12837,LOC-05,Vani Vihar,20.2974,85.8364,2026-08-23 06:37:47,67,0.29,25.6,53,25.5,50.1,440.7,20.7,85.5,Rain,33.1,False,None,
URB-12838,LOC-06,Bhubaneswar Railway Station,20.2657,85.8436,2026-08-23 06:46:47,183,0.77,26.8,141,69.3,131.8,565.3,16.8,92.8,Fog,67.1,False,None,
URB-12839,LOC-07,Nandankanan Road,20.37,85.825,2026-08-23 07:06:47,188,0.77,16.4,119,58.1,101.4,560.4,20.8,61.6,Haze,68.4,False,None,
URB-12840,LOC-08,Kalarahanga Road,20.38,85.83,2026-08-23 07:22:47,110,0.44,47.4,72,32.0,58.3,485.5,18.6,62.9,Partly Cloudy,32.7,False,None,
URB-12841,LOC-01,Patia Main Road,20.3533,85.8197,2026-08-23 07:35:47,187,0.72,20.4,107,51.7,92.1,576.0,18.2,65.2,Clear,62.3,False,None,
URB-12842,LOC-02,Jayadev Vihar,20.301,85.8239,2026-08-23 07:44:47,280,0.98,10.1,132,57.5,100.6,628.1,22.0,86.7,Rain,82.2,False,None,
URB-12843,LOC-03,Saheed Nagar,20.2872,85.8415,2026-08-23 08:07:47,271,0.8,25.0,160,77.0,143.2,524.8,22.7,57.1,Haze,62.5,True,Traffic Bottleneck,Sudden vehicular surge of 271 vehicles/min exceeding corridor capacity.
URB-12844,LOC-04,Khandagiri,20.2588,85.7836,2026-08-23 08:19:47,140,0.54,28.5,82,42.7,76.5,503.1,19.7,69.2,Clear,46.7,False,None,
URB-12845,LOC-05,Vani Vihar,20.2974,85.8364,2026-08-23 08:33:47,105,0.48,22.6,56,28.9,48.8,484.1,20.5,81.9,Heavy Rain,42.7,False,None,
URB-12846,LOC-06,Bhubaneswar Railway Station,20.2657,85.8436,2026-08-23 08:43:47,209,0.9,20.7,173,74.7,133.6,587.5,20.9,60.1,Haze,80.9,False,None,
URB-12847,LOC-07,Nandankanan Road,20.37,85.825,2026-08-23 09:02:47,184,0.8,21.3,112,52.6,90.6,562.0,21.8,62.6,Partly Cloudy,66.0,False,None,
URB-12848,LOC-08,Kalarahanga Road,20.38,85.83,2026-08-23 09:21:47,143,0.6,35.0,112,52.3,101.5,511.0,22.0,78.9,Fog,51.1,False,None,
URB-12849,LOC-01,Patia Main Road,20.3533,85.8197,2026-08-23 09:30:47,229,0.95,13.8,176,80.2,140.0,588.0,23.6,58.0,Haze,86.9,False,None,
URB-12850,LOC-02,Jayadev Vihar,20.301,85.8239,2026-08-23 09:52:47,212,0.9,15.3,170,80.7,153.9,598.7,25.1,76.0,Fog,83.1,False,None,
URB-12851,LOC-03,Saheed Nagar,20.2872,85.8415,2026-08-23 10:01:47,180,0.72,18.9,150,69.4,120.4,548.4,27.0,55.2,Haze,70.6,False,None,
URB-12852,LOC-04,Khandagiri,20.2588,85.7836,2026-08-23 10:12:47,143,0.55,27.9,89,45.7,87.3,524.1,23.2,58.2,Clear,48.6,False,None,
URB-12853,LOC-05,Vani Vihar,20.2974,85.8364,2026-08-23 10:32:47,95,0.39,34.6,76,36.7,66.8,493.1,25.3,61.1,Partly Cloudy,36.6,False,None,
URB-12854,LOC-06,Bhubaneswar Railway Station,20.2657,85.8436,2026-08-23 10:44:47,179,0.79,26.3,114,49.3,90.3,542.4,24.3,61.6,Clear,63.4,False,None,
URB-12855,LOC-07,Nandankanan Road,20.37,85.825,2026-08-23 11:03:47,184,0.84,19.9,101,41.8,78.7,573.2,24.4,59.7,Clear,66.3,False,None,
URB-12856,LOC-08,Kalarahanga Road,20.38,85.83,2026-08-23 11:14:47,131,0.59,25.3,76,32.4,58.9,512.0,24.7,79.8,Rain,49.2,False,None,
URB-12857,LOC-01,Patia Main Road,20.3533,85.8197,2026-08-23 11:30:47,215,0.91,14.1,155,75.2,144.4,578.4,26.9,54.7,Haze,81.5,False,None,
URB-12858,LOC-02,Jayadev Vihar,20.301,85.8239,2026-08-23 11:51:47,208,0.94,10.9,108,51.9,93.5,593.7,26.2,79.8,Rain,76.0,False,None,
URB-12859,LOC-03,Saheed Nagar,20.2872,85.8415,2026-08-23 12:06:47,183,0.7,20.0,149,70.3,132.4,573.4,28.4,56.2,Haze,69.1,False,None,
URB-12860,LOC-04,Khandagiri,20.2588,85.7836,2026-08-23 12:16:47,157,0.66,19.1,110,52.3,102.7,545.5,27.3,50.4,Haze,61.1,False,None,
URB-12861,LOC-05,Vani Vihar,20.2974,85.8364,2026-08-23 12:36:47,92,0.39,30.3,64,25.1,50.2,473.3,27.0,58.7,Partly Cloudy,36.7,False,None,
URB-12862,LOC-06,Bhubaneswar Railway Station,20.2657,85.8436,2026-08-23 12:46:47,245,0.93,18.8,324,143.4,118.2,598.7,27.5,51.1,Haze,80.5,True,Air Quality Hazard,"Hazardous particulate spike (AQI 324, PM2.5 143.4 µg/m³) detected near Bhubaneswar Railway Station."
URB-12863,LOC-07,Nandankanan Road,20.37,85.825,2026-08-23 12:59:47,193,0.69,19.7,133,63.8,123.8,574.7,28.1,71.2,Fog,66.0,False,None,
URB-12864,LOC-08,Kalarahanga Road,20.38,85.83,2026-08-23 13:14:47,135,0.6,27.1,70,30.1,62.8,528.3,26.2,76.9,Heavy Rain,47.7,False,None,
URB-12865,LOC-01,Patia Main Road,20.3533,85.8197,2026-08-23 13:37:47,181,0.79,15.1,101,43.3,85.3,558.7,26.4,74.6,Heavy Rain,66.7,False,None,
URB-12866,LOC-02,Jayadev Vihar,20.301,85.8239,2026-08-23 13:42:47,207,0.7,22.7,128,63.1,119.0,567.9,26.6,59.0,Clear,64.1,False,None,
URB-12867,LOC-03,Saheed Nagar,20.2872,85.8415,2026-08-23 14:06:47,185,0.84,17.1,358,168.8,141.4,555.2,29.9,45.8,Haze,81.0,True,Air Quality Hazard,"Hazardous particulate spike (AQI 358, PM2.5 168.8 µg/m³) detected near Saheed Nagar."
URB-12868,LOC-04,Khandagiri,20.2588,85.7836,2026-08-23 14:12:47,149,0.54,24.1,111,50.7,89.4,518.0,28.8,72.5,Fog,54.0,False,None,
URB-12869,LOC-05,Vani Vihar,20.2974,85.8364,2026-08-23 14:34:47,82,0.29,35.7,67,31.3,52.1,456.5,30.2,54.1,Partly Cloudy,30.5,False,None,
URB-12870,LOC-06,Bhubaneswar Railway Station,20.2657,85.8436,2026-08-23 14:44:47,399,0.99,19.9,171,77.1,144.5,604.5,29.6,52.6,Haze,83.4,True,Traffic Bottleneck,Sudden vehicular surge of 399 vehicles/min exceeding corridor capacity.
URB-12871,LOC-07,Nandankanan Road,20.37,85.825,2026-08-23 15:04:47,160,0.65,25.2,98,48.6,97.1,522.4,26.1,58.4,Partly Cloudy,55.5,False,None,
URB-12872,LOC-08,Kalarahanga Road,20.38,85.83,2026-08-23 15:15:47,145,0.61,32.1,121,58.6,114.1,536.4,26.0,73.1,Fog,54.5,False,None,
URB-12873,LOC-01,Patia Main Road,20.3533,85.8197,2026-08-23 15:35:47,200,0.76,17.8,137,65.8,121.7,572.8,28.4,49.4,Haze,70.5,False,None,
URB-12874,LOC-02,Jayadev Vihar,20.301,85.8239,2026-08-23 15:48:47,267,0.98,12.9,137,67.1,129.8,628.7,26.1,58.8,Clear,81.7,False,None,
URB-12875,LOC-03,Saheed Nagar,20.2872,85.8415,2026-08-23 16:05:47,179,0.71,18.7,161,77.9,135.3,564.1,27.1,52.8,Haze,72.2,False,None,
URB-12876,LOC-04,Khandagiri,20.2588,85.7836,2026-08-23 16:13:47,144,0.54,21.5,79,38.3,65.9,522.1,29.2,70.1,Rain,49.7,False,None,
URB-12877,LOC-05,Vani Vihar,20.2974,85.8364,2026-08-23 16:33:47,86,0.39,22.6,62,30.4,53.8,480.0,24.9,80.6,Rain,40.1,False,None,
URB-12878,LOC-06,Bhubaneswar Railway Station,20.2657,85.8436,2026-08-23 16:42:47,258,0.96,17.8,169,75.0,143.0,611.4,29.1,49.0,Haze,84.1,False,None,
URB-12879,LOC-07,Nandankanan Road,20.37,85.825,2026-08-23 17:01:47,183,0.82,20.9,95,44.3,84.9,569.8,25.6,54.2,Clear,64.0,False,None,
URB-12880,LOC-08,Kalarahanga Road,20.38,85.83,2026-08-23 17:18:47,130,0.57,36.1,105,49.5,98.5,527.9,28.5,72.6,Fog,48.1,False,None,
URB-12881,LOC-01,Patia Main Road,20.3533,85.8197,2026-07-24 17:33:47,336,0.98,12.3,205,90.6,166.8,716.5,25.2,53.1,Haze,93.1,False,None,
URB-12882,LOC-02,Jayadev Vihar,20.301,85.8239,2026-07-24 17:47:47,349,0.98,15.4,170,75.2,140.5,700.2,24.8,61.2,Partly Cloudy,86.2,False,None,
URB-12883,LOC-03,Saheed Nagar,20.2872,85.8415,2026-07-24 17:59:47,295,0.98,10.0,140,64.9,117.7,641.1,25.9,74.1,Rain,83.7,False,None,
URB-12884,LOC-04,Khandagiri,20.2588,85.7836,2026-07-24 18:20:47,210,0.91,11.0,102,50.2,97.0,581.3,26.0,76.9,Heavy Rain,73.8,False,None,
URB-12885,LOC-05,Vani Vihar,20.2974,85.8364,2026-07-24 18:30:47,166,0.71,19.1,106,47.6,87.9,532.7,24.2,58.7,Haze,62.4,False,None,
URB-12886,LOC-06,Bhubaneswar Railway Station,20.2657,85.8436,2026-07-24 18:43:47,360,0.98,20.6,175,80.6,145.6,712.7,25.8,59.9,Partly Cloudy,84.5,False,None,
URB-12887,LOC-07,Nandankanan Road,20.37,85.825,2026-07-24 19:01:47,255,0.98,12.8,143,63.7,117.0,627.7,25.0,61.0,Partly Cloudy,82.8,False,None,
URB-12888,LOC-08,Kalarahanga Road,20.38,85.83,2026-07-24 19:18:47,192,0.81,22.5,144,63.3,118.5,555.9,25.6,52.3,Haze,71.4,False,None,
URB-12889,LOC-01,Patia Main Road,20.3533,85.8197,2026-07-24 19:30:47,313,0.98,14.8,176,79.6,149.1,678.1,24.1,60.6,Partly Cloudy,87.6,False,None,
URB-12890,LOC-02,Jayadev Vihar,20.301,85.8239,2026-07-24 19:42:47,619,0.99,10.9,208,92.0,173.7,713.5,25.7,52.4,Haze,93.8,True,Traffic Bottleneck,Sudden vehicular surge of 619 vehicles/min exceeding corridor capacity.
URB-12891,LOC-03,Saheed Nagar,20.2872,85.8415,2026-07-24 20:01:47,134,0.57,23.7,137,62.0,116.5,535.3,24.0,56.8,Haze,59.9,False,None,
URB-12892,LOC-04,Khandagiri,20.2588,85.7836,2026-07-24 20:18:47,113,0.48,29.5,85,42.2,83.4,511.7,24.0,62.9,Partly Cloudy,44.3,False,None,
URB-12893,LOC-05,Vani Vihar,20.2974,85.8364,2026-07-24 20:31:47,82,0.32,23.2,52,22.1,42.1,454.8,23.3,82.3,Rain,35.3,False,None,
URB-12894,LOC-06,Bhubaneswar Railway Station,20.2657,85.8436,2026-07-24 20:45:47,140,0.49,38.0,139,65.4,115.3,521.1,21.9,61.3,Haze,49.9,False,None,
URB-12895,LOC-07,Nandankanan Road,20.37,85.825,2026-07-24 20:59:47,260,0.88,26.2,87,38.3,75.7,541.1,24.0,62.2,Partly Cloudy,51.5,True,Traffic Bottleneck,Sudden vehicular surge of 260 vehicles/min exceeding corridor capacity.
URB-12896,LOC-08,Kalarahanga Road,20.38,85.83,2026-07-24 21:15:47,101,0.34,51.7,74,38.5,71.5,503.8,19.2,69.0,Partly Cloudy,29.1,False,None,
URB-12897,LOC-01,Patia Main Road,20.3533,85.8197,2026-07-24 21:37:47,135,0.61,19.1,82,41.3,78.0,511.7,18.0,86.2,Rain,54.2,False,None,
URB-12898,LOC-02,Jayadev Vihar,20.301,85.8239,2026-07-24 21:48:47,202,0.76,17.7,170,80.0,145.0,572.8,22.6,64.3,Haze,76.3,False,None,
URB-12899,LOC-03,Saheed Nagar,20.2872,85.8415,2026-07-24 22:04:47,52,0.2,31.3,93,44.6,89.2,460.7,16.7,68.5,Haze,33.6,False,None,
URB-12900,LOC-04,Khandagiri,20.2588,85.7836,2026-07-24 22:14:47,45,0.17,32.5,72,33.8,63.3,422.9,19.0,82.1,Fog,28.1,False,None,
URB-12901,LOC-05,Vani Vihar,20.2974,85.8364,2026-07-24 22:35:47,30,0.11,34.3,135,56.3,48.7,431.6,17.2,84.2,Fog,21.5,True,Air Quality Hazard,"Hazardous particulate spike (AQI 135, PM2.5 56.3 µg/m³) detected near Vani Vihar."
URB-12902,LOC-06,Bhubaneswar Railway Station,20.2657,85.8436,2026-07-24 22:51:47,67,0.28,45.7,98,44.9,80.4,452.6,19.9,80.5,Fog,30.9,False,None,
URB-12903,LOC-07,Nandankanan Road,20.37,85.825,2026-07-24 23:03:47,59,0.22,40.4,63,26.2,50.7,431.6,16.5,67.2,Partly Cloudy,24.6,False,None,
URB-12904,LOC-08,Kalarahanga Road,20.38,85.83,2026-07-24 23:15:47,44,0.16,53.2,53,24.9,44.7,449.4,16.6,65.3,Clear,18.2,False,None,
URB-12905,LOC-01,Patia Main Road,20.3533,85.8197,2026-07-24 23:32:47,56,0.21,25.7,57,26.2,46.0,441.1,17.0,87.3,Rain,30.5,False,None,
URB-12906,LOC-02,Jayadev Vihar,20.301,85.8239,2026-07-24 23:50:47,70,0.32,38.1,82,33.8,59.5,473.2,16.3,70.6,Partly Cloudy,33.1,False,None,
URB-12907,LOC-03,Saheed Nagar,20.2872,85.8415,2026-07-25 00:03:47,61,0.24,29.0,77,36.4,71.2,456.2,15.3,95.5,Heavy Rain,33.6,False,None,
URB-12908,LOC-04,Khandagiri,20.2588,85.7836,2026-07-25 00:18:47,42,0.17,33.9,61,24.7,48.7,418.4,19.0,65.4,Haze,25.5,False,None,
URB-12909,LOC-05,Vani Vihar,20.2974,85.8364,2026-07-25 00:28:47,29,0.11,34.8,64,30.7,56.2,425.2,17.5,68.0,Haze,23.2,False,None,
URB-12910,LOC-06,Bhubaneswar Railway Station,20.2657,85.8436,2026-07-25 00:50:47,59,0.24,37.9,64,30.4,62.3,432.8,19.1,85.9,Rain,26.9,False,None,
URB-12911,LOC-07,Nandankanan Road,20.37,85.825,2026-07-25 00:57:47,63,0.21,39.6,68,27.2,55.8,468.9,18.5,70.4,Clear,25.5,False,None,
URB-12912,LOC-08,Kalarahanga Road,20.38,85.83,2026-07-25 01:22:47,43,0.16,63.0,58,30.1,58.7,431.9,14.2,70.0,Partly Cloudy,19.0,False,None,
URB-12913,LOC-01,Patia Main Road,20.3533,85.8197,2026-07-25 01:37:47,73,0.31,24.8,62,25.7,41.8,473.8,17.8,90.5,Rain,35.9,False,None,
URB-12914,LOC-02,Jayadev Vihar,20.301,85.8239,2026-07-25 01:48:47,68,0.3,26.1,63,31.7,57.8,475.6,15.5,92.0,Heavy Rain,35.0,False,None,
URB-12915,LOC-03,Saheed Nagar,20.2872,85.8415,2026-07-25 02:07:47,46,0.17,31.9,104,48.1,85.8,442.1,15.1,96.8,Fog,34.0,False,None,
URB-12916,LOC-04,Khandagiri,20.2588,85.7836,2026-07-25 02:14:47,40,0.15,38.6,54,27.9,56.4,441.1,15.2,72.1,Clear,21.1,False,None,
URB-12917,LOC-05,Vani Vihar,20.2974,85.8364,2026-07-25 02:30:47,30,0.13,42.0,43,18.0,31.9,437.3,16.5,69.9,Partly Cloudy,16.7,False,None,
URB-12918,LOC-06,Bhubaneswar Railway Station,20.2657,85.8436,2026-07-25 02:43:47,77,0.26,53.0,88,38.0,77.3,471.1,14.4,75.2,Clear,28.3,False,None,
URB-12919,LOC-07,Nandankanan Road,20.37,85.825,2026-07-25 03:04:47,59,0.22,27.1,49,21.6,48.1,441.8,15.9,86.8,Heavy Rain,28.8,False,None,
URB-12920,LOC-08,Kalarahanga Road,20.38,85.83,2026-07-25 03:16:47,45,0.17,52.9,65,32.1,61.5,422.7,15.7,90.7,Fog,20.7,False,None,
URB-12921,LOC-01,Patia Main Road,20.3533,85.8197,2026-07-25 03:36:47,72,0.3,28.3,90,45.8,78.9,468.1,17.9,72.8,Haze,38.6,False,None,
URB-12922,LOC-02,Jayadev Vihar,20.301,85.8239,2026-07-25 03:45:47,68,0.24,29.6,100,44.3,77.5,460.9,17.4,73.6,Haze,37.3,False,None,
URB-12923,LOC-03,Saheed Nagar,20.2872,85.8415,2026-07-25 04:04:47,48,0.2,29.7,75,32.0,66.4,421.0,15.0,96.1,Heavy Rain,31.3,False,None,
URB-12924,LOC-04,Khandagiri,20.2588,85.7836,2026-07-25 04:13:47,54,0.21,36.4,66,35.2,70.4,451.5,16.1,70.5,Partly Cloudy,26.8,False,None,
URB-12925,LOC-05,Vani Vihar,20.2974,85.8364,2026-07-25 04:28:47,35,0.17,9.7,44,19.1,30.7,439.8,17.8,91.9,Heavy Rain,24.1,True,Severe Gridlock,Critical speed drop to 9.7 km/h indicating major arterial blockade.
URB-12926,LOC-06,Bhubaneswar Railway Station,20.2657,85.8436,2026-07-25 04:46:47,65,0.29,50.7,85,42.3,77.4,445.1,15.4,68.5,Partly Cloudy,29.0,False,None,
URB-12927,LOC-07,Nandankanan Road,20.37,85.825,2026-07-25 04:59:47,61,0.28,37.7,71,37.5,68.5,455.2,16.6,66.6,Partly Cloudy,29.8,False,None,
URB-12928,LOC-08,Kalarahanga Road,20.38,85.83,2026-07-25 05:17:47,38,0.13,60.6,51,23.8,38.7,445.3,19.9,69.4,Partly Cloudy,16.6,False,None,
URB-12929,LOC-01,Patia Main Road,20.3533,85.8197,2026-07-25 05:30:47,70,0.26,28.2,86,44.5,80.2,461.5,19.8,87.0,Fog,36.4,False,None,
URB-12930,LOC-02,Jayadev Vihar,20.301,85.8239,2026-07-25 05:48:47,87,0.39,29.9,103,47.9,85.9,464.6,17.1,68.5,Haze,43.7,False,None,
URB-12931,LOC-03,Saheed Nagar,20.2872,85.8415,2026-07-25 05:57:47,49,0.21,39.4,79,39.4,77.3,427.9,18.8,70.0,Partly Cloudy,27.5,False,None,
URB-12932,LOC-04,Khandagiri,20.2588,85.7836,2026-07-25 06:20:47,130,0.56,19.0,73,33.8,60.5,521.9,20.2,83.0,Rain,50.7,False,None,
URB-12933,LOC-05,Vani Vihar,20.2974,85.8364,2026-07-25 06:28:47,70,0.3,32.3,79,37.2,75.7,458.0,19.3,84.9,Fog,34.7,False,None,
URB-12934,LOC-06,Bhubaneswar Railway Station,20.2657,85.8436,2026-07-25 06:48:47,139,0.63,39.4,112,47.9,89.8,536.8,17.6,65.8,Clear,50.1,False,None,
URB-12935,LOC-07,Nandankanan Road,20.37,85.825,2026-07-25 07:01:47,172,0.61,19.8,115,50.4,91.0,536.2,22.8,77.1,Fog,59.6,False,None,
URB-12936,LOC-08,Kalarahanga Road,20.38,85.83,2026-07-25 07:22:47,144,0.52,30.6,67,27.6,51.1,513.8,19.9,80.6,Rain,42.2,False,None,
URB-12937,LOC-01,Patia Main Road,20.3533,85.8197,2026-07-25 07:29:47,237,0.82,14.9,150,63.7,121.3,619.9,18.7,87.9,Fog,76.6,False,None,
URB-12938,LOC-02,Jayadev Vihar,20.301,85.8239,2026-07-25 07:44:47,280,0.98,10.4,133,62.6,121.8,633.6,21.1,78.7,Rain,82.3,False,None,
URB-12939,LOC-03,Saheed Nagar,20.2872,85.8415,2026-07-25 08:03:47,180,0.62,27.0,118,49.6,92.5,564.1,22.8,63.9,Partly Cloudy,57.0,False,None,
URB-12940,LOC-04,Khandagiri,20.2588,85.7836,2026-07-25 08:15:47,179,0.67,20.3,144,65.9,118.3,554.4,22.6,56.6,Haze,66.8,False,None,
URB-12941,LOC-05,Vani Vihar,20.2974,85.8364,2026-07-25 08:33:47,103,0.44,21.2,62,27.0,51.4,504.9,23.6,81.4,Heavy Rain,42.9,False,None,
URB-12942,LOC-06,Bhubaneswar Railway Station,20.2657,85.8436,2026-07-25 08:52:47,212,0.91,20.2,160,73.7,139.6,579.2,20.4,67.3,Haze,79.3,False,None,
URB-12943,LOC-07,Nandankanan Road,20.37,85.825,2026-07-25 09:06:47,169,0.76,19.6,105,46.3,90.8,545.0,25.1,57.2,Partly Cloudy,64.0,False,None,
URB-12944,LOC-08,Kalarahanga Road,20.38,85.83,2026-07-25 09:20:47,134,0.48,40.1,115,54.5,96.9,524.7,22.4,58.2,Haze,44.3,False,None,
URB-12945,LOC-01,Patia Main Road,20.3533,85.8197,2026-07-25 09:33:47,204,0.7,15.2,92,37.9,68.9,596.9,24.1,81.3,Heavy Rain,61.5,False,None,
URB-12946,LOC-02,Jayadev Vihar,20.301,85.8239,2026-07-25 09:44:47,274,0.98,12.6,206,98.4,176.2,642.4,23.7,79.2,Fog,92.9,False,None,
URB-12947,LOC-03,Saheed Nagar,20.2872,85.8415,2026-07-25 10:01:47,183,0.77,22.0,129,58.3,110.5,565.7,27.0,53.1,Clear,67.4,False,None,
URB-12948,LOC-04,Khandagiri,20.2588,85.7836,2026-07-25 10:13:47,154,0.57,28.9,104,48.2,89.9,552.6,23.6,61.2,Partly Cloudy,51.5,False,None,
URB-12949,LOC-05,Vani Vihar,20.2974,85.8364,2026-07-25 10:36:47,85,0.34,29.6,77,40.3,76.6,483.7,25.7,59.3,Haze,37.3,False,None,
URB-12950,LOC-06,Bhubaneswar Railway Station,20.2657,85.8436,2026-07-25 10:52:47,217,0.74,28.1,149,65.2,119.9,605.4,23.3,83.0,Fog,66.6,False,None,
URB-12951,LOC-07,Nandankanan Road,20.37,85.825,2026-07-25 10:57:47,188,0.69,21.4,116,52.1,100.2,550.3,22.9,57.6,Clear,62.2,False,None,
URB-12952,LOC-08,Kalarahanga Road,20.38,85.83,2026-07-25 11:13:47,236,0.81,26.6,73,38.0,70.7,503.2,24.0,76.4,Rain,46.9,True,Traffic Bottleneck,Sudden vehicular surge of 236 vehicles/min exceeding corridor capacity.
URB-12953,LOC-01,Patia Main Road,20.3533,85.8197,2026-07-25 11:29:47,192,0.66,22.0,149,67.0,124.2,557.6,27.1,73.9,Fog,66.5,False,None,
URB-12954,LOC-02,Jayadev Vihar,20.301,85.8239,2026-07-25 11:42:47,196,0.69,20.1,148,66.0,128.2,591.3,27.5,58.3,Haze,68.5,False,None,
URB-12955,LOC-03,Saheed Nagar,20.2872,85.8415,2026-07-25 11:59:47,189,0.76,14.4,110,49.2,84.7,553.8,28.1,76.9,Rain,67.5,False,None,
URB-12956,LOC-04,Khandagiri,20.2588,85.7836,2026-07-25 12:19:47,143,0.51,20.7,76,31.5,53.8,528.8,29.2,73.1,Rain,48.4,False,None,
URB-12957,LOC-05,Vani Vihar,20.2974,85.8364,2026-07-25 12:27:47,81,0.34,25.5,55,28.0,49.6,477.2,27.3,77.7,Rain,35.5,False,None,
URB-12958,LOC-06,Bhubaneswar Railway Station,20.2657,85.8436,2026-07-25 12:52:47,190,0.69,31.0,126,59.8,105.3,572.6,24.8,56.5,Clear,59.1,False,None,
URB-12959,LOC-07,Nandankanan Road,20.37,85.825,2026-07-25 13:05:47,158,0.68,22.9,102,42.3,73.6,545.7,27.2,52.8,Partly Cloudy,58.6,False,None,
URB-12960,LOC-08,Kalarahanga Road,20.38,85.83,2026-07-25 13:13:47,122,0.47,30.1,76,35.1,58.6,506.0,29.8,67.5,Heavy Rain,42.0,False,None,
URB-12961,LOC-01,Patia Main Road,20.3533,85.8197,2026-07-25 13:28:47,199,0.91,6.1,102,49.3,98.0,593.6,27.6,76.9,Heavy Rain,62.1,True,Severe Gridlock,Critical speed drop to 6.1 km/h indicating major arterial blockade.
URB-12962,LOC-02,Jayadev Vihar,20.301,85.8239,2026-07-25 13:43:47,211,0.82,13.1,98,40.5,76.5,571.7,27.5,76.5,Rain,68.4,False,None,
URB-12963,LOC-03,Saheed Nagar,20.2872,85.8415,2026-07-25 14:07:47,152,0.67,16.5,103,45.2,77.5,538.7,27.3,71.0,Rain,61.6,False,None,
URB-12964,LOC-04,Khandagiri,20.2588,85.7836,2026-07-25 14:12:47,137,0.52,20.7,83,37.8,66.5,518.4,26.3,73.5,Heavy Rain,50.0,False,None,
URB-12965,LOC-05,Vani Vihar,20.2974,85.8364,2026-07-25 14:31:47,94,0.38,24.9,60,26.9,53.3,482.0,29.1,76.3,Heavy Rain,38.2,False,None,
URB-12966,LOC-06,Bhubaneswar Railway Station,20.2657,85.8436,2026-07-25 14:47:47,194,0.74,28.7,153,70.8,129.1,553.0,30.0,69.4,Fog,67.0,False,None,
URB-12967,LOC-07,Nandankanan Road,20.37,85.825,2026-07-25 14:59:47,161,0.55,25.2,112,53.9,93.0,541.8,26.7,70.1,Fog,54.0,False,None,
URB-12968,LOC-08,Kalarahanga Road,20.38,85.83,2026-07-25 15:12:47,140,0.62,26.7,65,28.3,52.0,503.9,28.4,67.8,Heavy Rain,47.8,False,None,
URB-12969,LOC-01,Patia Main Road,20.3533,85.8197,2026-07-25 15:37:47,212,0.93,12.1,93,41.8,78.4,584.8,25.7,72.3,Heavy Rain,72.4,False,None,
URB-12970,LOC-02,Jayadev Vihar,20.301,85.8239,2026-07-25 15:49:47,231,0.93,13.1,184,86.7,163.5,590.7,28.6,68.7,Fog,87.9,False,None,
URB-12971,LOC-03,Saheed Nagar,20.2872,85.8415,2026-07-25 16:07:47,148,0.62,21.8,145,67.0,129.3,511.4,25.9,81.0,Fog,64.3,False,None,
URB-12972,LOC-04,Khandagiri,20.2588,85.7836,2026-07-25 16:16:47,163,0.65,18.3,90,37.8,71.5,540.3,26.8,70.5,Rain,57.6,False,None,
URB-12973,LOC-05,Vani Vihar,20.2974,85.8364,2026-07-25 16:28:47,84,0.3,23.5,139,63.4,60.7,467.5,26.4,79.7,Heavy Rain,34.9,True,Air Quality Hazard,"Hazardous particulate spike (AQI 139, PM2.5 63.4 µg/m³) detected near Vani Vihar."
URB-12974,LOC-06,Bhubaneswar Railway Station,20.2657,85.8436,2026-07-25 16:52:47,228,0.84,29.4,126,57.3,100.2,618.5,26.2,55.7,Partly Cloudy,66.0,False,None,
URB-12975,LOC-07,Nandankanan Road,20.37,85.825,2026-07-25 16:59:47,196,0.75,21.8,113,54.7,98.9,579.0,27.4,54.1,Clear,63.9,False,None,
URB-12976,LOC-08,Kalarahanga Road,20.38,85.83,2026-07-25 17:14:47,149,0.62,28.5,76,37.0,61.8,516.7,26.9,73.0,Heavy Rain,48.9,False,None,
URB-12977,LOC-01,Patia Main Road,20.3533,85.8197,2026-07-25 17:31:47,240,0.98,14.3,141,62.5,113.3,607.0,25.9,58.3,Clear,81.7,False,None,
URB-12978,LOC-02,Jayadev Vihar,20.301,85.8239,2026-07-25 17:46:47,262,0.97,14.6,138,65.2,121.4,623.6,27.5,56.7,Partly Cloudy,80.6,False,None,
URB-12979,LOC-03,Saheed Nagar,20.2872,85.8415,2026-07-25 18:05:47,186,0.72,17.0,119,57.9,112.1,548.6,23.7,84.2,Heavy Rain,66.1,False,None,
URB-12980,LOC-04,Khandagiri,20.2588,85.7836,2026-07-25 18:18:47,135,0.6,21.8,103,51.1,88.4,504.3,23.9,54.7,Haze,56.1,False,None,
URB-12981,LOC-05,Vani Vihar,20.2974,85.8364,2026-07-25 18:30:47,113,0.52,19.3,70,33.1,57.3,511.6,23.6,76.3,Rain,48.4,False,None,
URB-12982,LOC-06,Bhubaneswar Railway Station,20.2657,85.8436,2026-07-25 18:47:47,188,0.7,23.2,108,47.7,84.9,576.2,23.1,84.4,Heavy Rain,60.3,False,None,
URB-12983,LOC-07,Nandankanan Road,20.37,85.825,2026-07-25 18:59:47,161,0.64,23.7,98,43.0,83.9,542.9,24.0,59.7,Clear,55.9,False,None,
URB-12984,LOC-08,Kalarahanga Road,20.38,85.83,2026-07-25 19:20:47,139,0.5,36.8,105,44.9,77.5,512.1,22.2,77.8,Fog,45.0,False,None,
URB-12985,LOC-01,Patia Main Road,20.3533,85.8197,2026-07-25 19:33:47,230,0.96,9.9,111,51.0,93.4,592.1,23.0,77.3,Rain,77.9,False,None,
URB-12986,LOC-02,Jayadev Vihar,20.301,85.8239,2026-07-25 19:45:47,223,0.98,10.4,120,53.6,104.3,611.0,22.9,82.1,Rain,80.0,False,None,
URB-12987,LOC-03,Saheed Nagar,20.2872,85.8415,2026-07-25 20:02:47,120,0.55,28.5,117,50.4,96.0,514.9,20.6,61.9,Clear,53.2,False,None,
URB-12988,LOC-04,Khandagiri,20.2588,85.7836,2026-07-25 20:17:47,125,0.51,19.8,72,29.8,54.7,517.1,24.5,73.5,Heavy Rain,48.1,False,None,
URB-12989,LOC-05,Vani Vihar,20.2974,85.8364,2026-07-25 20:30:47,73,0.3,32.2,68,34.8,58.7,456.1,20.3,61.6,Haze,32.8,False,None,
URB-12990,LOC-06,Bhubaneswar Railway Station,20.2657,85.8436,2026-07-25 20:48:47,161,0.69,34.2,115,51.9,99.7,524.5,19.6,68.7,Clear,55.6,False,None,
URB-12991,LOC-07,Nandankanan Road,20.37,85.825,2026-07-25 21:06:47,157,0.56,29.3,101,41.8,75.3,518.9,22.5,62.2,Clear,50.4,False,None,
URB-12992,LOC-08,Kalarahanga Road,20.38,85.83,2026-07-25 21:16:47,82,0.34,32.8,65,26.1,42.6,484.8,19.5,82.1,Heavy Rain,33.6,False,None,
URB-12993,LOC-01,Patia Main Road,20.3533,85.8197,2026-07-25 21:27:47,178,0.71,22.9,124,56.9,100.8,567.7,20.7,66.8,Partly Cloudy,63.6,False,None,
URB-12994,LOC-02,Jayadev Vihar,20.301,85.8239,2026-07-25 21:44:47,186,0.83,18.0,105,47.9,87.1,570.5,20.7,60.4,Clear,67.6,False,None,
URB-12995,LOC-03,Saheed Nagar,20.2872,85.8415,2026-07-25 22:06:47,58,0.23,34.5,100,43.8,77.9,433.8,21.2,64.7,Haze,34.5,False,None,
URB-12996,LOC-04,Khandagiri,20.2588,85.7836,2026-07-25 22:12:47,46,0.2,30.7,76,33.7,61.2,444.6,19.2,65.4,Haze,31.0,False,None,
URB-12997,LOC-05,Vani Vihar,20.2974,85.8364,2026-07-25 22:32:47,31,0.14,32.9,56,28.7,54.0,441.9,19.8,67.3,Haze,24.0,False,None,
URB-12998,LOC-06,Bhubaneswar Railway Station,20.2657,85.8436,2026-07-25 22:50:47,70,0.24,52.1,84,42.3,74.3,457.1,18.8,70.0,Partly Cloudy,26.8,False,None,
URB-12999,LOC-07,Nandankanan Road,20.37,85.825,2026-07-25 22:57:47,53,0.22,24.9,53,23.0,48.0,446.2,19.5,88.0,Heavy Rain,30.6,False,None,
URB-13000,LOC-08,Kalarahanga Road,20.38,85.83,2026-07-25 23:15:47,33,0.12,55.4,61,29.0,53.3,422.0,15.4,88.2,Fog,18.0,False,None,
URB-13001,LOC-01,Patia Main Road,20.3533,85.8197,2026-07-25 23:33:47,69,0.31,25.0,60,32.1,57.7,451.4,18.6,91.2,Heavy Rain,35.4,False,None,
URB-13002,LOC-02,Jayadev Vihar,20.301,85.8239,2026-07-25 23:44:47,63,0.25,34.4,77,39.8,74.5,438.3,15.9,69.3,Clear,31.3,False,None,
URB-13003,LOC-03,Saheed Nagar,20.2872,85.8415,2026-07-25 23:59:47,50,0.19,28.1,69,29.5,50.5,459.3,18.3,84.9,Rain,30.6,False,None,
URB-13004,LOC-04,Khandagiri,20.2588,85.7836,2026-07-26 00:15:47,50,0.22,29.9,48,24.4,44.4,433.2,18.4,89.6,Heavy Rain,27.3,False,None,
URB-13005,LOC-05,Vani Vihar,20.2974,85.8364,2026-07-26 00:34:47,30,0.13,41.4,50,21.8,36.8,432.0,17.9,70.4,Partly Cloudy,18.2,False,None,
URB-13006,LOC-06,Bhubaneswar Railway Station,20.2657,85.8436,2026-07-26 00:50:47,66,0.29,39.9,72,36.9,74.2,436.5,17.6,91.7,Rain,29.2,False,None,
URB-13007,LOC-07,Nandankanan Road,20.37,85.825,2026-07-26 01:07:47,59,0.24,39.4,69,31.0,54.6,467.8,15.3,68.7,Partly Cloudy,27.0,False,None,
URB-13008,LOC-08,Kalarahanga Road,20.38,85.83,2026-07-26 01:21:47,33,0.11,48.2,57,24.3,40.1,425.4,15.1,91.7,Fog,16.9,False,None,
URB-13009,LOC-01,Patia Main Road,20.3533,85.8197,2026-07-26 01:28:47,59,0.23,39.6,70,28.2,60.7,446.9,15.3,75.4,Partly Cloudy,26.7,False,None,
URB-13010,LOC-02,Jayadev Vihar,20.301,85.8239,2026-07-26 01:51:47,72,0.27,24.5,65,26.9,47.5,451.2,14.1,90.2,Heavy Rain,34.9,False,None,
URB-13011,LOC-03,Saheed Nagar,20.2872,85.8415,2026-07-26 01:59:47,51,0.19,37.2,83,35.2,60.5,437.2,14.0,75.0,Clear,28.5,False,None,
URB-13012,LOC-04,Khandagiri,20.2588,85.7836,2026-07-26 02:18:47,54,0.24,25.3,53,26.0,49.0,432.3,16.0,88.9,Rain,31.2,False,None,
URB-13013,LOC-05,Vani Vihar,20.2974,85.8364,2026-07-26 02:33:47,35,0.13,43.6,47,20.0,38.9,438.6,14.7,73.0,Clear,16.6,False,None,
URB-13014,LOC-06,Bhubaneswar Railway Station,20.2657,85.8436,2026-07-26 02:48:47,75,0.29,45.5,94,43.0,80.7,469.6,16.7,74.1,Haze,30.5,False,None,
URB-13015,LOC-07,Nandankanan Road,20.37,85.825,2026-07-26 02:59:47,65,0.22,30.7,80,41.4,81.3,450.1,17.1,71.6,Haze,32.5,False,None,
URB-13016,LOC-08,Kalarahanga Road,20.38,85.83,2026-07-26 03:18:47,43,0.17,39.7,42,23.9,45.6,427.6,15.4,95.8,Rain,19.3,False,None,
URB-13017,LOC-01,Patia Main Road,20.3533,85.8197,2026-07-26 03:31:47,61,0.26,33.9,72,32.1,56.3,466.0,14.4,74.6,Partly Cloudy,31.1,False,None,
URB-13018,LOC-02,Jayadev Vihar,20.301,85.8239,2026-07-26 03:51:47,81,0.29,29.0,106,53.5,96.0,474.0,18.1,64.9,Haze,40.6,False,None,
URB-13019,LOC-03,Saheed Nagar,20.2872,85.8415,2026-07-26 04:02:47,58,0.2,25.2,77,30.8,57.0,442.3,14.4,89.8,Rain,33.9,False,None,
URB-13020,LOC-04,Khandagiri,20.2588,85.7836,2026-07-26 04:17:47,54,0.23,30.8,84,42.8,78.3,456.2,16.7,66.5,Haze,33.5,False,None,
URB-13021,LOC-05,Vani Vihar,20.2974,85.8364,2026-07-26 04:30:47,35,0.15,33.9,55,26.6,43.7,441.7,18.8,66.3,Haze,23.7,False,None,
URB-13022,LOC-06,Bhubaneswar Railway Station,20.2657,85.8436,2026-07-26 04:49:47,64,0.27,49.1,82,37.4,73.8,462.2,18.2,66.3,Partly Cloudy,27.6,False,None,
URB-13023,LOC-07,Nandankanan Road,20.37,85.825,2026-07-26 05:05:47,58,0.23,39.8,68,32.5,67.9,451.3,15.7,73.1,Partly Cloudy,26.2,False,None,
URB-13024,LOC-08,Kalarahanga Road,20.38,85.83,2026-07-26 05:17:47,37,0.16,59.2,49,26.2,52.0,411.0,18.8,67.6,Clear,17.5,False,None,
URB-13025,LOC-01,Patia Main Road,20.3533,85.8197,2026-07-26 05:31:47,59,0.22,26.0,57,24.7,41.8,451.5,15.4,87.6,Heavy Rain,30.8,False,None,
URB-13026,LOC-02,Jayadev Vihar,20.301,85.8239,2026-07-26 05:50:47,75,0.29,24.6,67,31.0,61.1,478.1,19.2,86.2,Heavy Rain,36.0,False,None,
URB-13027,LOC-03,Saheed Nagar,20.2872,85.8415,2026-07-26 05:58:47,50,0.2,29.9,104,50.4,100.0,457.3,18.7,64.2,Haze,36.2,False,None,
URB-13028,LOC-04,Khandagiri,20.2588,85.7836,2026-07-26 06:14:47,120,0.42,28.0,92,43.8,77.5,509.6,18.8,90.8,Fog,43.9,False,None,
URB-13029,LOC-05,Vani Vihar,20.2974,85.8364,2026-07-26 06:33:47,78,0.28,33.3,65,33.3,66.1,471.7,16.6,70.0,Clear,30.9,False,None,
URB-13030,LOC-06,Bhubaneswar Railway Station,20.2657,85.8436,2026-07-26 06:46:47,164,0.72,23.2,106,52.4,102.4,534.1,17.4,88.9,Rain,60.7,False,None,
URB-13031,LOC-07,Nandankanan Road,20.37,85.825,2026-07-26 07:03:47,200,0.8,15.5,105,48.5,89.9,593.4,21.3,82.3,Heavy Rain,67.6,False,None,
URB-13032,LOC-08,Kalarahanga Road,20.38,85.83,2026-07-26 07:19:47,138,0.53,40.2,97,48.6,97.2,515.9,22.2,60.8,Clear,43.1,False,None,
URB-13033,LOC-01,Patia Main Road,20.3533,85.8197,2026-07-26 07:33:47,193,0.71,19.8,151,65.1,125.8,562.4,22.4,59.5,Haze,69.9,False,None,
URB-13034,LOC-02,Jayadev Vihar,20.301,85.8239,2026-07-26 07:51:47,240,0.87,11.7,113,52.9,91.2,627.3,22.6,81.2,Rain,73.7,False,None,
URB-13035,LOC-03,Saheed Nagar,20.2872,85.8415,2026-07-26 07:59:47,189,0.85,15.3,172,77.3,141.4,574.7,19.5,69.1,Haze,81.4,False,None,
URB-13036,LOC-04,Khandagiri,20.2588,85.7836,2026-07-26 08:19:47,166,0.67,20.7,136,57.8,101.5,540.7,20.5,85.0,Fog,65.2,False,None,
URB-13037,LOC-05,Vani Vihar,20.2974,85.8364,2026-07-26 08:31:47,157,0.54,30.2,88,39.8,68.6,463.3,23.3,63.2,Haze,40.1,True,Traffic Bottleneck,Sudden vehicular surge of 157 vehicles/min exceeding corridor capacity.
URB-13038,LOC-06,Bhubaneswar Railway Station,20.2657,85.8436,2026-07-26 08:44:47,207,0.85,19.8,98,46.2,86.7,561.7,21.9,79.2,Heavy Rain,66.2,False,None,
URB-13039,LOC-07,Nandankanan Road,20.37,85.825,2026-07-26 09:03:47,186,0.78,18.5,105,47.5,82.7,563.4,24.4,55.7,Partly Cloudy,65.3,False,None,
URB-13040,LOC-08,Kalarahanga Road,20.38,85.83,2026-07-26 09:18:47,122,0.48,44.4,86,36.4,69.6,498.9,23.3,59.0,Partly Cloudy,37.0,False,None,
URB-13041,LOC-01,Patia Main Road,20.3533,85.8197,2026-07-26 09:28:47,233,0.98,15.1,129,54.2,103.8,613.1,22.1,64.3,Clear,79.2,False,None,
URB-13042,LOC-02,Jayadev Vihar,20.301,85.8239,2026-07-26 09:50:47,265,0.98,14.7,151,66.2,119.3,628.7,24.8,56.0,Partly Cloudy,83.3,False,None,
URB-13043,LOC-03,Saheed Nagar,20.2872,85.8415,2026-07-26 09:58:47,177,0.76,16.2,170,81.1,151.1,544.0,25.9,71.2,Fog,77.0,False,None,
URB-13044,LOC-04,Khandagiri,20.2588,85.7836,2026-07-26 10:17:47,154,0.6,20.6,130,63.2,119.4,516.3,24.2,82.9,Fog,61.5,False,None,
URB-13045,LOC-05,Vani Vihar,20.2974,85.8364,2026-07-26 10:29:47,104,0.41,28.9,87,39.1,71.3,469.8,27.2,75.6,Fog,42.2,False,None,
URB-13046,LOC-06,Bhubaneswar Railway Station,20.2657,85.8436,2026-07-26 10:51:47,212,0.85,19.5,111,49.3,86.6,572.1,27.3,72.3,Rain,68.7,False,None,
URB-13047,LOC-07,Nandankanan Road,20.37,85.825,2026-07-26 11:04:47,152,0.55,24.3,119,51.7,97.6,522.9,28.7,75.3,Fog,55.7,False,None,
URB-13048,LOC-08,Kalarahanga Road,20.38,85.83,2026-07-26 11:13:47,111,0.47,38.8,92,41.9,71.9,479.9,27.2,58.7,Haze,40.5,False,None,
URB-13049,LOC-01,Patia Main Road,20.3533,85.8197,2026-07-26 11:27:47,185,0.71,19.2,148,70.3,126.5,563.7,26.0,51.7,Haze,69.7,False,None,
URB-13050,LOC-02,Jayadev Vihar,20.301,85.8239,2026-07-26 11:51:47,455,0.99,10.2,113,51.9,91.0,615.4,27.4,78.5,Rain,78.9,True,Traffic Bottleneck,Sudden vehicular surge of 455 vehicles/min exceeding corridor capacity.
URB-13051,LOC-03,Saheed Nagar,20.2872,85.8415,2026-07-26 12:02:47,156,0.62,25.5,107,52.7,96.5,526.1,25.1,56.3,Clear,55.8,False,None,
URB-13052,LOC-04,Khandagiri,20.2588,85.7836,2026-07-26 12:14:47,166,0.6,20.6,126,56.0,99.8,562.3,28.5,68.3,Fog,60.8,False,None,
URB-13053,LOC-05,Vani Vihar,20.2974,85.8364,2026-07-26 12:37:47,108,0.49,29.9,68,35.1,70.4,494.7,26.0,58.8,Clear,41.5,False,None,
URB-13054,LOC-06,Bhubaneswar Railway Station,20.2657,85.8436,2026-07-26 12:47:47,212,0.93,16.0,112,54.8,98.8,581.6,28.3,69.9,Heavy Rain,73.8,False,None,
URB-13055,LOC-07,Nandankanan Road,20.37,85.825,2026-07-26 12:57:47,204,0.9,14.7,143,61.8,109.4,582.4,28.3,55.0,Haze,78.7,False,None,
URB-13056,LOC-08,Kalarahanga Road,20.38,85.83,2026-07-26 13:17:47,134,0.52,31.7,110,45.8,83.2,500.3,29.2,67.1,Fog,49.2,False,None,
URB-13057,LOC-01,Patia Main Road,20.3533,85.8197,2026-07-26 13:32:47,184,0.63,21.5,124,53.2,104.3,562.0,30.3,48.9,Haze,61.1,False,None,
URB-13058,LOC-02,Jayadev Vihar,20.301,85.8239,2026-07-26 13:52:47,213,0.96,11.5,162,72.9,133.4,569.4,25.4,61.0,Haze,86.0,False,None,
URB-13059,LOC-03,Saheed Nagar,20.2872,85.8415,2026-07-26 14:04:47,194,0.71,22.4,144,64.4,118.2,561.4,26.8,52.0,Partly Cloudy,67.4,False,None,
URB-13060,LOC-04,Khandagiri,20.2588,85.7836,2026-07-26 14:13:47,153,0.52,23.9,129,56.0,101.9,547.0,28.0,70.9,Fog,56.4,False,None,
URB-13061,LOC-05,Vani Vihar,20.2974,85.8364,2026-07-26 14:32:47,92,0.36,24.7,58,29.5,53.2,460.8,26.8,75.8,Rain,37.2,False,None,
URB-13062,LOC-06,Bhubaneswar Railway Station,20.2657,85.8436,2026-07-26 14:50:47,216,0.93,18.3,165,75.6,132.0,595.8,29.3,51.2,Haze,81.9,False,None,
URB-13063,LOC-07,Nandankanan Road,20.37,85.825,2026-07-26 15:00:47,158,0.65,22.9,110,53.3,104.4,550.8,27.4,52.1,Clear,58.8,False,None,
URB-13064,LOC-08,Kalarahanga Road,20.38,85.83,2026-07-26 15:21:47,217,0.68,33.6,72,33.1,65.6,517.8,27.2,77.5,Rain,39.6,True,Traffic Bottleneck,Sudden vehicular surge of 217 vehicles/min exceeding corridor capacity.
URB-13065,LOC-01,Patia Main Road,20.3533,85.8197,2026-07-26 15:36:47,172,0.77,16.0,132,64.6,121.9,538.2,27.8,51.5,Haze,70.9,False,None,
URB-13066,LOC-02,Jayadev Vihar,20.301,85.8239,2026-07-26 15:49:47,216,0.84,13.5,112,47.4,81.9,602.2,28.5,67.6,Rain,71.5,False,None,
URB-13067,LOC-03,Saheed Nagar,20.2872,85.8415,2026-07-26 16:06:47,176,0.71,15.1,118,54.5,96.9,541.4,24.8,75.7,Heavy Rain,66.5,False,None,
URB-13068,LOC-04,Khandagiri,20.2588,85.7836,2026-07-26 16:14:47,160,0.56,21.5,84,42.4,71.5,542.3,24.9,80.2,Rain,51.4,False,None,
URB-13069,LOC-05,Vani Vihar,20.2974,85.8364,2026-07-26 16:37:47,92,0.4,26.5,75,36.6,72.3,475.7,27.8,76.5,Fog,40.9,False,None,
URB-13070,LOC-06,Bhubaneswar Railway Station,20.2657,85.8436,2026-07-26 16:50:47,240,0.98,19.0,170,74.2,139.5,606.6,26.8,79.7,Fog,84.5,False,None,
URB-13071,LOC-07,Nandankanan Road,20.37,85.825,2026-07-26 17:02:47,213,0.92,17.1,129,59.6,110.3,567.4,24.8,58.9,Clear,75.8,False,None,
URB-13072,LOC-08,Kalarahanga Road,20.38,85.83,2026-07-26 17:22:47,136,0.47,34.1,109,47.1,89.1,505.3,24.9,59.6,Haze,45.8,False,None,
URB-13073,LOC-01,Patia Main Road,20.3533,85.8197,2026-07-26 17:34:47,176,0.68,19.6,133,58.9,102.2,553.8,28.1,52.6,Haze,65.7,False,None,
URB-13074,LOC-02,Jayadev Vihar,20.301,85.8239,2026-07-26 17:45:47,274,0.97,15.3,146,70.1,128.6,642.0,24.0,58.4,Partly Cloudy,81.7,False,None,
URB-13075,LOC-03,Saheed Nagar,20.2872,85.8415,2026-07-26 18:07:47,179,0.64,19.1,177,80.1,151.2,545.2,27.1,74.7,Fog,72.0,False,None,
URB-13076,LOC-04,Khandagiri,20.2588,85.7836,2026-07-26 18:17:47,159,0.71,18.2,119,54.8,95.3,551.5,23.5,74.9,Fog,65.1,False,None,
URB-13077,LOC-05,Vani Vihar,20.2974,85.8364,2026-07-26 18:29:47,109,0.43,24.6,56,30.4,53.9,488.2,24.2,82.5,Rain,39.7,False,None,
URB-13078,LOC-06,Bhubaneswar Railway Station,20.2657,85.8436,2026-07-26 18:49:47,239,0.84,20.2,114,54.5,107.7,602.8,24.8,80.5,Rain,68.4,False,None,
URB-13079,LOC-07,Nandankanan Road,20.37,85.825,2026-07-26 19:05:47,165,0.73,17.4,139,65.6,125.3,540.3,25.3,78.1,Fog,69.8,False,None,
URB-13080,LOC-08,Kalarahanga Road,20.38,85.83,2026-07-26 19:13:47,143,0.54,39.9,86,37.9,69.6,539.4,25.0,57.9,Clear,41.7,False,None,
URB-13081,LOC-01,Patia Main Road,20.3533,85.8197,2026-07-26 19:34:47,222,0.77,20.4,130,56.5,107.7,609.4,26.0,51.1,Clear,68.3,False,None,
URB-13082,LOC-02,Jayadev Vihar,20.301,85.8239,2026-07-26 19:51:47,227,0.86,16.3,118,58.3,104.4,609.7,22.7,65.5,Partly Cloudy,71.9,False,None,
URB-13083,LOC-03,Saheed Nagar,20.2872,85.8415,2026-07-26 20:02:47,117,0.43,21.3,100,44.6,79.5,501.9,20.3,82.6,Heavy Rain,49.1,False,None,
URB-13084,LOC-04,Khandagiri,20.2588,85.7836,2026-07-26 20:12:47,96,0.43,24.3,158,62.4,56.5,490.3,23.8,83.7,Rain,41.6,True,Air Quality Hazard,"Hazardous particulate spike (AQI 158, PM2.5 62.4 µg/m³) detected near Khandagiri."
URB-13085,LOC-05,Vani Vihar,20.2974,85.8364,2026-07-26 20:29:47,86,0.37,26.0,59,26.4,44.9,471.0,21.4,84.6,Rain,37.1,False,None,
URB-13086,LOC-06,Bhubaneswar Railway Station,20.2657,85.8436,2026-07-26 20:50:47,158,0.92,10.6,154,75.3,140.0,527.2,21.6,65.7,Haze,65.2,True,Severe Gridlock,Critical speed drop to 10.6 km/h indicating major arterial blockade.
URB-13087,LOC-07,Nandankanan Road,20.37,85.825,2026-07-26 21:07:47,137,0.59,20.0,86,36.6,62.7,526.1,20.0,81.0,Rain,53.6,False,None,
URB-13088,LOC-08,Kalarahanga Road,20.38,85.83,2026-07-26 21:14:47,98,0.37,43.2,86,39.8,77.1,491.7,18.8,71.4,Haze,33.2,False,None,
URB-13089,LOC-01,Patia Main Road,20.3533,85.8197,2026-07-26 21:33:47,148,0.62,24.2,97,42.4,84.0,537.5,22.5,59.9,Partly Cloudy,54.7,False,None,
URB-13090,LOC-02,Jayadev Vihar,20.301,85.8239,2026-07-26 21:47:47,207,0.92,14.8,145,65.3,113.0,564.7,21.8,77.8,Fog,79.8,False,None,
URB-13091,LOC-03,Saheed Nagar,20.2872,85.8415,2026-07-26 21:59:47,115,0.46,25.0,129,62.2,115.2,490.6,21.0,81.6,Fog,53.5,False,None,
URB-13092,LOC-04,Khandagiri,20.2588,85.7836,2026-07-26 22:19:47,45,0.2,39.4,60,30.9,51.5,433.0,17.2,66.1,Clear,23.8,False,None,
URB-13093,LOC-05,Vani Vihar,20.2974,85.8364,2026-07-26 22:35:47,34,0.13,28.2,43,20.6,45.2,430.6,18.0,86.9,Heavy Rain,23.6,False,None,
URB-13094,LOC-06,Bhubaneswar Railway Station,20.2657,85.8436,2026-07-26 22:45:47,69,0.31,51.3,76,34.9,70.9,444.2,19.5,67.3,Clear,28.2,False,None,
URB-13095,LOC-07,Nandankanan Road,20.37,85.825,2026-07-26 23:00:47,55,0.2,41.4,65,34.9,60.1,436.2,15.5,71.4,Clear,23.7,False,None,
URB-13096,LOC-08,Kalarahanga Road,20.38,85.83,2026-07-26 23:15:47,42,0.16,59.0,56,24.0,39.4,433.4,19.3,68.9,Partly Cloudy,18.7,False,None,
URB-13097,LOC-01,Patia Main Road,20.3533,85.8197,2026-07-26 23:30:47,72,0.31,27.2,66,32.6,59.5,467.0,16.4,86.4,Rain,35.4,False,None,
URB-13098,LOC-02,Jayadev Vihar,20.301,85.8239,2026-07-26 23:48:47,67,0.29,24.0,61,23.5,46.8,446.3,19.4,84.0,Heavy Rain,35.3,False,None,
URB-13099,LOC-03,Saheed Nagar,20.2872,85.8415,2026-07-27 00:03:47,47,0.19,35.7,83,34.1,62.1,450.8,17.5,68.9,Partly Cloudy,29.3,False,None,
URB-13100,LOC-04,Khandagiri,20.2588,85.7836,2026-07-27 00:18:47,39,0.16,31.0,71,34.3,63.4,444.8,18.8,64.8,Haze,28.3,False,None,
URB-13101,LOC-05,Vani Vihar,20.2974,85.8364,2026-07-27 00:32:47,30,0.12,38.0,52,22.2,49.4,434.9,16.2,73.9,Partly Cloudy,19.9,False,None,
URB-13102,LOC-06,Bhubaneswar Railway Station,20.2657,85.8436,2026-07-27 00:52:47,69,0.26,42.0,76,34.5,57.9,472.0,15.4,95.2,Heavy Rain,27.7,False,None,
URB-13103,LOC-07,Nandankanan Road,20.37,85.825,2026-07-27 01:07:47,50,0.18,28.5,55,25.4,52.7,427.8,15.0,90.0,Rain,27.6,False,None,
URB-13104,LOC-08,Kalarahanga Road,20.38,85.83,2026-07-27 01:12:47,38,0.14,50.0,72,34.8,68.9,410.2,14.9,74.2,Haze,20.7,False,None,
URB-13105,LOC-01,Patia Main Road,20.3533,85.8197,2026-07-27 01:33:47,55,0.22,26.0,61,26.0,50.4,433.4,14.7,89.2,Heavy Rain,31.5,False,None,
URB-13106,LOC-02,Jayadev Vihar,20.301,85.8239,2026-07-27 01:46:47,83,0.3,32.8,110,47.3,80.2,484.4,17.2,67.1,Haze,39.9,False,None,
URB-13107,LOC-03,Saheed Nagar,20.2872,85.8415,2026-07-27 02:05:47,61,0.21,34.5,112,47.8,93.7,437.1,16.0,74.6,Haze,35.8,False,None,
URB-13108,LOC-04,Khandagiri,20.2588,85.7836,2026-07-27 02:20:47,40,0.18,38.7,53,20.4,42.8,428.2,15.2,67.7,Clear,22.1,False,None,
URB-13109,LOC-05,Vani Vihar,20.2974,85.8364,2026-07-27 02:29:47,33,0.14,27.7,45,23.8,43.3,428.7,14.7,90.4,Rain,24.6,False,None,
URB-13110,LOC-06,Bhubaneswar Railway Station,20.2657,85.8436,2026-07-27 02:44:47,62,0.24,36.2,64,25.3,54.2,469.7,16.3,90.6,Heavy Rain,27.7,False,None,
URB-13111,LOC-07,Nandankanan Road,20.37,85.825,2026-07-27 03:07:47,57,0.22,36.2,160,70.8,66.7,450.1,16.7,66.5,Partly Cloudy,27.4,True,Air Quality Hazard,"Hazardous particulate spike (AQI 160, PM2.5 70.8 µg/m³) detected near Nandankanan Road."
URB-13112,LOC-08,Kalarahanga Road,20.38,85.83,2026-07-27 03:12:47,66,0.2,45.8,67,26.6,47.7,431.5,17.0,92.8,Fog,19.8,True,Traffic Bottleneck,Sudden vehicular surge of 66 vehicles/min exceeding corridor capacity.
URB-13113,LOC-01,Patia Main Road,20.3533,85.8197,2026-07-27 03:31:47,64,0.26,28.8,81,34.6,64.6,456.0,17.9,64.3,Haze,35.2,False,None,
URB-13114,LOC-02,Jayadev Vihar,20.301,85.8239,2026-07-27 03:51:47,74,0.28,36.0,79,36.4,64.3,469.2,16.5,72.2,Clear,32.0,False,None,
URB-13115,LOC-03,Saheed Nagar,20.2872,85.8415,2026-07-27 03:57:47,57,0.22,38.3,86,38.0,77.4,461.9,17.1,73.5,Partly Cloudy,29.7,False,None,
URB-13116,LOC-04,Khandagiri,20.2588,85.7836,2026-07-27 04:19:47,51,0.21,27.1,49,18.6,32.9,458.7,16.5,87.4,Rain,28.4,False,None,
URB-13117,LOC-05,Vani Vihar,20.2974,85.8364,2026-07-27 04:34:47,26,0.09,28.0,37,14.2,33.2,398.5,16.5,91.2,Rain,21.1,False,None,
URB-13118,LOC-06,Bhubaneswar Railway Station,20.2657,85.8436,2026-07-27 04:50:47,78,0.32,38.6,102,43.3,82.1,453.8,15.5,70.4,Haze,36.4,False,None,
URB-13119,LOC-07,Nandankanan Road,20.37,85.825,2026-07-27 05:04:47,54,0.23,26.8,49,25.5,47.3,446.0,20.0,89.4,Heavy Rain,29.4,False,None,
URB-13120,LOC-08,Kalarahanga Road,20.38,85.83,2026-07-27 05:20:47,38,0.14,62.5,51,21.6,43.0,431.3,16.5,67.7,Clear,17.0,False,None,
URB-13121,LOC-01,Patia Main Road,20.3533,85.8197,2026-07-27 05:35:47,70,0.26,34.7,71,35.4,72.0,463.0,20.1,62.3,Partly Cloudy,30.5,False,None,
URB-13122,LOC-02,Jayadev Vihar,20.301,85.8239,2026-07-27 05:50:47,76,0.29,28.5,95,47.4,81.7,475.6,19.4,69.7,Haze,39.0,False,None,
URB-13123,LOC-03,Saheed Nagar,20.2872,85.8415,2026-07-27 06:06:47,145,0.55,21.8,101,50.0,85.6,516.4,18.9,88.4,Heavy Rain,53.8,False,None,
URB-13124,LOC-04,Khandagiri,20.2588,85.7836,2026-07-27 06:21:47,116,0.45,31.0,91,40.3,74.7,503.5,18.3,70.5,Clear,43.4,False,None,
URB-13125,LOC-05,Vani Vihar,20.2974,85.8364,2026-07-27 06:36:47,63,0.28,26.9,46,25.7,49.4,462.6,17.8,86.7,Heavy Rain,30.8,False,None,
URB-13126,LOC-06,Bhubaneswar Railway Station,20.2657,85.8436,2026-07-27 06:51:47,189,0.76,31.9,136,60.3,112.9,556.8,17.0,71.2,Clear,63.2,False,None,
URB-13127,LOC-07,Nandankanan Road,20.37,85.825,2026-07-27 07:00:47,268,0.98,13.2,135,63.4,121.1,620.4,21.4,64.5,Clear,81.2,False,None,
URB-13128,LOC-08,Kalarahanga Road,20.38,85.83,2026-07-27 07:18:47,191,0.74,26.7,117,49.0,91.3,554.1,20.0,83.1,Fog,61.7,False,None,
URB-13129,LOC-01,Patia Main Road,20.3533,85.8197,2026-07-27 07:35:47,296,0.98,11.1,173,82.2,151.3,647.2,19.6,65.4,Haze,88.9,False,None,
URB-13130,LOC-02,Jayadev Vihar,20.301,85.8239,2026-07-27 07:51:47,314,0.98,14.3,168,74.2,142.9,683.3,20.6,62.8,Clear,86.4,False,None,
URB-13131,LOC-03,Saheed Nagar,20.2872,85.8415,2026-07-27 08:06:47,212,0.86,11.9,113,50.5,92.9,593.6,22.9,81.3,Heavy Rain,73.2,False,None,
URB-13132,LOC-04,Khandagiri,20.2588,85.7836,2026-07-27 08:16:47,216,0.84,17.1,102,50.1,91.7,582.2,22.3,66.3,Partly Cloudy,67.9,False,None,
URB-13133,LOC-05,Vani Vihar,20.2974,85.8364,2026-07-27 08:31:47,146,0.66,16.0,78,31.5,58.4,536.4,19.5,81.3,Rain,57.1,False,None,
URB-13134,LOC-06,Bhubaneswar Railway Station,20.2657,85.8436,2026-07-27 08:44:47,351,0.98,18.6,190,87.6,155.1,707.8,24.3,54.0,Partly Cloudy,88.2,False,None,
URB-13135,LOC-07,Nandankanan Road,20.37,85.825,2026-07-27 08:59:47,292,0.98,15.3,134,59.0,116.1,667.8,21.0,63.0,Partly Cloudy,80.0,False,None,
URB-13136,LOC-08,Kalarahanga Road,20.38,85.83,2026-07-27 09:21:47,192,0.86,21.4,139,66.7,121.2,579.7,24.3,59.5,Haze,73.0,False,None,
URB-13137,LOC-01,Patia Main Road,20.3533,85.8197,2026-07-27 09:32:47,298,0.98,10.2,144,70.5,125.6,676.6,25.2,79.2,Rain,84.3,False,None,
URB-13138,LOC-02,Jayadev Vihar,20.301,85.8239,2026-07-27 09:43:47,396,0.98,15.5,194,91.3,169.7,761.2,21.8,63.8,Clear,90.4,False,None,
URB-13139,LOC-03,Saheed Nagar,20.2872,85.8415,2026-07-27 09:58:47,238,0.98,10.8,194,85.9,164.1,614.6,23.4,84.2,Fog,92.8,False,None,
URB-13140,LOC-04,Khandagiri,20.2588,85.7836,2026-07-27 10:18:47,123,0.44,33.6,81,37.3,77.1,502.1,24.5,58.2,Clear,40.0,False,None,
URB-13141,LOC-05,Vani Vihar,20.2974,85.8364,2026-07-27 10:29:47,98,0.42,23.7,56,25.3,52.5,467.3,24.6,80.5,Heavy Rain,39.8,False,None,
URB-13142,LOC-06,Bhubaneswar Railway Station,20.2657,85.8436,2026-07-27 10:49:47,219,0.9,21.8,132,62.6,114.6,583.9,25.1,58.6,Partly Cloudy,73.2,False,None,
URB-13143,LOC-07,Nandankanan Road,20.37,85.825,2026-07-27 10:59:47,151,0.65,17.0,76,30.9,58.3,548.9,24.5,83.1,Heavy Rain,55.8,False,None,
URB-13144,LOC-08,Kalarahanga Road,20.38,85.83,2026-07-27 11:16:47,108,0.42,35.2,59,29.1,57.6,487.6,26.1,79.8,Heavy Rain,34.5,False,None,
URB-13145,LOC-01,Patia Main Road,20.3533,85.8197,2026-07-27 11:27:47,216,0.76,15.8,103,43.0,76.3,597.5,23.9,82.3,Heavy Rain,65.5,False,None,
URB-13146,LOC-02,Jayadev Vihar,20.301,85.8239,2026-07-27 11:49:47,203,0.72,23.6,120,54.4,107.5,584.6,27.8,55.4,Partly Cloudy,63.0,False,None,
URB-13147,LOC-03,Saheed Nagar,20.2872,85.8415,2026-07-27 11:57:47,153,0.64,17.1,98,45.8,80.8,537.8,27.0,76.4,Rain,59.2,False,None,
URB-13148,LOC-04,Khandagiri,20.2588,85.7836,2026-07-27 12:14:47,158,0.71,19.1,113,56.5,97.2,543.8,26.5,79.1,Fog,63.6,False,None,
URB-13149,LOC-05,Vani Vihar,20.2974,85.8364,2026-07-27 12:30:47,83,0.32,37.1,66,28.7,51.6,484.0,28.5,56.4,Partly Cloudy,30.8,False,None,
URB-13150,LOC-06,Bhubaneswar Railway Station,20.2657,85.8436,2026-07-27 12:48:47,200,0.69,30.3,112,56.0,98.1,584.4,28.0,57.8,Clear,57.1,False,None,
URB-13151,LOC-07,Nandankanan Road,20.37,85.825,2026-07-27 12:57:47,174,0.69,21.0,142,65.8,126.0,543.2,25.3,74.0,Fog,66.9,False,None,
URB-13152,LOC-08,Kalarahanga Road,20.38,85.83,2026-07-27 13:20:47,121,0.44,41.5,95,43.1,73.1,506.4,28.3,76.3,Fog,38.5,False,None,
URB-13153,LOC-01,Patia Main Road,20.3533,85.8197,2026-07-27 13:32:47,192,0.74,18.4,152,68.0,130.4,578.3,28.2,55.3,Haze,72.0,False,None,
URB-13154,LOC-02,Jayadev Vihar,20.301,85.8239,2026-07-27 13:50:47,243,0.89,13.0,126,60.8,109.5,600.6,29.3,68.7,Rain,76.2,False,None,
URB-13155,LOC-03,Saheed Nagar,20.2872,85.8415,2026-07-27 14:07:47,176,0.7,23.8,113,49.6,89.9,537.9,30.2,48.9,Clear,60.9,False,None,
URB-13156,LOC-04,Khandagiri,20.2588,85.7836,2026-07-27 14:18:47,133,0.58,17.8,73,36.3,68.0,521.7,26.8,78.6,Rain,52.1,False,None,
URB-13157,LOC-05,Vani Vihar,20.2974,85.8364,2026-07-27 14:27:47,88,0.37,31.1,63,32.1,61.1,483.0,25.9,56.7,Clear,35.3,False,None,
URB-13158,LOC-06,Bhubaneswar Railway Station,20.2657,85.8436,2026-07-27 14:52:47,195,0.84,21.0,112,53.7,93.5,572.7,29.3,74.7,Rain,67.7,False,None,
URB-13159,LOC-07,Nandankanan Road,20.37,85.825,2026-07-27 15:03:47,156,0.67,20.7,115,53.2,99.7,515.7,25.4,80.4,Fog,61.6,False,None,
URB-13160,LOC-08,Kalarahanga Road,20.38,85.83,2026-07-27 15:17:47,141,0.57,33.5,118,52.5,90.0,512.6,26.3,53.4,Haze,51.7,False,None,
URB-13161,LOC-01,Patia Main Road,20.3533,85.8197,2026-07-27 15:28:47,218,0.75,17.7,158,75.3,137.0,609.2,26.4,60.0,Haze,73.8,False,None,
URB-13162,LOC-02,Jayadev Vihar,20.301,85.8239,2026-07-27 15:51:47,247,0.98,14.9,142,64.1,123.7,637.3,25.8,58.3,Clear,81.6,False,None,
URB-13163,LOC-03,Saheed Nagar,20.2872,85.8415,2026-07-27 15:58:47,192,0.86,19.4,121,51.6,98.5,586.3,29.4,53.7,Partly Cloudy,70.9,False,None,
URB-13164,LOC-04,Khandagiri,20.2588,85.7836,2026-07-27 16:17:47,221,0.8,17.8,146,67.3,128.7,576.0,28.8,69.5,Fog,73.7,False,None,
URB-13165,LOC-05,Vani Vihar,20.2974,85.8364,2026-07-27 16:32:47,122,0.44,23.8,103,44.9,82.3,507.9,24.7,75.2,Fog,48.7,False,None,
URB-13166,LOC-06,Bhubaneswar Railway Station,20.2657,85.8436,2026-07-27 16:52:47,320,0.98,13.6,157,73.0,129.6,679.8,26.5,78.8,Rain,84.9,False,None,
URB-13167,LOC-07,Nandankanan Road,20.37,85.825,2026-07-27 17:06:47,256,0.89,13.7,171,76.9,138.7,625.5,27.1,73.3,Fog,83.7,False,None,
URB-13168,LOC-08,Kalarahanga Road,20.38,85.83,2026-07-27 17:14:47,199,0.81,23.1,127,57.9,101.4,585.9,24.4,54.7,Haze,68.1,False,None,
URB-13169,LOC-01,Patia Main Road,20.3533,85.8197,2026-07-27 17:35:47,292,0.98,9.5,123,59.7,114.1,641.7,24.8,81.5,Heavy Rain,81.0,False,None,
URB-13170,LOC-02,Jayadev Vihar,20.301,85.8239,2026-07-27 17:47:47,342,0.98,10.8,204,97.4,178.1,695.7,26.3,76.3,Fog,93.8,False,None,
URB-13171,LOC-03,Saheed Nagar,20.2872,85.8415,2026-07-27 18:07:47,283,0.98,10.1,126,54.4,99.4,650.9,25.3,81.3,Rain,81.2,False,None,
URB-13172,LOC-04,Khandagiri,20.2588,85.7836,2026-07-27 18:18:47,197,0.76,19.4,143,61.7,112.3,568.9,23.2,79.8,Fog,70.7,False,None,
URB-13173,LOC-05,Vani Vihar,20.2974,85.8364,2026-07-27 18:29:47,135,0.61,17.2,78,40.8,78.0,504.7,26.2,77.7,Heavy Rain,54.4,False,None,
URB-13174,LOC-06,Bhubaneswar Railway Station,20.2657,85.8436,2026-07-27 18:50:47,351,0.98,18.8,245,106.4,199.4,722.2,26.6,58.5,Haze,89.8,False,None,
URB-13175,LOC-07,Nandankanan Road,20.37,85.825,2026-07-27 19:07:47,263,0.98,13.7,143,63.2,115.6,648.3,21.7,61.3,Clear,82.4,False,None,
URB-13176,LOC-08,Kalarahanga Road,20.38,85.83,2026-07-27 19:22:47,171,0.79,31.0,104,44.7,79.0,540.2,22.3,57.3,Partly Cloudy,59.3,False,None,
URB-13177,LOC-01,Patia Main Road,20.3533,85.8197,2026-07-27 19:35:47,339,0.98,11.1,139,63.4,120.3,714.4,24.2,82.6,Heavy Rain,83.0,False,None,
URB-13178,LOC-02,Jayadev Vihar,20.301,85.8239,2026-07-27 19:52:47,310,0.98,13.0,202,92.0,164.3,657.2,25.4,54.9,Haze,92.7,False,None,
URB-13179,LOC-03,Saheed Nagar,20.2872,85.8415,2026-07-27 20:05:47,125,0.54,28.8,115,54.2,95.4,505.4,23.1,63.2,Partly Cloudy,52.3,False,None,
URB-13180,LOC-04,Khandagiri,20.2588,85.7836,2026-07-27 20:16:47,99,0.36,31.8,83,38.3,70.7,488.7,20.2,61.0,Partly Cloudy,38.0,False,None,
URB-13181,LOC-05,Vani Vihar,20.2974,85.8364,2026-07-27 20:34:47,70,0.29,23.5,57,23.5,38.8,477.8,22.8,81.0,Rain,34.8,False,None,
URB-13182,LOC-06,Bhubaneswar Railway Station,20.2657,85.8436,2026-07-27 20:50:47,161,0.55,30.0,100,46.3,86.5,527.5,20.7,87.2,Rain,49.5,False,None,
URB-13183,LOC-07,Nandankanan Road,20.37,85.825,2026-07-27 21:01:47,154,0.53,29.7,100,49.8,96.2,540.3,20.3,68.6,Partly Cloudy,48.9,False,None,
URB-13184,LOC-08,Kalarahanga Road,20.38,85.83,2026-07-27 21:22:47,105,0.4,41.8,98,42.5,80.3,471.7,19.9,87.2,Fog,37.2,False,None,
URB-13185,LOC-01,Patia Main Road,20.3533,85.8197,2026-07-27 21:30:47,164,0.57,29.7,105,49.9,94.5,559.9,19.5,61.6,Partly Cloudy,51.3,False,None,
URB-13186,LOC-02,Jayadev Vihar,20.301,85.8239,2026-07-27 21:46:47,198,0.78,14.6,105,51.1,90.2,579.8,18.3,92.5,Heavy Rain,67.3,False,None,
URB-13187,LOC-03,Saheed Nagar,20.2872,85.8415,2026-07-27 21:58:47,147,0.56,28.6,106,53.4,92.8,538.5,19.6,68.5,Partly Cloudy,51.7,False,None,
URB-13188,LOC-04,Khandagiri,20.2588,85.7836,2026-07-27 22:19:47,42,0.17,43.3,55,26.5,44.8,414.9,19.6,65.2,Partly Cloudy,19.8,False,None,
URB-13189,LOC-05,Vani Vihar,20.2974,85.8364,2026-07-27 22:35:47,29,0.13,33.3,61,29.2,58.2,439.5,21.2,87.0,Fog,24.2,False,None,
URB-13190,LOC-06,Bhubaneswar Railway Station,20.2657,85.8436,2026-07-27 22:52:47,75,0.33,45.2,74,36.7,63.7,464.5,19.7,60.7,Partly Cloudy,28.6,False,None,
URB-13191,LOC-07,Nandankanan Road,20.37,85.825,2026-07-27 23:07:47,59,0.23,26.2,50,24.3,50.1,441.0,16.9,88.1,Heavy Rain,29.9,False,None,
URB-13192,LOC-08,Kalarahanga Road,20.38,85.83,2026-07-27 23:18:47,34,0.14,43.7,46,23.0,41.7,437.8,18.6,82.2,Heavy Rain,16.8,False,None,
URB-13193,LOC-01,Patia Main Road,20.3533,85.8197,2026-07-27 23:29:47,57,0.21,29.6,62,33.5,61.7,462.3,16.7,94.7,Rain,29.4,False,None,
URB-13194,LOC-02,Jayadev Vihar,20.301,85.8239,2026-07-27 23:44:47,70,0.28,32.9,100,42.6,76.7,476.0,17.0,89.1,Fog,37.2,False,None,
URB-13195,LOC-03,Saheed Nagar,20.2872,85.8415,2026-07-28 00:00:47,48,0.22,26.5,73,33.8,59.0,456.0,16.6,91.9,Rain,33.3,False,None,
URB-13196,LOC-04,Khandagiri,20.2588,85.7836,2026-07-28 00:14:47,51,0.22,27.6,44,22.9,45.1,440.2,14.5,94.9,Heavy Rain,27.7,False,None,
URB-13197,LOC-05,Vani Vihar,20.2974,85.8364,2026-07-28 00:31:47,30,0.12,42.3,52,23.5,51.4,429.4,15.2,72.3,Clear,17.8,False,None,
URB-13198,LOC-06,Bhubaneswar Railway Station,20.2657,85.8436,2026-07-28 00:51:47,67,0.25,52.5,81,39.1,72.5,470.8,19.2,67.2,Clear,26.7,False,None,
URB-13199,LOC-07,Nandankanan Road,20.37,85.825,2026-07-28 00:58:47,49,0.22,26.3,54,28.1,56.6,428.3,16.3,90.6,Heavy Rain,30.1,False,None,
URB-13200,LOC-08,Kalarahanga Road,20.38,85.83,2026-07-28 01:17:47,37,0.17,62.0,52,26.7,56.4,423.2,14.4,72.0,Partly Cloudy,18.4,False,None,
URB-13201,LOC-01,Patia Main Road,20.3533,85.8197,2026-07-28 01:32:47,53,0.24,33.5,89,42.6,76.1,452.5,17.0,66.3,Haze,33.4,False,None,
URB-13202,LOC-02,Jayadev Vihar,20.301,85.8239,2026-07-28 01:48:47,86,0.34,25.6,67,33.1,66.4,490.0,14.6,91.9,Rain,37.5,False,None,
URB-13203,LOC-03,Saheed Nagar,20.2872,85.8415,2026-07-28 02:03:47,61,0.22,32.8,104,45.8,80.8,436.9,18.3,67.0,Haze,35.6,False,None,
URB-13204,LOC-04,Khandagiri,20.2588,85.7836,2026-07-28 02:12:47,43,0.18,35.7,62,30.4,52.7,429.4,18.5,84.4,Fog,25.2,False,None,
URB-13205,LOC-05,Vani Vihar,20.2974,85.8364,2026-07-28 02:28:47,29,0.1,39.8,51,26.1,51.7,418.9,15.8,73.7,Clear,18.0,False,None,
URB-13206,LOC-06,Bhubaneswar Railway Station,20.2657,85.8436,2026-07-28 02:50:47,58,0.25,52.2,82,37.7,72.3,461.7,17.3,72.8,Clear,26.9,False,None,
URB-13207,LOC-07,Nandankanan Road,20.37,85.825,2026-07-28 03:00:47,55,0.25,31.4,75,37.2,67.8,449.6,14.5,96.3,Fog,32.4,False,None,
URB-13208,LOC-08,Kalarahanga Road,20.38,85.83,2026-07-28 03:12:47,37,0.15,42.6,47,26.3,48.1,439.1,16.1,95.7,Rain,17.9,False,None,
URB-13209,LOC-01,Patia Main Road,20.3533,85.8197,2026-07-28 03:28:47,59,0.24,29.5,61,25.6,51.5,465.7,13.8,95.9,Rain,30.5,False,None,
URB-13210,LOC-02,Jayadev Vihar,20.301,85.8239,2026-07-28 03:44:47,75,0.27,27.9,71,36.4,64.8,459.3,14.5,90.7,Heavy Rain,34.3,False,None,
URB-13211,LOC-03,Saheed Nagar,20.2872,85.8415,2026-07-28 04:04:47,57,0.24,41.1,82,40.1,72.5,447.4,15.2,73.5,Clear,28.4,False,None,
URB-13212,LOC-04,Khandagiri,20.2588,85.7836,2026-07-28 04:13:47,45,0.21,26.9,47,26.0,52.2,437.8,15.1,89.6,Heavy Rain,28.2,False,None,
URB-13213,LOC-05,Vani Vihar,20.2974,85.8364,2026-07-28 04:34:47,25,0.11,34.9,55,29.4,50.6,397.7,17.6,71.3,Haze,21.6,False,None,
URB-13214,LOC-06,Bhubaneswar Railway Station,20.2657,85.8436,2026-07-28 04:45:47,78,0.32,35.9,66,33.7,64.6,469.7,14.8,95.1,Rain,31.4,False,None,
URB-13215,LOC-07,Nandankanan Road,20.37,85.825,2026-07-28 05:04:47,55,0.23,40.4,60,27.5,46.8,444.5,17.3,70.8,Partly Cloudy,24.5,False,None,
URB-13216,LOC-08,Kalarahanga Road,20.38,85.83,2026-07-28 05:13:47,45,0.16,58.3,49,23.4,41.9,429.6,18.7,67.2,Clear,17.5,False,None,
URB-13217,LOC-01,Patia Main Road,20.3533,85.8197,2026-07-28 05:32:47,70,0.27,33.7,74,35.7,72.6,438.5,17.9,64.2,Clear,31.9,False,None,
URB-13218,LOC-02,Jayadev Vihar,20.301,85.8239,2026-07-28 05:49:47,75,0.34,27.7,106,51.0,101.1,459.9,18.2,87.2,Fog,43.3,False,None,
URB-13219,LOC-03,Saheed Nagar,20.2872,85.8415,2026-07-28 06:03:47,121,0.52,23.1,126,58.4,114.7,492.7,18.0,67.4,Haze,56.3,False,None,
URB-13220,LOC-04,Khandagiri,20.2588,85.7836,2026-07-28 06:19:47,128,0.46,27.5,234,106.7,87.6,527.5,18.7,90.9,Fog,48.6,True,Air Quality Hazard,"Hazardous particulate spike (AQI 234, PM2.5 106.7 µg/m³) detected near Khandagiri."
URB-13221,LOC-05,Vani Vihar,20.2974,85.8364,2026-07-28 06:34:47,66,0.29,25.8,46,22.7,36.0,445.9,18.1,86.1,Rain,31.8,False,None,
URB-13222,LOC-06,Bhubaneswar Railway Station,20.2657,85.8436,2026-07-28 06:42:47,164,0.71,21.3,89,36.8,66.6,541.7,21.0,84.1,Rain,58.3,False,None,
URB-13223,LOC-07,Nandankanan Road,20.37,85.825,2026-07-28 07:04:47,314,0.98,12.8,138,63.7,116.2,678.9,21.7,60.6,Partly Cloudy,82.0,False,None,
URB-13224,LOC-08,Kalarahanga Road,20.38,85.83,2026-07-28 07:15:47,181,0.66,24.9,82,40.4,78.0,559.0,19.7,85.0,Heavy Rain,53.3,False,None,
URB-13225,LOC-01,Patia Main Road,20.3533,85.8197,2026-07-28 07:37:47,299,0.98,10.8,144,68.0,131.4,668.6,19.2,83.8,Rain,84.0,False,None,
URB-13226,LOC-02,Jayadev Vihar,20.301,85.8239,2026-07-28 07:48:47,396,0.98,13.7,187,81.7,144.2,741.4,20.3,62.3,Partly Cloudy,90.1,False,None,
URB-13227,LOC-03,Saheed Nagar,20.2872,85.8415,2026-07-28 08:05:47,248,0.96,11.3,130,60.1,111.0,629.6,24.1,74.7,Heavy Rain,80.5,False,None,
URB-13228,LOC-04,Khandagiri,20.2588,85.7836,2026-07-28 08:19:47,247,0.98,13.1,163,69.6,121.2,602.4,20.4,85.3,Fog,86.2,False,None,
URB-13229,LOC-05,Vani Vihar,20.2974,85.8364,2026-07-28 08:32:47,136,0.48,20.4,74,30.0,52.4,510.3,21.3,78.4,Rain,47.0,False,None,
URB-13230,LOC-06,Bhubaneswar Railway Station,20.2657,85.8436,2026-07-28 08:44:47,311,0.98,15.4,131,64.3,124.4,673.7,24.4,75.3,Rain,79.4,False,None,
URB-13231,LOC-07,Nandankanan Road,20.37,85.825,2026-07-28 09:03:47,246,0.95,11.5,105,52.3,97.9,631.5,22.9,85.1,Rain,75.6,False,None,
URB-13232,LOC-08,Kalarahanga Road,20.38,85.83,2026-07-28 09:21:47,217,0.78,19.9,98,45.7,88.7,598.5,24.0,83.2,Heavy Rain,63.4,False,None,
URB-13233,LOC-01,Patia Main Road,20.3533,85.8197,2026-07-28 09:34:47,320,0.98,12.7,222,98.4,180.9,694.5,26.0,75.7,Fog,92.8,False,None,
URB-13234,LOC-02,Jayadev Vihar,20.301,85.8239,2026-07-28 09:45:47,372,0.98,11.4,227,103.8,189.3,727.3,23.0,75.8,Fog,93.5,False,None,
URB-13235,LOC-03,Saheed Nagar,20.2872,85.8415,2026-07-28 10:02:47,185,0.8,20.5,127,54.6,99.3,553.2,27.5,55.4,Clear,69.0,False,None,
URB-13236,LOC-04,Khandagiri,20.2588,85.7836,2026-07-28 10:12:47,125,0.56,23.8,102,46.4,80.9,515.9,25.9,52.6,Haze,53.4,False,None,
URB-13237,LOC-05,Vani Vihar,20.2974,85.8364,2026-07-28 10:30:47,90,0.34,31.4,66,27.7,53.1,470.0,25.0,53.2,Clear,34.5,False,None,
URB-13238,LOC-06,Bhubaneswar Railway Station,20.2657,85.8436,2026-07-28 10:49:47,197,0.82,28.0,127,59.9,117.6,581.0,25.5,60.2,Partly Cloudy,66.0,False,None,
URB-13239,LOC-07,Nandankanan Road,20.37,85.825,2026-07-28 11:01:47,180,0.77,21.8,112,49.8,94.0,564.6,27.8,51.9,Clear,64.5,False,None,
URB-13240,LOC-08,Kalarahanga Road,20.38,85.83,2026-07-28 11:20:47,139,0.63,32.9,78,33.0,55.1,518.2,27.2,49.4,Partly Cloudy,47.4,False,None,
URB-13241,LOC-01,Patia Main Road,20.3533,85.8197,2026-07-28 11:34:47,172,0.61,23.8,96,48.5,89.6,545.3,25.0,57.0,Partly Cloudy,54.3,False,None,
URB-13242,LOC-02,Jayadev Vihar,20.301,85.8239,2026-07-28 11:47:47,232,0.98,14.3,135,59.9,106.2,590.0,25.2,61.8,Partly Cloudy,80.7,False,None,
URB-13243,LOC-03,Saheed Nagar,20.2872,85.8415,2026-07-28 12:00:47,190,0.74,20.4,121,54.5,97.0,547.4,29.5,49.5,Clear,65.6,False,None,
URB-13244,LOC-04,Khandagiri,20.2588,85.7836,2026-07-28 12:15:47,160,0.69,18.2,80,38.7,65.3,535.9,25.5,77.1,Heavy Rain,57.5,False,None,
URB-13245,LOC-05,Vani Vihar,20.2974,85.8364,2026-07-28 12:34:47,112,0.43,22.0,61,24.5,39.1,507.2,28.4,74.9,Rain,41.9,False,None,
URB-13246,LOC-06,Bhubaneswar Railway Station,20.2657,85.8436,2026-07-28 12:52:47,242,0.96,18.7,168,79.9,150.1,607.0,24.8,53.2,Haze,83.5,False,None,
URB-13247,LOC-07,Nandankanan Road,20.37,85.825,2026-07-28 13:05:47,153,0.64,22.9,116,53.2,102.1,544.9,27.9,69.7,Fog,59.5,False,None,
URB-13248,LOC-08,Kalarahanga Road,20.38,85.83,2026-07-28 13:22:47,104,0.36,46.6,66,30.4,64.0,473.2,29.3,46.9,Partly Cloudy,28.4,False,None,
URB-13249,LOC-01,Patia Main Road,20.3533,85.8197,2026-07-28 13:36:47,176,0.68,23.7,98,46.5,88.1,538.2,29.1,54.6,Partly Cloudy,57.5,False,None,
URB-13250,LOC-02,Jayadev Vihar,20.301,85.8239,2026-07-28 13:43:47,248,0.85,17.4,313,141.8,124.8,624.7,27.1,49.8,Partly Cloudy,76.9,True,Air Quality Hazard,"Hazardous particulate spike (AQI 313, PM2.5 141.8 µg/m³) detected near Jayadev Vihar."
URB-13251,LOC-03,Saheed Nagar,20.2872,85.8415,2026-07-28 13:59:47,167,0.65,22.5,147,70.0,130.4,550.2,25.5,58.3,Haze,65.5,False,None,
URB-13252,LOC-04,Khandagiri,20.2588,85.7836,2026-07-28 14:22:47,158,0.7,17.0,87,39.1,73.8,537.4,25.7,78.2,Rain,59.7,False,None,
URB-13253,LOC-05,Vani Vihar,20.2974,85.8364,2026-07-28 14:34:47,107,0.4,31.3,73,31.1,56.2,491.7,29.2,51.0,Partly Cloudy,38.1,False,None,
URB-13254,LOC-06,Bhubaneswar Railway Station,20.2657,85.8436,2026-07-28 14:46:47,395,0.99,23.4,166,77.7,144.9,613.3,28.6,55.4,Haze,76.0,True,Traffic Bottleneck,Sudden vehicular surge of 395 vehicles/min exceeding corridor capacity.
URB-13255,LOC-07,Nandankanan Road,20.37,85.825,2026-07-28 14:57:47,171,0.7,18.0,95,44.3,86.1,550.9,26.9,79.4,Rain,60.6,False,None,
URB-13256,LOC-08,Kalarahanga Road,20.38,85.83,2026-07-28 15:18:47,129,0.57,25.9,69,32.7,61.4,491.5,28.2,68.8,Heavy Rain,46.9,False,None,
URB-13257,LOC-01,Patia Main Road,20.3533,85.8197,2026-07-28 15:28:47,225,0.98,4.0,108,50.2,88.7,582.1,27.3,73.1,Heavy Rain,78.0,True,Severe Gridlock,Critical speed drop to 4.0 km/h indicating major arterial blockade.
URB-13258,LOC-02,Jayadev Vihar,20.301,85.8239,2026-07-28 15:48:47,205,0.74,16.9,170,76.4,134.8,561.7,27.2,72.5,Fog,75.9,False,None,
URB-13259,LOC-03,Saheed Nagar,20.2872,85.8415,2026-07-28 15:58:47,190,0.7,21.2,120,58.7,112.5,563.7,28.3,52.1,Partly Cloudy,63.4,False,None,
URB-13260,LOC-04,Khandagiri,20.2588,85.7836,2026-07-28 16:21:47,251,0.98,10.5,111,52.3,98.9,638.6,27.1,73.0,Rain,78.4,False,None,
URB-13261,LOC-05,Vani Vihar,20.2974,85.8364,2026-07-28 16:34:47,142,0.52,27.0,84,42.7,74.4,533.1,28.6,48.0,Clear,47.0,False,None,
URB-13262,LOC-06,Bhubaneswar Railway Station,20.2657,85.8436,2026-07-28 16:43:47,358,0.98,14.5,145,62.3,109.9,733.1,26.4,78.9,Rain,82.3,False,None,
URB-13263,LOC-07,Nandankanan Road,20.37,85.825,2026-07-28 17:02:47,285,0.98,11.2,188,84.3,148.0,667.6,25.8,57.3,Haze,91.5,False,None,
URB-13264,LOC-08,Kalarahanga Road,20.38,85.83,2026-07-28 17:21:47,207,0.94,23.6,120,51.4,96.6,583.6,25.0,57.6,Clear,71.8,False,None,
URB-13265,LOC-01,Patia Main Road,20.3533,85.8197,2026-07-28 17:30:47,278,0.98,9.8,128,53.6,103.5,631.8,28.2,75.9,Heavy Rain,81.7,False,None,
URB-13266,LOC-02,Jayadev Vihar,20.301,85.8239,2026-07-28 17:52:47,332,0.98,14.9,152,67.9,121.5,684.6,27.7,52.8,Clear,83.4,False,None,
URB-13267,LOC-03,Saheed Nagar,20.2872,85.8415,2026-07-28 18:02:47,217,0.79,15.4,120,59.4,114.9,587.5,23.3,75.9,Heavy Rain,69.9,False,None,
URB-13268,LOC-04,Khandagiri,20.2588,85.7836,2026-07-28 18:13:47,225,0.86,19.4,130,57.9,104.7,612.3,25.6,59.3,Clear,72.5,False,None,
URB-13269,LOC-05,Vani Vihar,20.2974,85.8364,2026-07-28 18:35:47,122,0.55,24.2,90,37.2,67.8,505.8,23.4,55.0,Haze,50.6,False,None,
URB-13270,LOC-06,Bhubaneswar Railway Station,20.2657,85.8436,2026-07-28 18:42:47,339,0.98,16.3,200,90.7,165.0,701.3,23.0,63.3,Haze,91.1,False,None,
URB-13271,LOC-07,Nandankanan Road,20.37,85.825,2026-07-28 19:03:47,265,0.98,13.9,134,61.4,107.4,625.2,25.5,55.1,Partly Cloudy,80.7,False,None,
URB-13272,LOC-08,Kalarahanga Road,20.38,85.83,2026-07-28 19:16:47,188,0.74,23.5,90,39.2,74.7,574.3,24.0,75.5,Heavy Rain,58.6,False,None,
URB-13273,LOC-01,Patia Main Road,20.3533,85.8197,2026-07-28 19:30:47,303,0.98,10.2,128,58.6,111.1,687.2,25.2,79.7,Heavy Rain,81.5,False,None,
URB-13274,LOC-02,Jayadev Vihar,20.301,85.8239,2026-07-28 19:42:47,334,0.98,11.8,187,80.9,142.5,693.2,23.6,62.2,Haze,91.0,False,None,
URB-13275,LOC-03,Saheed Nagar,20.2872,85.8415,2026-07-28 20:00:47,129,0.53,27.4,110,47.4,81.8,503.2,24.1,59.4,Clear,51.8,False,None,
URB-13276,LOC-04,Khandagiri,20.2588,85.7836,2026-07-28 20:22:47,97,0.33,28.8,91,42.3,84.2,473.5,23.6,56.2,Haze,39.7,False,None,
URB-13277,LOC-05,Vani Vihar,20.2974,85.8364,2026-07-28 20:30:47,74,0.31,32.4,70,30.3,62.8,467.4,21.3,80.0,Fog,33.5,False,None,
URB-13278,LOC-06,Bhubaneswar Railway Station,20.2657,85.8436,2026-07-28 20:51:47,168,0.59,27.4,105,43.5,79.0,536.6,19.9,83.3,Heavy Rain,53.3,False,None,
URB-13279,LOC-07,Nandankanan Road,20.37,85.825,2026-07-28 21:05:47,155,0.57,19.0,80,41.9,73.0,516.9,19.9,89.7,Heavy Rain,52.3,False,None,
URB-13280,LOC-08,Kalarahanga Road,20.38,85.83,2026-07-28 21:19:47,100,0.36,44.9,105,44.7,89.8,503.4,18.5,90.1,Fog,35.3,False,None,
URB-13281,LOC-01,Patia Main Road,20.3533,85.8197,2026-07-28 21:37:47,180,0.78,19.8,107,44.9,88.8,575.2,18.6,62.7,Clear,65.0,False,None,
URB-13282,LOC-02,Jayadev Vihar,20.301,85.8239,2026-07-28 21:51:47,209,0.72,14.9,120,54.8,98.9,587.7,20.6,79.5,Heavy Rain,67.3,False,None,
URB-13283,LOC-03,Saheed Nagar,20.2872,85.8415,2026-07-28 22:03:47,51,0.23,29.2,101,50.7,96.4,442.2,18.6,83.0,Fog,37.3,False,None,
URB-13284,LOC-04,Khandagiri,20.2588,85.7836,2026-07-28 22:16:47,45,0.17,43.5,62,31.4,60.2,417.7,19.9,64.7,Clear,20.9,False,None,
URB-13285,LOC-05,Vani Vihar,20.2974,85.8364,2026-07-28 22:27:47,34,0.12,37.9,55,28.7,53.9,419.3,20.5,85.9,Fog,20.5,False,None,
URB-13286,LOC-06,Bhubaneswar Railway Station,20.2657,85.8436,2026-07-28 22:52:47,67,0.27,36.6,74,35.5,59.8,461.4,19.6,87.8,Rain,30.4,False,None,
URB-13287,LOC-07,Nandankanan Road,20.37,85.825,2026-07-28 23:00:47,49,0.19,31.0,77,37.4,64.9,442.9,19.4,82.6,Fog,30.6,False,None,
URB-13288,LOC-08,Kalarahanga Road,20.38,85.83,2026-07-28 23:16:47,34,0.14,62.8,48,25.3,46.1,415.6,18.7,70.4,Clear,16.5,False,None,
URB-13289,LOC-01,Patia Main Road,20.3533,85.8197,2026-07-28 23:28:47,65,0.28,29.9,96,47.5,89.1,444.2,18.0,83.6,Fog,38.0,False,None,
URB-13290,LOC-02,Jayadev Vihar,20.301,85.8239,2026-07-28 23:46:47,68,0.26,27.0,73,35.3,68.3,457.1,17.6,87.1,Heavy Rain,34.7,False,None,
URB-13291,LOC-03,Saheed Nagar,20.2872,85.8415,2026-07-29 00:02:47,49,0.2,29.9,92,43.2,83.7,454.1,16.8,89.4,Fog,34.2,False,None,
URB-13292,LOC-04,Khandagiri,20.2588,85.7836,2026-07-29 00:14:47,48,0.17,37.5,55,22.8,37.7,432.7,17.2,69.2,Clear,22.7,False,None,
URB-13293,LOC-05,Vani Vihar,20.2974,85.8364,2026-07-29 00:37:47,31,0.12,27.4,40,16.0,37.6,406.2,16.3,86.5,Heavy Rain,23.1,False,None,
URB-13294,LOC-06,Bhubaneswar Railway Station,20.2657,85.8436,2026-07-29 00:44:47,76,0.3,56.3,78,41.0,79.9,475.8,16.2,72.6,Clear,28.1,False,None,
URB-13295,LOC-07,Nandankanan Road,20.37,85.825,2026-07-29 01:03:47,64,0.24,24.9,50,19.6,31.2,436.4,14.0,94.5,Heavy Rain,30.9,False,None,
URB-13296,LOC-08,Kalarahanga Road,20.38,85.83,2026-07-29 01:19:47,70,0.23,55.6,49,24.7,48.0,447.8,15.0,70.8,Clear,17.5,True,Traffic Bottleneck,Sudden vehicular surge of 70 vehicles/min exceeding corridor capacity.
URB-13297,LOC-01,Patia Main Road,20.3533,85.8197,2026-07-29 01:36:47,53,0.23,33.7,79,35.1,70.2,436.0,17.6,71.6,Haze,31.2,False,None,
URB-13298,LOC-02,Jayadev Vihar,20.301,85.8239,2026-07-29 01:47:47,71,0.28,30.3,107,45.7,80.0,453.4,15.0,89.9,Fog,39.8,False,None,
URB-13299,LOC-03,Saheed Nagar,20.2872,85.8415,2026-07-29 02:05:47,53,0.19,27.5,72,38.1,69.1,435.8,15.6,88.3,Heavy Rain,31.4,False,None,
URB-13300,LOC-04,Khandagiri,20.2588,85.7836,2026-07-29 02:19:47,39,0.15,26.4,42,19.9,41.1,428.9,16.0,87.9,Rain,25.1,False,None,
URB-13301,LOC-05,Vani Vihar,20.2974,85.8364,2026-07-29 02:34:47,33,0.14,32.2,67,32.4,67.0,444.1,15.1,72.0,Haze,26.2,False,None,
URB-13302,LOC-06,Bhubaneswar Railway Station,20.2657,85.8436,2026-07-29 02:51:47,59,0.26,45.7,105,44.4,75.9,438.1,15.9,67.2,Haze,31.3,False,None,
URB-13303,LOC-07,Nandankanan Road,20.37,85.825,2026-07-29 03:01:47,50,0.21,38.4,61,24.2,48.7,459.8,18.1,72.5,Clear,24.9,False,None,
URB-13304,LOC-08,Kalarahanga Road,20.38,85.83,2026-07-29 03:13:47,39,0.17,50.8,64,30.8,55.1,413.8,18.2,62.7,Haze,20.5,False,None,
URB-13305,LOC-01,Patia Main Road,20.3533,85.8197,2026-07-29 03:37:47,65,0.26,39.1,79,32.5,60.9,441.2,13.7,70.7,Clear,29.7,False,None,
URB-13306,LOC-02,Jayadev Vihar,20.301,85.8239,2026-07-29 03:43:47,63,0.22,28.2,59,24.8,41.0,433.2,14.2,90.0,Heavy Rain,30.0,False,None,
URB-13307,LOC-03,Saheed Nagar,20.2872,85.8415,2026-07-29 04:07:47,46,0.17,36.6,114,51.5,87.9,455.0,16.7,68.8,Haze,33.5,False,None,
URB-13308,LOC-04,Khandagiri,20.2588,85.7836,2026-07-29 04:13:47,51,0.21,34.2,77,37.7,76.0,433.6,18.6,69.9,Haze,29.8,False,None,
URB-13309,LOC-05,Vani Vihar,20.2974,85.8364,2026-07-29 04:29:47,26,0.1,28.8,39,23.4,38.2,409.2,17.7,86.5,Rain,21.4,False,None,
URB-13310,LOC-06,Bhubaneswar Railway Station,20.2657,85.8436,2026-07-29 04:49:47,76,0.32,39.5,64,34.3,57.7,449.2,18.9,86.9,Rain,29.2,False,None,
URB-13311,LOC-07,Nandankanan Road,20.37,85.825,2026-07-29 05:01:47,62,0.27,35.9,69,36.5,72.8,451.2,17.3,66.3,Partly Cloudy,29.9,False,None,
URB-13312,LOC-08,Kalarahanga Road,20.38,85.83,2026-07-29 05:17:47,34,0.13,52.1,64,29.0,52.1,421.2,16.0,94.5,Fog,18.9,False,None,
URB-13313,LOC-01,Patia Main Road,20.3533,85.8197,2026-07-29 05:30:47,74,0.32,33.3,72,36.6,62.4,473.3,15.3,67.4,Clear,33.8,False,None,
URB-13314,LOC-02,Jayadev Vihar,20.301,85.8239,2026-07-29 05:45:47,87,0.39,21.7,74,37.2,71.5,462.3,18.6,88.5,Heavy Rain,42.7,False,None,
URB-13315,LOC-03,Saheed Nagar,20.2872,85.8415,2026-07-29 05:57:47,54,0.24,24.5,75,34.3,62.4,442.9,17.4,92.3,Heavy Rain,35.5,False,None,
URB-13316,LOC-04,Khandagiri,20.2588,85.7836,2026-07-29 06:20:47,131,0.49,30.7,82,36.0,67.3,505.8,20.8,61.6,Partly Cloudy,43.6,False,None,
URB-13317,LOC-05,Vani Vihar,20.2974,85.8364,2026-07-29 06:30:47,86,0.38,25.5,49,24.7,47.0,471.2,18.7,88.0,Rain,36.0,False,None,
URB-13318,LOC-06,Bhubaneswar Railway Station,20.2657,85.8436,2026-07-29 06:47:47,141,0.62,38.3,94,43.9,81.1,533.8,18.1,65.4,Partly Cloudy,47.1,False,None,
URB-13319,LOC-07,Nandankanan Road,20.37,85.825,2026-07-29 06:58:47,131,0.51,25.0,107,49.8,89.6,510.8,19.7,87.8,Fog,51.6,False,None,
URB-13320,LOC-08,Kalarahanga Road,20.38,85.83,2026-07-29 07:17:47,192,0.76,30.8,97,43.6,74.2,567.9,20.6,63.6,Clear,57.0,False,None,
URB-13321,LOC-01,Patia Main Road,20.3533,85.8197,2026-07-29 07:36:47,318,0.98,11.0,217,94.0,174.5,698.8,18.4,88.4,Fog,93.7,False,None,
URB-13322,LOC-02,Jayadev Vihar,20.301,85.8239,2026-07-29 07:52:47,316,0.98,10.5,155,73.2,127.6,695.1,18.1,92.6,Heavy Rain,86.1,False,None,
URB-13323,LOC-03,Saheed Nagar,20.2872,85.8415,2026-07-29 08:00:47,276,0.98,14.6,146,67.2,127.6,628.1,24.2,57.0,Clear,82.5,False,None,
URB-13324,LOC-04,Khandagiri,20.2588,85.7836,2026-07-29 08:15:47,254,0.92,15.7,135,58.9,113.8,623.5,21.2,66.4,Partly Cloudy,77.6,False,None,
URB-13325,LOC-05,Vani Vihar,20.2974,85.8364,2026-07-29 08:33:47,140,0.59,27.5,91,41.9,81.0,539.3,20.8,60.7,Clear,50.8,False,None,
URB-13326,LOC-06,Bhubaneswar Railway Station,20.2657,85.8436,2026-07-29 08:45:47,337,0.98,14.7,161,75.7,131.4,688.5,24.0,75.0,Rain,85.0,False,None,
URB-13327,LOC-07,Nandankanan Road,20.37,85.825,2026-07-29 08:57:47,279,0.98,9.7,124,54.7,98.6,640.9,22.0,77.7,Heavy Rain,81.1,False,None,
URB-13328,LOC-08,Kalarahanga Road,20.38,85.83,2026-07-29 09:22:47,217,0.77,23.6,101,50.5,98.9,602.0,22.2,85.4,Rain,61.7,False,None,
URB-13329,LOC-01,Patia Main Road,20.3533,85.8197,2026-07-29 09:32:47,340,0.98,12.0,203,94.1,167.1,705.3,25.9,57.2,Haze,93.2,False,None,
URB-13330,LOC-02,Jayadev Vihar,20.301,85.8239,2026-07-29 09:51:47,349,0.98,10.6,132,61.2,106.4,693.1,25.9,79.0,Rain,82.0,False,None,
URB-13331,LOC-03,Saheed Nagar,20.2872,85.8415,2026-07-29 09:58:47,287,0.98,12.4,198,92.7,162.5,635.3,21.2,61.5,Haze,92.6,False,None,
URB-13332,LOC-04,Khandagiri,20.2588,85.7836,2026-07-29 10:18:47,135,0.54,25.1,102,50.1,87.1,508.0,26.2,71.7,Fog,51.9,False,None,
URB-13333,LOC-05,Vani Vihar,20.2974,85.8364,2026-07-29 10:29:47,97,0.42,31.9,62,31.6,63.3,475.2,26.0,59.1,Clear,36.7,False,None,
URB-13334,LOC-06,Bhubaneswar Railway Station,20.2657,85.8436,2026-07-29 10:45:47,238,0.84,22.7,173,79.0,144.4,628.6,27.4,74.5,Fog,77.5,False,None,
URB-13335,LOC-07,Nandankanan Road,20.37,85.825,2026-07-29 11:00:47,175,0.79,20.3,106,51.8,91.4,538.1,27.0,54.7,Clear,65.0,False,None,
URB-13336,LOC-08,Kalarahanga Road,20.38,85.83,2026-07-29 11:13:47,112,0.51,38.0,104,50.8,94.5,487.9,27.3,74.5,Fog,44.6,False,None,
URB-13337,LOC-01,Patia Main Road,20.3533,85.8197,2026-07-29 11:37:47,236,0.93,11.9,103,43.0,76.2,596.7,24.4,75.6,Rain,74.3,False,None,
URB-13338,LOC-02,Jayadev Vihar,20.301,85.8239,2026-07-29 11:44:47,264,0.98,9.2,118,51.4,92.9,646.9,28.2,67.9,Rain,80.2,False,None,
URB-13339,LOC-03,Saheed Nagar,20.2872,85.8415,2026-07-29 12:05:47,147,0.54,22.7,129,59.6,105.0,536.2,28.0,75.8,Fog,57.8,False,None,
URB-13340,LOC-04,Khandagiri,20.2588,85.7836,2026-07-29 12:15:47,171,0.59,24.4,129,59.6,104.8,558.1,27.4,73.8,Fog,59.0,False,None,
URB-13341,LOC-05,Vani Vihar,20.2974,85.8364,2026-07-29 12:34:47,159,0.52,31.4,91,46.4,81.8,473.9,26.2,53.9,Haze,39.6,True,Traffic Bottleneck,Sudden vehicular surge of 159 vehicles/min exceeding corridor capacity.
URB-13342,LOC-06,Bhubaneswar Railway Station,20.2657,85.8436,2026-07-29 12:48:47,208,0.93,14.9,121,51.4,96.1,597.8,28.2,69.8,Heavy Rain,75.9,False,None,
URB-13343,LOC-07,Nandankanan Road,20.37,85.825,2026-07-29 13:03:47,155,0.55,25.7,113,48.9,84.7,527.8,29.0,46.8,Haze,53.9,False,None,
URB-13344,LOC-08,Kalarahanga Road,20.38,85.83,2026-07-29 13:22:47,112,0.45,40.8,79,38.1,64.0,494.5,29.2,48.3,Clear,36.4,False,None,
URB-13345,LOC-01,Patia Main Road,20.3533,85.8197,2026-07-29 13:35:47,177,0.61,19.8,138,66.2,120.0,573.7,27.2,70.5,Fog,63.6,False,None,
URB-13346,LOC-02,Jayadev Vihar,20.301,85.8239,2026-07-29 13:49:47,220,0.83,16.2,174,77.5,146.0,610.3,26.5,53.9,Haze,80.5,False,None,
URB-13347,LOC-03,Saheed Nagar,20.2872,85.8415,2026-07-29 13:59:47,178,0.61,22.9,162,70.1,121.5,544.0,29.3,75.5,Fog,66.3,False,None,
URB-13348,LOC-04,Khandagiri,20.2588,85.7836,2026-07-29 14:14:47,274,0.94,20.7,112,53.4,101.6,548.8,30.3,44.8,Haze,60.2,True,Traffic Bottleneck,Sudden vehicular surge of 274 vehicles/min exceeding corridor capacity.
URB-13349,LOC-05,Vani Vihar,20.2974,85.8364,2026-07-29 14:36:47,104,0.45,28.0,85,37.5,67.4,490.2,29.5,75.1,Fog,43.9,False,None,
URB-13350,LOC-06,Bhubaneswar Railway Station,20.2657,85.8436,2026-07-29 14:50:47,237,0.93,21.8,153,71.2,136.7,595.7,30.3,47.2,Clear,78.1,False,None,
URB-13351,LOC-07,Nandankanan Road,20.37,85.825,2026-07-29 15:02:47,190,0.74,19.5,123,55.3,102.0,557.2,28.1,49.6,Haze,66.4,False,None,
URB-13352,LOC-08,Kalarahanga Road,20.38,85.83,2026-07-29 15:21:47,113,0.51,32.1,93,38.2,74.8,485.7,26.6,56.4,Haze,45.6,False,None,
URB-13353,LOC-01,Patia Main Road,20.3533,85.8197,2026-07-29 15:33:47,201,0.98,6.1,142,62.5,122.1,587.2,26.7,54.3,Haze,73.9,True,Severe Gridlock,Critical speed drop to 6.1 km/h indicating major arterial blockade.
URB-13354,LOC-02,Jayadev Vihar,20.301,85.8239,2026-07-29 15:42:47,220,0.86,19.2,120,57.3,106.2,583.1,27.6,53.9,Clear,70.8,False,None,
URB-13355,LOC-03,Saheed Nagar,20.2872,85.8415,2026-07-29 15:59:47,163,0.61,20.0,101,44.6,81.6,544.9,26.0,73.8,Rain,57.1,False,None,
URB-13356,LOC-04,Khandagiri,20.2588,85.7836,2026-07-29 16:15:47,185,0.73,18.1,136,58.3,112.2,544.7,29.6,66.7,Fog,69.0,False,None,
URB-13357,LOC-05,Vani Vihar,20.2974,85.8364,2026-07-29 16:37:47,137,0.56,21.5,95,48.2,88.3,520.9,27.7,51.5,Haze,53.3,False,None,
URB-13358,LOC-06,Bhubaneswar Railway Station,20.2657,85.8436,2026-07-29 16:43:47,294,0.98,15.2,150,70.1,134.4,658.8,28.7,75.5,Heavy Rain,82.8,False,None,
URB-13359,LOC-07,Nandankanan Road,20.37,85.825,2026-07-29 16:58:47,228,0.98,11.4,152,69.1,121.8,613.1,28.2,48.9,Haze,85.1,False,None,
URB-13360,LOC-08,Kalarahanga Road,20.38,85.83,2026-07-29 17:18:47,180,0.67,33.1,112,51.5,101.2,552.2,25.8,55.0,Clear,54.9,False,None,
URB-13361,LOC-01,Patia Main Road,20.3533,85.8197,2026-07-29 17:37:47,261,0.98,9.6,128,61.6,118.8,630.2,27.6,77.3,Rain,81.8,False,None,
URB-13362,LOC-02,Jayadev Vihar,20.301,85.8239,2026-07-29 17:46:47,377,0.98,12.0,234,108.8,195.7,742.8,27.8,49.9,Haze,93.2,False,None,
URB-13363,LOC-03,Saheed Nagar,20.2872,85.8415,2026-07-29 18:01:47,294,0.98,10.3,135,60.1,114.6,651.8,26.9,75.4,Rain,82.7,False,None,
URB-13364,LOC-04,Khandagiri,20.2588,85.7836,2026-07-29 18:18:47,248,0.98,13.2,127,58.8,110.5,628.2,25.3,60.5,Partly Cloudy,79.8,False,None,
URB-13365,LOC-05,Vani Vihar,20.2974,85.8364,2026-07-29 18:30:47,138,0.57,20.7,78,35.6,59.8,515.9,23.8,80.0,Heavy Rain,51.1,False,None,
URB-13366,LOC-06,Bhubaneswar Railway Station,20.2657,85.8436,2026-07-29 18:44:47,278,0.98,14.8,128,58.0,111.5,630.1,23.1,80.7,Rain,79.2,False,None,
URB-13367,LOC-07,Nandankanan Road,20.37,85.825,2026-07-29 19:03:47,288,0.98,13.1,134,59.7,112.3,641.8,22.9,59.5,Clear,81.1,False,None,
URB-13368,LOC-08,Kalarahanga Road,20.38,85.83,2026-07-29 19:13:47,181,0.96,8.4,92,41.9,79.0,571.8,23.7,78.0,Heavy Rain,58.7,True,Severe Gridlock,Critical speed drop to 8.4 km/h indicating major arterial blockade.
URB-13369,LOC-01,Patia Main Road,20.3533,85.8197,2026-07-29 19:37:47,328,0.98,11.0,138,64.7,124.3,693.8,24.4,83.2,Heavy Rain,82.8,False,None,
URB-13370,LOC-02,Jayadev Vihar,20.301,85.8239,2026-07-29 19:49:47,405,0.98,9.7,181,78.0,149.9,753.7,23.3,83.5,Heavy Rain,91.0,False,None,
URB-13371,LOC-03,Saheed Nagar,20.2872,85.8415,2026-07-29 19:57:47,217,0.83,15.3,181,83.7,153.7,595.0,21.2,66.5,Haze,82.2,False,None,
URB-13372,LOC-04,Khandagiri,20.2588,85.7836,2026-07-29 20:17:47,108,0.5,27.6,79,35.1,69.2,482.5,24.0,63.3,Partly Cloudy,45.0,False,None,
URB-13373,LOC-05,Vani Vihar,20.2974,85.8364,2026-07-29 20:37:47,71,0.31,26.7,48,19.4,40.5,455.3,20.7,82.3,Heavy Rain,32.5,False,None,
URB-13374,LOC-06,Bhubaneswar Railway Station,20.2657,85.8436,2026-07-29 20:42:47,188,0.85,23.6,152,69.7,131.1,571.6,20.3,88.8,Fog,73.8,False,None,
URB-13375,LOC-07,Nandankanan Road,20.37,85.825,2026-07-29 21:04:47,142,0.6,20.2,88,44.0,87.2,522.7,22.7,81.5,Heavy Rain,54.3,False,None,
URB-13376,LOC-08,Kalarahanga Road,20.38,85.83,2026-07-29 21:22:47,106,0.36,34.4,66,33.5,61.8,487.3,21.0,78.8,Heavy Rain,33.8,False,None,
URB-13377,LOC-01,Patia Main Road,20.3533,85.8197,2026-07-29 21:31:47,139,0.62,22.1,118,49.7,91.7,533.1,22.9,77.6,Fog,59.4,False,None,
URB-13378,LOC-02,Jayadev Vihar,20.301,85.8239,2026-07-29 21:43:47,173,0.69,18.0,96,43.4,77.4,549.4,20.6,80.5,Heavy Rain,60.4,False,None,
URB-13379,LOC-03,Saheed Nagar,20.2872,85.8415,2026-07-29 22:06:47,51,0.23,37.2,89,39.5,68.7,434.2,20.8,65.7,Clear,66.2,True,Multi-Vector Urban Risk,Combined extreme congestion (23%) and high particulate pollution.
URB-13380,LOC-04,Khandagiri,20.2588,85.7836,2026-07-29 22:21:47,44,0.18,39.6,56,21.7,41.9,433.8,19.0,63.6,Clear,22.2,False,None,
URB-13381,LOC-05,Vani Vihar,20.2974,85.8364,2026-07-29 22:31:47,31,0.11,38.5,58,30.7,52.9,422.1,17.7,71.8,Haze,20.3,False,None,
URB-13382,LOC-06,Bhubaneswar Railway Station,20.2657,85.8436,2026-07-29 22:51:47,58,0.2,41.8,68,27.8,55.5,454.1,19.7,89.5,Rain,24.0,False,None,
URB-13383,LOC-07,Nandankanan Road,20.37,85.825,2026-07-29 23:01:47,65,0.22,25.0,56,22.1,41.3,437.8,16.0,90.6,Heavy Rain,31.1,False,None,
URB-13384,LOC-08,Kalarahanga Road,20.38,85.83,2026-07-29 23:17:47,45,0.19,51.0,57,22.2,40.5,423.0,16.4,73.5,Clear,20.1,False,None,
URB-13385,LOC-01,Patia Main Road,20.3533,85.8197,2026-07-29 23:33:47,63,0.26,29.1,90,38.6,71.7,454.7,19.9,68.4,Haze,36.6,False,None,
URB-13386,LOC-02,Jayadev Vihar,20.301,85.8239,2026-07-29 23:52:47,85,0.32,27.7,103,45.4,85.0,471.5,17.2,68.9,Haze,42.0,False,None,
URB-13387,LOC-03,Saheed Nagar,20.2872,85.8415,2026-07-29 23:57:47,49,0.21,34.1,111,55.9,104.3,454.1,17.6,65.0,Haze,35.8,False,None,
URB-13388,LOC-04,Khandagiri,20.2588,85.7836,2026-07-30 00:18:47,44,0.2,37.4,51,27.6,54.5,422.5,16.4,71.6,Partly Cloudy,23.2,False,None,
URB-13389,LOC-05,Vani Vihar,20.2974,85.8364,2026-07-30 00:35:47,32,0.11,45.3,52,26.7,56.3,432.5,18.1,67.7,Partly Cloudy,16.0,False,None,
URB-13390,LOC-06,Bhubaneswar Railway Station,20.2657,85.8436,2026-07-30 00:46:47,58,0.21,47.4,91,44.8,81.4,444.6,15.1,92.2,Fog,26.8,False,None,
URB-13391,LOC-07,Nandankanan Road,20.37,85.825,2026-07-30 00:57:47,47,0.18,30.4,57,25.5,43.6,448.7,17.3,92.7,Rain,27.0,False,None,
URB-13392,LOC-08,Kalarahanga Road,20.38,85.83,2026-07-30 01:13:47,36,0.13,51.9,57,30.6,57.0,409.4,13.8,69.5,Haze,17.7,False,None,
URB-13393,LOC-01,Patia Main Road,20.3533,85.8197,2026-07-30 01:28:47,66,0.29,34.1,67,29.8,56.6,461.9,16.0,75.9,Partly Cloudy,31.3,False,None,
URB-13394,LOC-02,Jayadev Vihar,20.301,85.8239,2026-07-30 01:51:47,68,0.26,24.0,68,26.9,45.1,459.5,15.6,95.6,Heavy Rain,35.3,False,None,
URB-13395,LOC-03,Saheed Nagar,20.2872,85.8415,2026-07-30 02:01:47,51,0.23,29.7,62,30.9,51.6,424.6,14.6,88.7,Rain,30.2,False,None,
URB-13396,LOC-04,Khandagiri,20.2588,85.7836,2026-07-30 02:19:47,47,0.17,31.1,54,20.4,45.9,431.7,18.3,90.6,Rain,25.7,False,None,
URB-13397,LOC-05,Vani Vihar,20.2974,85.8364,2026-07-30 02:34:47,30,0.11,42.3,51,19.0,39.1,434.5,16.8,65.6,Partly Cloudy,17.2,False,None,
URB-13398,LOC-06,Bhubaneswar Railway Station,20.2657,85.8436,2026-07-30 02:51:47,115,0.33,57.8,74,36.6,74.3,456.5,17.8,72.5,Partly Cloudy,24.6,True,Traffic Bottleneck,Sudden vehicular surge of 115 vehicles/min exceeding corridor capacity.
URB-13399,LOC-07,Nandankanan Road,20.37,85.825,2026-07-30 03:03:47,51,0.2,36.9,56,27.7,57.7,448.6,15.8,70.3,Clear,24.4,False,None,
URB-13400,LOC-08,Kalarahanga Road,20.38,85.83,2026-07-30 03:16:47,37,0.16,61.6,55,21.1,44.8,441.4,14.1,77.2,Partly Cloudy,18.5,False,None,
URB-13401,LOC-01,Patia Main Road,20.3533,85.8197,2026-07-30 03:32:47,55,0.21,36.4,69,36.2,74.6,427.3,14.3,78.0,Clear,27.3,False,None,
URB-13402,LOC-02,Jayadev Vihar,20.301,85.8239,2026-07-30 03:48:47,83,0.3,34.9,78,40.4,79.1,480.9,17.7,70.5,Clear,33.2,False,None,
URB-13403,LOC-03,Saheed Nagar,20.2872,85.8415,2026-07-30 04:06:47,52,0.23,25.9,68,30.1,61.7,441.9,18.8,85.6,Heavy Rain,33.2,False,None,
URB-13404,LOC-04,Khandagiri,20.2588,85.7836,2026-07-30 04:16:47,52,0.22,26.8,50,19.6,41.2,456.9,17.6,90.5,Heavy Rain,29.1,False,None,
URB-13405,LOC-05,Vani Vihar,20.2974,85.8364,2026-07-30 04:31:47,32,0.11,43.8,50,19.5,30.9,408.2,14.9,73.3,Clear,16.2,False,None,
URB-13406,LOC-06,Bhubaneswar Railway Station,20.2657,85.8436,2026-07-30 04:42:47,69,0.29,55.6,79,38.9,70.7,451.3,16.8,70.4,Clear,27.9,False,None,
URB-13407,LOC-07,Nandankanan Road,20.37,85.825,2026-07-30 04:57:47,52,0.19,30.4,59,25.2,42.5,458.0,15.7,87.8,Rain,27.7,False,None,
URB-13408,LOC-08,Kalarahanga Road,20.38,85.83,2026-07-30 05:22:47,39,0.14,56.8,51,24.1,44.6,411.8,16.9,65.9,Clear,17.0,False,None,
URB-13409,LOC-01,Patia Main Road,20.3533,85.8197,2026-07-30 05:29:47,64,0.29,28.1,59,28.2,53.3,450.4,16.7,87.5,Heavy Rain,32.9,False,None,
URB-13410,LOC-02,Jayadev Vihar,20.301,85.8239,2026-07-30 05:42:47,87,0.36,22.2,78,33.3,60.3,479.4,15.5,92.1,Heavy Rain,42.0,False,None,
URB-13411,LOC-03,Saheed Nagar,20.2872,85.8415,2026-07-30 06:07:47,134,0.56,27.2,105,51.9,100.2,512.0,17.0,65.0,Partly Cloudy,52.2,False,None,
URB-13412,LOC-04,Khandagiri,20.2588,85.7836,2026-07-30 06:12:47,110,0.38,25.4,71,36.8,61.3,492.3,20.3,80.7,Heavy Rain,39.9,False,None,
URB-13413,LOC-05,Vani Vihar,20.2974,85.8364,2026-07-30 06:34:47,67,0.27,34.0,72,33.2,66.7,449.8,18.7,87.2,Fog,31.4,False,None,
URB-13414,LOC-06,Bhubaneswar Railway Station,20.2657,85.8436,2026-07-30 06:49:47,176,0.73,29.6,121,51.6,91.0,566.5,19.3,63.4,Partly Cloudy,60.6,False,None,
URB-13415,LOC-07,Nandankanan Road,20.37,85.825,2026-07-30 07:06:47,234,0.84,20.2,115,57.3,105.1,615.4,21.1,63.7,Partly Cloudy,68.6,False,None,
URB-13416,LOC-08,Kalarahanga Road,20.38,85.83,2026-07-30 07:12:47,197,0.69,29.6,143,67.2,125.4,554.1,20.9,86.7,Fog,62.8,False,None,
URB-13417,LOC-01,Patia Main Road,20.3533,85.8197,2026-07-30 07:36:47,340,0.98,12.1,220,103.0,181.3,684.6,21.3,59.7,Haze,93.2,False,None,
URB-13418,LOC-02,Jayadev Vihar,20.301,85.8239,2026-07-30 07:43:47,296,0.98,10.9,174,78.3,145.7,655.7,22.1,57.2,Haze,89.2,False,None,
URB-13419,LOC-03,Saheed Nagar,20.2872,85.8415,2026-07-30 08:07:47,272,0.98,9.6,147,63.2,110.6,634.7,21.2,81.7,Heavy Rain,85.1,False,None,
URB-13420,LOC-04,Khandagiri,20.2588,85.7836,2026-07-30 08:18:47,215,0.84,20.3,125,61.5,116.9,584.7,23.5,58.2,Clear,70.3,False,None,
URB-13421,LOC-05,Vani Vihar,20.2974,85.8364,2026-07-30 08:27:47,157,0.58,28.7,81,33.9,60.9,536.8,20.4,60.8,Partly Cloudy,48.0,False,None,
URB-13422,LOC-06,Bhubaneswar Railway Station,20.2657,85.8436,2026-07-30 08:42:47,375,0.98,17.0,257,119.8,223.0,723.2,22.6,81.7,Fog,90.7,False,None,
URB-13423,LOC-07,Nandankanan Road,20.37,85.825,2026-07-30 09:05:47,308,0.98,10.2,134,66.1,123.6,660.2,25.5,80.7,Heavy Rain,82.6,False,None,
URB-13424,LOC-08,Kalarahanga Road,20.38,85.83,2026-07-30 09:17:47,172,0.64,33.3,133,58.2,100.2,568.3,25.3,79.6,Fog,92.2,True,Multi-Vector Urban Risk,Combined extreme congestion (64%) and high particulate pollution.
URB-13425,LOC-01,Patia Main Road,20.3533,85.8197,2026-07-30 09:27:47,325,0.98,14.6,175,81.0,154.1,684.1,24.6,59.2,Partly Cloudy,87.5,False,None,
URB-13426,LOC-02,Jayadev Vihar,20.301,85.8239,2026-07-30 09:51:47,324,0.98,12.7,184,87.1,156.5,678.0,23.4,61.0,Haze,90.1,False,None,
URB-13427,LOC-03,Saheed Nagar,20.2872,85.8415,2026-07-30 10:00:47,271,0.77,28.2,117,52.3,104.1,535.7,22.6,64.6,Clear,52.6,True,Traffic Bottleneck,Sudden vehicular surge of 271 vehicles/min exceeding corridor capacity.
URB-13428,LOC-04,Khandagiri,20.2588,85.7836,2026-07-30 10:17:47,161,0.72,17.5,121,53.4,94.3,544.8,27.1,52.6,Haze,66.2,False,None,
URB-13429,LOC-05,Vani Vihar,20.2974,85.8364,2026-07-30 10:27:47,88,0.35,26.1,72,30.0,53.7,460.6,23.3,78.3,Fog,38.5,False,None,
URB-13430,LOC-06,Bhubaneswar Railway Station,20.2657,85.8436,2026-07-30 10:47:47,187,0.76,23.6,147,64.7,112.7,577.0,27.0,50.7,Haze,69.3,False,None,
URB-13431,LOC-07,Nandankanan Road,20.37,85.825,2026-07-30 11:05:47,178,0.77,18.6,141,66.9,117.2,535.7,25.5,73.8,Fog,71.2,False,None,
URB-13432,LOC-08,Kalarahanga Road,20.38,85.83,2026-07-30 11:16:47,124,0.47,40.1,90,36.5,64.6,498.2,24.4,63.1,Clear,39.5,False,None,
URB-13433,LOC-01,Patia Main Road,20.3533,85.8197,2026-07-30 11:31:47,236,0.82,16.1,174,79.0,147.7,611.5,27.9,50.3,Haze,80.2,False,None,
URB-13434,LOC-02,Jayadev Vihar,20.301,85.8239,2026-07-30 11:48:47,242,0.98,11.4,152,73.8,138.0,601.8,26.1,77.0,Fog,85.1,False,None,
URB-13435,LOC-03,Saheed Nagar,20.2872,85.8415,2026-07-30 12:00:47,143,0.65,20.3,131,63.2,121.5,511.6,28.8,71.2,Fog,63.8,False,None,
URB-13436,LOC-04,Khandagiri,20.2588,85.7836,2026-07-30 12:15:47,163,0.67,18.8,113,51.2,95.8,534.2,29.6,66.3,Fog,62.2,False,None,
URB-13437,LOC-05,Vani Vihar,20.2974,85.8364,2026-07-30 12:33:47,86,0.34,25.6,62,30.8,59.4,460.2,28.0,77.0,Rain,36.7,False,None,
URB-13438,LOC-06,Bhubaneswar Railway Station,20.2657,85.8436,2026-07-30 12:47:47,218,0.77,19.6,107,51.2,99.0,592.9,26.3,71.6,Heavy Rain,64.7,False,None,
URB-13439,LOC-07,Nandankanan Road,20.37,85.825,2026-07-30 12:58:47,177,0.72,18.9,138,59.4,102.0,550.7,25.8,81.1,Fog,68.5,False,None,
URB-13440,LOC-08,Kalarahanga Road,20.38,85.83,2026-07-30 13:15:47,137,0.58,38.8,77,32.1,53.2,528.7,25.8,57.0,Partly Cloudy,42.3,False,None,
URB-13441,LOC-01,Patia Main Road,20.3533,85.8197,2026-07-30 13:37:47,202,0.75,19.3,117,52.4,97.0,569.2,29.2,51.7,Partly Cloudy,65.8,False,None,
URB-13442,LOC-02,Jayadev Vihar,20.301,85.8239,2026-07-30 13:49:47,208,0.72,17.7,173,75.9,139.2,574.8,29.0,52.6,Haze,75.2,False,None,
URB-13443,LOC-03,Saheed Nagar,20.2872,85.8415,2026-07-30 14:04:47,170,0.75,22.5,136,62.8,108.5,567.0,26.2,52.6,Partly Cloudy,67.5,False,None,
URB-13444,LOC-04,Khandagiri,20.2588,85.7836,2026-07-30 14:21:47,130,0.51,22.4,119,50.9,86.7,519.5,27.3,74.3,Fog,55.0,False,None,
URB-13445,LOC-05,Vani Vihar,20.2974,85.8364,2026-07-30 14:37:47,106,0.41,25.6,91,43.5,86.5,488.8,30.2,51.6,Haze,44.5,False,None,
URB-13446,LOC-06,Bhubaneswar Railway Station,20.2657,85.8436,2026-07-30 14:51:47,178,0.69,26.1,101,50.2,87.8,551.2,29.5,72.6,Heavy Rain,57.2,False,None,
URB-13447,LOC-07,Nandankanan Road,20.37,85.825,2026-07-30 15:01:47,202,0.78,17.5,138,65.9,123.8,567.5,26.9,58.9,Haze,71.6,False,None,
URB-13448,LOC-08,Kalarahanga Road,20.38,85.83,2026-07-30 15:14:47,114,0.48,37.5,89,41.6,77.8,495.9,28.3,47.6,Haze,41.0,False,None,
URB-13449,LOC-01,Patia Main Road,20.3533,85.8197,2026-07-30 15:27:47,206,0.91,15.0,152,64.8,123.9,570.7,29.8,75.2,Fog,80.5,False,None,
URB-13450,LOC-02,Jayadev Vihar,20.301,85.8239,2026-07-30 15:50:47,211,0.82,20.3,133,57.2,98.9,586.5,29.9,49.7,Partly Cloudy,70.9,False,None,
URB-13451,LOC-03,Saheed Nagar,20.2872,85.8415,2026-07-30 15:58:47,197,0.83,15.8,159,73.9,141.3,569.2,28.9,49.6,Haze,78.1,False,None,
URB-13452,LOC-04,Khandagiri,20.2588,85.7836,2026-07-30 16:22:47,199,0.68,17.0,94,47.5,90.1,576.3,28.9,68.8,Rain,60.2,False,None,
URB-13453,LOC-05,Vani Vihar,20.2974,85.8364,2026-07-30 16:30:47,124,0.48,23.1,73,32.2,67.3,507.6,27.2,72.1,Heavy Rain,45.4,False,None,
URB-13454,LOC-06,Bhubaneswar Railway Station,20.2657,85.8436,2026-07-30 16:52:47,292,0.98,19.2,143,65.1,117.3,640.9,28.8,56.5,Clear,79.6,False,None,
URB-13455,LOC-07,Nandankanan Road,20.37,85.825,2026-07-30 17:01:47,279,0.98,10.6,119,54.0,103.0,636.0,27.9,73.1,Heavy Rain,98.5,True,Multi-Vector Urban Risk,Combined extreme congestion (98%) and high particulate pollution.
URB-13456,LOC-08,Kalarahanga Road,20.38,85.83,2026-07-30 17:18:47,162,0.65,27.2,90,39.0,65.4,557.7,25.9,73.9,Heavy Rain,53.1,False,None,
URB-13457,LOC-01,Patia Main Road,20.3533,85.8197,2026-07-30 17:34:47,283,0.98,9.4,119,53.8,101.3,653.7,27.2,74.3,Heavy Rain,80.3,False,None,
URB-13458,LOC-02,Jayadev Vihar,20.301,85.8239,2026-07-30 17:47:47,398,0.98,11.6,221,101.5,192.6,764.7,25.8,53.0,Haze,93.4,False,None,
URB-13459,LOC-03,Saheed Nagar,20.2872,85.8415,2026-07-30 18:03:47,263,0.91,12.2,123,53.0,101.2,615.7,27.4,71.5,Heavy Rain,76.8,False,None,
URB-13460,LOC-04,Khandagiri,20.2588,85.7836,2026-07-30 18:20:47,232,0.94,12.2,107,50.2,91.2,608.4,26.5,78.6,Heavy Rain,75.2,False,None,
URB-13461,LOC-05,Vani Vihar,20.2974,85.8364,2026-07-30 18:37:47,139,0.56,19.4,64,28.4,51.7,522.6,27.0,79.3,Rain,48.9,False,None,
URB-13462,LOC-06,Bhubaneswar Railway Station,20.2657,85.8436,2026-07-30 18:50:47,327,0.98,20.4,174,78.4,143.3,706.3,26.0,59.3,Clear,84.5,False,None,
URB-13463,LOC-07,Nandankanan Road,20.37,85.825,2026-07-30 18:57:47,261,0.9,13.0,163,77.6,143.5,642.8,24.6,56.0,Haze,83.0,False,None,
URB-13464,LOC-08,Kalarahanga Road,20.38,85.83,2026-07-30 19:16:47,204,0.83,24.8,131,61.6,119.0,558.9,24.0,78.3,Fog,68.7,False,None,
URB-13465,LOC-01,Patia Main Road,20.3533,85.8197,2026-07-30 19:31:47,278,0.96,12.5,188,89.3,166.6,646.0,22.4,60.4,Haze,90.0,False,None,
URB-13466,LOC-02,Jayadev Vihar,20.301,85.8239,2026-07-30 19:52:47,313,0.98,13.0,209,95.5,174.5,669.3,25.2,53.5,Haze,92.7,False,None,
URB-13467,LOC-03,Saheed Nagar,20.2872,85.8415,2026-07-30 20:07:47,110,0.48,28.1,109,49.0,96.5,478.4,24.5,57.0,Partly Cloudy,49.2,False,None,
URB-13468,LOC-04,Khandagiri,20.2588,85.7836,2026-07-30 20:19:47,118,0.5,28.7,75,36.4,64.3,517.5,23.8,62.4,Clear,43.8,False,None,
URB-13469,LOC-05,Vani Vihar,20.2974,85.8364,2026-07-30 20:32:47,85,0.33,32.4,62,27.0,52.2,490.6,24.5,62.3,Clear,32.9,False,None,
URB-13470,LOC-06,Bhubaneswar Railway Station,20.2657,85.8436,2026-07-30 20:52:47,156,0.7,24.7,88,40.6,75.4,552.0,19.8,83.5,Heavy Rain,56.0,False,None,
URB-13471,LOC-07,Nandankanan Road,20.37,85.825,2026-07-30 20:58:47,163,0.56,27.4,108,53.6,99.7,549.7,23.9,56.1,Clear,52.6,False,None,
URB-13472,LOC-08,Kalarahanga Road,20.38,85.83,2026-07-30 21:17:47,99,0.44,32.3,58,22.8,41.2,476.8,22.6,78.0,Rain,36.6,False,None,
URB-13473,LOC-01,Patia Main Road,20.3533,85.8197,2026-07-30 21:35:47,172,0.77,18.6,149,70.3,121.8,531.8,22.3,60.5,Haze,72.6,False,None,
URB-13474,LOC-02,Jayadev Vihar,20.301,85.8239,2026-07-30 21:52:47,189,0.75,22.3,126,62.5,116.4,556.9,21.8,59.6,Partly Cloudy,65.9,False,None,
URB-13475,LOC-03,Saheed Nagar,20.2872,85.8415,2026-07-30 22:07:47,54,0.25,28.9,64,34.8,71.1,451.3,20.2,88.5,Heavy Rain,31.8,False,None,
URB-13476,LOC-04,Khandagiri,20.2588,85.7836,2026-07-30 22:14:47,48,0.21,28.8,53,27.9,48.4,454.7,18.9,89.5,Rain,28.3,False,None,
URB-13477,LOC-05,Vani Vihar,20.2974,85.8364,2026-07-30 22:28:47,33,0.13,35.7,62,28.3,50.3,436.4,20.9,78.9,Fog,23.2,False,None,
URB-13478,LOC-06,Bhubaneswar Railway Station,20.2657,85.8436,2026-07-30 22:51:47,60,0.25,41.6,89,39.6,71.5,454.4,17.2,85.5,Fog,29.8,False,None,
URB-13479,LOC-07,Nandankanan Road,20.37,85.825,2026-07-30 22:57:47,53,0.22,34.3,56,28.9,59.5,448.4,18.8,67.5,Partly Cloudy,26.5,False,None,
URB-13480,LOC-08,Kalarahanga Road,20.38,85.83,2026-07-30 23:15:47,41,0.16,40.6,43,17.4,30.3,450.4,18.5,92.2,Rain,18.6,False,None,
URB-13481,LOC-01,Patia Main Road,20.3533,85.8197,2026-07-30 23:34:47,54,0.23,31.5,87,41.3,73.7,449.7,15.6,73.9,Haze,33.7,False,None,
URB-13482,LOC-02,Jayadev Vihar,20.301,85.8239,2026-07-30 23:49:47,81,0.34,27.8,113,54.1,94.2,460.9,15.4,91.6,Fog,44.5,False,None,
URB-13483,LOC-03,Saheed Nagar,20.2872,85.8415,2026-07-30 23:58:47,46,0.16,33.2,92,40.0,78.5,441.9,15.7,73.1,Haze,30.9,False,None,
URB-13484,LOC-04,Khandagiri,20.2588,85.7836,2026-07-31 00:20:47,42,0.17,36.9,68,32.8,68.2,414.9,14.6,96.7,Fog,25.3,False,None,
URB-13485,LOC-05,Vani Vihar,20.2974,85.8364,2026-07-31 00:37:47,34,0.13,27.8,42,22.5,50.3,423.4,15.2,89.8,Heavy Rain,23.6,False,None,
URB-13486,LOC-06,Bhubaneswar Railway Station,20.2657,85.8436,2026-07-31 00:47:47,60,0.27,37.9,66,31.9,64.3,450.0,15.6,91.5,Heavy Rain,28.4,False,None,
URB-13487,LOC-07,Nandankanan Road,20.37,85.825,2026-07-31 01:00:47,59,0.24,26.9,55,27.0,56.1,441.3,17.2,90.7,Heavy Rain,30.8,False,None,
URB-13488,LOC-08,Kalarahanga Road,20.38,85.83,2026-07-31 01:21:47,43,0.16,55.1,56,31.0,64.5,418.0,17.1,70.2,Clear,18.7,False,None,
URB-13489,LOC-01,Patia Main Road,20.3533,85.8197,2026-07-31 01:36:47,65,0.25,34.5,69,30.2,60.2,457.7,14.2,76.7,Partly Cloudy,29.8,False,None,
URB-13490,LOC-02,Jayadev Vihar,20.301,85.8239,2026-07-31 01:49:47,73,0.32,26.8,65,27.5,58.9,480.5,18.5,85.9,Rain,35.8,False,None,
URB-13491,LOC-03,Saheed Nagar,20.2872,85.8415,2026-07-31 02:07:47,55,0.24,24.6,69,30.9,51.6,451.1,16.7,93.1,Heavy Rain,34.4,False,None,
URB-13492,LOC-04,Khandagiri,20.2588,85.7836,2026-07-31 02:13:47,44,0.18,26.3,45,21.5,38.3,446.7,17.5,91.6,Heavy Rain,26.9,False,None,
URB-13493,LOC-05,Vani Vihar,20.2974,85.8364,2026-07-31 02:36:47,34,0.15,30.0,36,13.4,21.0,435.8,17.9,83.7,Rain,22.3,False,None,
URB-13494,LOC-06,Bhubaneswar Railway Station,20.2657,85.8436,2026-07-31 02:50:47,57,0.24,45.2,89,41.0,82.3,430.1,17.0,67.8,Haze,27.7,False,None,
URB-13495,LOC-07,Nandankanan Road,20.37,85.825,2026-07-31 03:00:47,61,0.24,38.0,72,31.3,64.0,463.0,14.5,77.0,Partly Cloudy,28.2,False,None,
URB-13496,LOC-08,Kalarahanga Road,20.38,85.83,2026-07-31 03:14:47,38,0.15,59.5,50,25.2,51.8,421.9,14.1,76.3,Partly Cloudy,17.2,False,None,
URB-13497,LOC-01,Patia Main Road,20.3533,85.8197,2026-07-31 03:34:47,72,0.25,35.8,77,33.2,63.9,463.9,17.4,67.0,Partly Cloudy,30.6,False,None,
URB-13498,LOC-02,Jayadev Vihar,20.301,85.8239,2026-07-31 03:43:47,80,0.31,28.6,109,48.9,92.5,485.8,16.6,94.8,Fog,42.2,False,None,
URB-13499,LOC-03,Saheed Nagar,20.2872,85.8415,2026-07-31 04:05:47,44,0.18,30.8,72,36.8,68.0,447.7,18.1,87.3,Rain,29.4,False,None,
URB-13500,LOC-04,Khandagiri,20.2588,85.7836,2026-07-31 04:22:47,45,0.17,34.7,64,25.7,54.9,417.9,17.7,72.4,Haze,25.6,False,None,
URB-13501,LOC-05,Vani Vihar,20.2974,85.8364,2026-07-31 04:30:47,32,0.13,37.9,44,23.2,43.0,404.6,16.1,66.9,Clear,19.0,False,None,
URB-13502,LOC-06,Bhubaneswar Railway Station,20.2657,85.8436,2026-07-31 04:43:47,66,0.26,44.8,96,46.4,82.0,449.5,14.4,89.3,Fog,29.8,False,None,
URB-13503,LOC-07,Nandankanan Road,20.37,85.825,2026-07-31 04:58:47,66,0.26,35.9,65,31.7,63.6,452.5,17.8,67.9,Clear,28.8,False,None,
URB-13504,LOC-08,Kalarahanga Road,20.38,85.83,2026-07-31 05:17:47,38,0.14,46.2,70,30.9,57.1,434.9,17.7,66.5,Haze,20.4,False,None,
URB-13505,LOC-01,Patia Main Road,20.3533,85.8197,2026-07-31 05:27:47,56,0.21,33.4,79,34.7,64.7,437.3,19.6,68.2,Haze,65.5,True,Multi-Vector Urban Risk,Combined extreme congestion (21%) and high particulate pollution.
URB-13506,LOC-02,Jayadev Vihar,20.301,85.8239,2026-07-31 05:43:47,86,0.33,26.7,63,26.4,55.6,488.3,16.4,93.8,Heavy Rain,35.9,False,None,
URB-13507,LOC-03,Saheed Nagar,20.2872,85.8415,2026-07-31 06:05:47,108,0.43,26.9,119,58.9,113.1,497.6,20.7,80.4,Fog,49.6,False,None,
URB-13508,LOC-04,Khandagiri,20.2588,85.7836,2026-07-31 06:17:47,112,0.5,26.6,78,39.8,67.5,491.7,18.5,62.8,Clear,45.3,False,None,
URB-13509,LOC-05,Vani Vihar,20.2974,85.8364,2026-07-31 06:31:47,64,0.27,37.0,61,24.5,47.7,466.8,18.8,67.9,Clear,28.0,False,None,
URB-13510,LOC-06,Bhubaneswar Railway Station,20.2657,85.8436,2026-07-31 06:49:47,169,0.7,34.3,104,44.3,83.8,549.1,17.9,67.4,Clear,54.1,False,None,
URB-13511,LOC-07,Nandankanan Road,20.37,85.825,2026-07-31 07:00:47,271,0.98,14.2,138,67.2,118.3,631.3,20.3,68.0,Clear,81.2,False,None,
URB-13512,LOC-08,Kalarahanga Road,20.38,85.83,2026-07-31 07:19:47,193,0.88,18.8,101,50.7,89.1,570.2,20.1,81.6,Rain,68.5,False,None,
URB-13513,LOC-01,Patia Main Road,20.3533,85.8197,2026-07-31 07:27:47,311,0.98,15.3,151,65.1,127.1,665.2,22.0,62.9,Clear,83.0,False,None,
URB-13514,LOC-02,Jayadev Vihar,20.301,85.8239,2026-07-31 07:45:47,349,0.98,10.5,155,75.4,134.9,691.7,19.6,85.1,Heavy Rain,86.1,False,None,
URB-13515,LOC-03,Saheed Nagar,20.2872,85.8415,2026-07-31 08:05:47,292,0.98,13.9,179,77.7,138.5,675.3,22.7,64.3,Partly Cloudy,88.6,False,None,
URB-13516,LOC-04,Khandagiri,20.2588,85.7836,2026-07-31 08:17:47,224,0.94,14.4,131,59.0,104.7,609.0,20.6,60.2,Clear,78.3,False,None,
URB-13517,LOC-05,Vani Vihar,20.2974,85.8364,2026-07-31 08:28:47,125,0.52,29.3,74,37.4,74.4,502.1,22.1,57.6,Partly Cloudy,79.1,True,Multi-Vector Urban Risk,Combined extreme congestion (52%) and high particulate pollution.
URB-13518,LOC-06,Bhubaneswar Railway Station,20.2657,85.8436,2026-07-31 08:51:47,299,0.98,19.5,162,72.2,134.0,654.6,23.3,61.9,Clear,82.8,False,None,
URB-13519,LOC-07,Nandankanan Road,20.37,85.825,2026-07-31 09:01:47,270,0.98,13.0,153,66.5,126.5,652.6,24.2,54.4,Partly Cloudy,84.5,False,None,
URB-13520,LOC-08,Kalarahanga Road,20.38,85.83,2026-07-31 09:12:47,193,0.85,25.9,107,53.1,103.1,575.8,24.3,61.8,Clear,64.8,False,None,
URB-13521,LOC-01,Patia Main Road,20.3533,85.8197,2026-07-31 09:28:47,345,0.98,10.6,130,60.6,106.5,689.3,23.4,79.6,Heavy Rain,98.5,True,Multi-Vector Urban Risk,Combined extreme congestion (98%) and high particulate pollution.
URB-13522,LOC-02,Jayadev Vihar,20.301,85.8239,2026-07-31 09:42:47,412,0.98,12.1,256,113.7,209.4,784.9,23.8,77.1,Fog,93.2,False,None,
URB-13523,LOC-03,Saheed Nagar,20.2872,85.8415,2026-07-31 10:07:47,196,0.74,18.4,154,69.0,130.4,562.8,22.5,78.6,Fog,72.3,False,None,
URB-13524,LOC-04,Khandagiri,20.2588,85.7836,2026-07-31 10:18:47,143,0.59,27.0,86,44.0,80.5,510.8,23.3,58.2,Clear,50.1,False,None,
URB-13525,LOC-05,Vani Vihar,20.2974,85.8364,2026-07-31 10:28:47,88,0.4,26.7,75,35.5,60.1,474.4,23.6,84.6,Fog,40.8,False,None,
URB-13526,LOC-06,Bhubaneswar Railway Station,20.2657,85.8436,2026-07-31 10:48:47,193,0.87,27.1,131,59.7,110.4,588.0,24.7,60.5,Partly Cloudy,69.2,False,None,
URB-13527,LOC-07,Nandankanan Road,20.37,85.825,2026-07-31 11:07:47,175,0.63,25.7,109,47.6,92.5,562.2,27.4,51.5,Partly Cloudy,56.4,False,None,
URB-13528,LOC-08,Kalarahanga Road,20.38,85.83,2026-07-31 11:20:47,103,0.37,42.2,84,43.5,86.4,481.3,25.8,54.1,Haze,33.4,False,None,
URB-13529,LOC-01,Patia Main Road,20.3533,85.8197,2026-07-31 11:36:47,221,0.85,15.1,157,66.8,126.6,613.0,24.5,82.6,Fog,78.9,False,None,
URB-13530,LOC-02,Jayadev Vihar,20.301,85.8239,2026-07-31 11:45:47,233,0.98,15.0,126,55.2,96.5,590.7,28.6,49.3,Clear,78.8,False,None,
URB-13531,LOC-03,Saheed Nagar,20.2872,85.8415,2026-07-31 12:06:47,186,0.74,15.9,97,41.6,73.2,559.7,29.4,67.6,Rain,98.5,True,Multi-Vector Urban Risk,Combined extreme congestion (74%) and high particulate pollution.
URB-13532,LOC-04,Khandagiri,20.2588,85.7836,2026-07-31 12:16:47,137,0.52,24.4,115,50.7,93.4,538.3,26.2,55.9,Haze,53.7,False,None,
URB-13533,LOC-05,Vani Vihar,20.2974,85.8364,2026-07-31 12:29:47,91,0.35,28.0,89,40.6,79.6,474.5,25.6,73.5,Fog,40.6,False,None,
URB-13534,LOC-06,Bhubaneswar Railway Station,20.2657,85.8436,2026-07-31 12:44:47,224,0.98,18.9,163,74.7,141.9,605.6,26.6,55.3,Haze,83.3,False,None,
URB-13535,LOC-07,Nandankanan Road,20.37,85.825,2026-07-31 12:59:47,207,0.87,19.3,104,44.8,77.7,601.0,26.6,50.3,Partly Cloudy,68.3,False,None,
URB-13536,LOC-08,Kalarahanga Road,20.38,85.83,2026-07-31 13:12:47,138,0.6,40.2,97,47.2,92.7,534.2,30.0,49.4,Partly Cloudy,45.9,False,None,
URB-13537,LOC-01,Patia Main Road,20.3533,85.8197,2026-07-31 13:37:47,182,0.73,15.0,84,34.1,68.5,556.4,28.2,73.1,Heavy Rain,61.4,False,None,
URB-13538,LOC-02,Jayadev Vihar,20.301,85.8239,2026-07-31 13:47:47,237,0.96,15.0,124,59.6,105.6,617.8,25.7,53.2,Partly Cloudy,77.6,False,None,
URB-13539,LOC-03,Saheed Nagar,20.2872,85.8415,2026-07-31 14:06:47,186,0.71,16.9,117,52.5,101.6,557.0,26.5,76.7,Heavy Rain,65.4,False,None,
URB-13540,LOC-04,Khandagiri,20.2588,85.7836,2026-07-31 14:14:47,137,0.53,26.2,102,44.7,81.6,504.4,28.2,56.5,Haze,51.0,False,None,
URB-13541,LOC-05,Vani Vihar,20.2974,85.8364,2026-07-31 14:31:47,98,0.41,31.4,72,37.8,63.7,471.6,25.8,52.1,Partly Cloudy,38.3,False,None,
URB-13542,LOC-06,Bhubaneswar Railway Station,20.2657,85.8436,2026-07-31 14:51:47,235,0.86,22.4,187,82.1,153.6,600.1,25.7,75.3,Fog,80.9,False,None,
URB-13543,LOC-07,Nandankanan Road,20.37,85.825,2026-07-31 14:58:47,158,0.65,19.4,83,40.4,79.6,532.3,27.0,71.4,Heavy Rain,55.8,False,None,
URB-13544,LOC-08,Kalarahanga Road,20.38,85.83,2026-07-31 15:12:47,120,0.44,40.6,85,43.4,77.9,498.1,27.0,59.0,Partly Cloudy,72.2,True,Multi-Vector Urban Risk,Combined extreme congestion (44%) and high particulate pollution.
URB-13545,LOC-01,Patia Main Road,20.3533,85.8197,2026-07-31 15:36:47,173,0.63,16.9,100,47.8,95.2,551.8,28.4,74.2,Rain,59.2,False,None,
URB-13546,LOC-02,Jayadev Vihar,20.301,85.8239,2026-07-31 15:50:47,258,0.98,9.3,129,63.2,111.8,643.0,27.6,71.4,Heavy Rain,82.1,False,None,
URB-13547,LOC-03,Saheed Nagar,20.2872,85.8415,2026-07-31 16:00:47,254,0.98,9.8,138,60.2,115.8,625.9,27.2,71.8,Heavy Rain,83.5,False,None,
URB-13548,LOC-04,Khandagiri,20.2588,85.7836,2026-07-31 16:13:47,195,0.86,18.7,118,56.9,100.8,570.3,27.2,53.4,Partly Cloudy,70.7,False,None,
URB-13549,LOC-05,Vani Vihar,20.2974,85.8364,2026-07-31 16:36:47,152,0.61,27.3,78,37.0,68.6,521.1,29.2,53.2,Clear,49.4,False,None,
URB-13550,LOC-06,Bhubaneswar Railway Station,20.2657,85.8436,2026-07-31 16:47:47,322,0.98,13.7,128,58.9,112.2,687.0,27.5,78.4,Heavy Rain,79.8,False,None,
URB-13551,LOC-07,Nandankanan Road,20.37,85.825,2026-07-31 16:59:47,232,0.98,12.9,158,71.5,129.5,588.0,25.5,75.6,Fog,85.4,False,None,
URB-13552,LOC-08,Kalarahanga Road,20.38,85.83,2026-07-31 17:14:47,167,0.59,32.4,111,48.4,84.2,529.8,27.7,48.6,Haze,51.8,False,None,
URB-13553,LOC-01,Patia Main Road,20.3533,85.8197,2026-07-31 17:35:47,309,0.98,12.1,173,76.5,138.4,677.5,24.6,77.2,Fog,88.4,False,None,
URB-13554,LOC-02,Jayadev Vihar,20.301,85.8239,2026-07-31 17:49:47,400,0.98,15.2,210,90.7,171.7,739.1,26.6,52.4,Partly Cloudy,91.6,False,None,
URB-13555,LOC-03,Saheed Nagar,20.2872,85.8415,2026-07-31 18:06:47,283,0.98,11.0,206,88.9,158.2,645.6,25.7,53.0,Haze,93.7,False,None,
URB-13556,LOC-04,Khandagiri,20.2588,85.7836,2026-07-31 18:12:47,184,0.75,23.0,93,46.5,90.0,576.1,23.0,61.5,Partly Cloudy,59.8,False,None,
URB-13557,LOC-05,Vani Vihar,20.2974,85.8364,2026-07-31 18:33:47,161,0.59,25.9,85,40.6,72.3,557.3,25.0,61.4,Clear,50.5,False,None,
URB-13558,LOC-06,Bhubaneswar Railway Station,20.2657,85.8436,2026-07-31 18:51:47,267,0.98,18.7,176,77.3,134.5,642.9,26.9,73.2,Fog,85.7,False,None,
URB-13559,LOC-07,Nandankanan Road,20.37,85.825,2026-07-31 18:59:47,236,0.98,9.2,97,42.1,84.0,621.1,25.4,75.7,Heavy Rain,76.6,False,None,
URB-13560,LOC-08,Kalarahanga Road,20.38,85.83,2026-07-31 19:13:47,214,0.75,24.8,125,60.9,113.4,572.6,24.0,58.4,Haze,64.5,False,None,
URB-13561,LOC-01,Patia Main Road,20.3533,85.8197,2026-07-31 19:29:47,353,0.98,9.3,143,63.7,113.2,726.4,22.7,82.3,Rain,84.6,False,None,
URB-13562,LOC-02,Jayadev Vihar,20.301,85.8239,2026-07-31 19:48:47,374,0.98,5.4,186,88.4,154.4,730.8,22.1,62.9,Partly Cloudy,89.0,True,Severe Gridlock,Critical speed drop to 5.4 km/h indicating major arterial blockade.
URB-13563,LOC-03,Saheed Nagar,20.2872,85.8415,2026-07-31 19:58:47,222,0.86,12.5,124,54.5,98.5,578.5,22.6,81.3,Heavy Rain,74.8,False,None,
URB-13564,LOC-04,Khandagiri,20.2588,85.7836,2026-07-31 20:12:47,116,0.5,31.6,84,41.0,73.2,494.2,23.7,59.6,Partly Cloudy,43.9,False,None,
URB-13565,LOC-05,Vani Vihar,20.2974,85.8364,2026-07-31 20:31:47,65,0.23,29.6,68,27.5,59.2,459.3,22.5,57.7,Haze,31.3,False,None,
URB-13566,LOC-06,Bhubaneswar Railway Station,20.2657,85.8436,2026-07-31 20:50:47,189,0.64,32.0,148,67.2,121.1,578.8,20.1,84.7,Fog,60.5,False,None,
URB-13567,LOC-07,Nandankanan Road,20.37,85.825,2026-07-31 21:06:47,134,0.6,26.0,97,46.1,87.9,509.8,18.1,66.9,Partly Cloudy,53.0,False,None,
URB-13568,LOC-08,Kalarahanga Road,20.38,85.83,2026-07-31 21:20:47,110,0.5,37.6,103,48.7,95.1,501.0,19.7,65.8,Haze,44.2,False,None,
URB-13569,LOC-01,Patia Main Road,20.3533,85.8197,2026-07-31 21:29:47,137,0.47,32.3,86,37.0,73.3,536.1,22.8,56.6,Clear,42.7,False,None,
URB-13570,LOC-02,Jayadev Vihar,20.301,85.8239,2026-07-31 21:46:47,175,0.66,16.6,103,43.5,86.9,563.9,21.6,84.7,Heavy Rain,61.1,False,None,
URB-13571,LOC-03,Saheed Nagar,20.2872,85.8415,2026-07-31 22:01:47,48,0.21,26.9,62,25.4,50.0,432.9,16.6,90.7,Rain,65.8,True,Multi-Vector Urban Risk,Combined extreme congestion (21%) and high particulate pollution.
URB-13572,LOC-04,Khandagiri,20.2588,85.7836,2026-07-31 22:21:47,43,0.16,27.7,50,24.4,42.0,450.2,17.8,91.4,Rain,26.3,False,None,
URB-13573,LOC-05,Vani Vihar,20.2974,85.8364,2026-07-31 22:27:47,25,0.1,33.1,58,28.8,53.5,410.4,19.7,81.6,Fog,22.6,False,None,
URB-13574,LOC-06,Bhubaneswar Railway Station,20.2657,85.8436,2026-07-31 22:45:47,56,0.21,39.9,60,26.2,55.9,456.8,16.6,86.8,Heavy Rain,23.9,False,None,
URB-13575,LOC-07,Nandankanan Road,20.37,85.825,2026-07-31 22:58:47,52,0.18,38.7,60,32.3,60.5,461.6,19.2,70.3,Partly Cloudy,23.3,False,None,
URB-13576,LOC-08,Kalarahanga Road,20.38,85.83,2026-07-31 23:12:47,37,0.17,56.7,47,18.3,30.8,409.7,19.1,64.0,Clear,17.5,False,None,
URB-13577,LOC-01,Patia Main Road,20.3533,85.8197,2026-07-31 23:36:47,62,0.26,28.8,90,44.5,81.4,461.2,20.1,68.7,Haze,36.8,False,None,
URB-13578,LOC-02,Jayadev Vihar,20.301,85.8239,2026-07-31 23:47:47,86,0.31,23.1,75,38.1,78.6,486.0,17.2,88.1,Heavy Rain,39.0,False,None,
URB-13579,LOC-03,Saheed Nagar,20.2872,85.8415,2026-08-01 00:04:47,59,0.23,31.0,112,47.2,93.0,430.0,15.6,90.1,Fog,38.3,False,None,
URB-13580,LOC-04,Khandagiri,20.2588,85.7836,2026-08-01 00:16:47,51,0.22,38.6,64,30.6,52.6,443.5,16.1,74.7,Partly Cloudy,25.7,False,None,
URB-13581,LOC-05,Vani Vihar,20.2974,85.8364,2026-08-01 00:27:47,30,0.12,43.4,42,21.7,36.2,406.3,15.5,73.5,Partly Cloudy,15.4,False,None,
URB-13582,LOC-06,Bhubaneswar Railway Station,20.2657,85.8436,2026-08-01 00:52:47,69,0.27,47.8,109,53.0,98.3,441.8,18.1,64.1,Haze,32.4,False,None,
URB-13583,LOC-07,Nandankanan Road,20.37,85.825,2026-08-01 00:59:47,64,0.28,32.4,171,69.7,58.0,467.9,18.6,85.5,Fog,32.8,True,Air Quality Hazard,"Hazardous particulate spike (AQI 171, PM2.5 69.7 µg/m³) detected near Nandankanan Road."
URB-13584,LOC-08,Kalarahanga Road,20.38,85.83,2026-08-01 01:12:47,40,0.16,52.2,52,20.8,42.8,440.5,16.9,69.3,Partly Cloudy,18.0,False,None,
URB-13585,LOC-01,Patia Main Road,20.3533,85.8197,2026-08-01 01:37:47,69,0.26,39.3,71,32.8,68.6,472.3,16.6,65.5,Clear,28.2,False,None,
URB-13586,LOC-02,Jayadev Vihar,20.301,85.8239,2026-08-01 01:47:47,69,0.3,30.8,98,48.1,88.6,476.6,14.3,71.6,Haze,38.8,False,None,
URB-13587,LOC-03,Saheed Nagar,20.2872,85.8415,2026-08-01 02:01:47,46,0.19,40.1,84,39.8,73.6,446.2,15.4,71.9,Partly Cloudy,27.2,False,None,
URB-13588,LOC-04,Khandagiri,20.2588,85.7836,2026-08-01 02:18:47,50,0.18,41.0,58,22.5,45.6,428.7,18.3,72.0,Partly Cloudy,21.8,False,None,
URB-13589,LOC-05,Vani Vihar,20.2974,85.8364,2026-08-01 02:28:47,32,0.11,34.7,66,28.4,56.4,434.4,16.9,94.4,Fog,23.6,False,None,
URB-13590,LOC-06,Bhubaneswar Railway Station,20.2657,85.8436,2026-08-01 02:42:47,65,0.27,35.9,74,34.8,67.3,471.5,17.4,88.3,Heavy Rain,30.8,False,None,
URB-13591,LOC-07,Nandankanan Road,20.37,85.825,2026-08-01 02:57:47,63,0.26,26.9,51,21.3,44.6,450.5,13.5,96.6,Rain,30.9,False,None,
URB-13592,LOC-08,Kalarahanga Road,20.38,85.83,2026-08-01 03:22:47,38,0.15,53.1,51,20.8,45.3,448.0,16.3,68.2,Partly Cloudy,17.4,False,None,
URB-13593,LOC-01,Patia Main Road,20.3533,85.8197,2026-08-01 03:28:47,70,0.25,24.7,68,28.3,52.6,442.3,18.7,86.6,Heavy Rain,34.5,False,None,
URB-13594,LOC-02,Jayadev Vihar,20.301,85.8239,2026-08-01 03:50:47,85,0.37,25.1,77,38.6,70.7,464.0,15.1,97.0,Heavy Rain,40.7,False,None,
URB-13595,LOC-03,Saheed Nagar,20.2872,85.8415,2026-08-01 04:00:47,56,0.24,37.5,84,41.1,69.2,438.5,15.2,71.2,Clear,30.5,False,None,
URB-13596,LOC-04,Khandagiri,20.2588,85.7836,2026-08-01 04:20:47,42,0.17,30.6,73,37.8,69.1,424.7,17.6,88.3,Fog,29.3,False,None,
URB-13597,LOC-05,Vani Vihar,20.2974,85.8364,2026-08-01 04:27:47,30,0.1,36.8,61,31.0,60.9,439.8,18.8,86.9,Fog,21.3,False,None,
URB-13598,LOC-06,Bhubaneswar Railway Station,20.2657,85.8436,2026-08-01 04:48:47,60,0.24,42.9,86,44.1,82.6,431.6,15.3,74.0,Haze,28.2,False,None,
URB-13599,LOC-07,Nandankanan Road,20.37,85.825,2026-08-01 05:03:47,49,0.2,40.2,64,30.7,53.3,439.8,16.2,74.8,Partly Cloudy,24.1,False,None,
URB-13600,LOC-08,Kalarahanga Road,20.38,85.83,2026-08-01 05:12:47,37,0.15,37.7,42,16.0,25.0,444.2,17.9,90.5,Rain,19.5,False,None,
URB-13601,LOC-01,Patia Main Road,20.3533,85.8197,2026-08-01 05:33:47,66,0.28,24.5,57,24.0,49.1,462.0,17.3,92.1,Rain,33.9,False,None,
URB-13602,LOC-02,Jayadev Vihar,20.301,85.8239,2026-08-01 05:44:47,75,0.32,30.0,103,44.2,84.9,464.8,17.1,73.3,Haze,40.8,False,None,
URB-13603,LOC-03,Saheed Nagar,20.2872,85.8415,2026-08-01 05:57:47,46,0.18,35.9,72,35.7,70.6,418.5,16.4,70.4,Partly Cloudy,26.8,False,None,
URB-13604,LOC-04,Khandagiri,20.2588,85.7836,2026-08-01 06:12:47,113,0.43,34.6,75,34.8,57.7,495.6,18.6,69.0,Partly Cloudy,38.0,False,None,
URB-13605,LOC-05,Vani Vihar,20.2974,85.8364,2026-08-01 06:30:47,63,0.25,28.9,75,35.8,67.5,452.9,19.8,84.7,Fog,33.7,False,None,
URB-13606,LOC-06,Bhubaneswar Railway Station,20.2657,85.8436,2026-08-01 06:51:47,190,0.87,26.8,132,61.9,114.2,581.7,21.3,66.0,Partly Cloudy,69.5,False,None,
URB-13607,LOC-07,Nandankanan Road,20.37,85.825,2026-08-01 07:06:47,172,0.65,18.8,96,47.0,80.2,546.7,20.5,80.7,Rain,58.4,False,None,
URB-13608,LOC-08,Kalarahanga Road,20.38,85.83,2026-08-01 07:16:47,125,0.55,31.2,110,47.1,94.7,504.8,22.4,84.7,Fog,50.6,False,None,
URB-13609,LOC-01,Patia Main Road,20.3533,85.8197,2026-08-01 07:33:47,215,0.75,15.6,110,46.3,80.6,583.9,18.1,83.7,Heavy Rain,66.5,False,None,
URB-13610,LOC-02,Jayadev Vihar,20.301,85.8239,2026-08-01 07:42:47,230,0.81,15.4,120,51.3,95.6,616.6,18.1,88.5,Rain,70.7,False,None,
URB-13611,LOC-03,Saheed Nagar,20.2872,85.8415,2026-08-01 08:02:47,157,0.69,16.9,113,54.9,95.8,555.3,21.6,78.3,Heavy Rain,63.9,False,None,
URB-13612,LOC-04,Khandagiri,20.2588,85.7836,2026-08-01 08:18:47,163,0.74,20.3,103,46.4,87.1,556.7,22.9,62.1,Clear,62.5,False,None,
URB-13613,LOC-05,Vani Vihar,20.2974,85.8364,2026-08-01 08:33:47,109,0.41,24.0,69,31.1,61.6,496.8,20.8,81.0,Rain,41.5,False,None,
URB-13614,LOC-06,Bhubaneswar Railway Station,20.2657,85.8436,2026-08-01 08:49:47,249,0.96,19.1,173,78.4,146.8,635.3,22.0,60.5,Haze,84.1,False,None,
URB-13615,LOC-07,Nandankanan Road,20.37,85.825,2026-08-01 09:02:47,165,0.68,21.9,131,63.0,122.1,543.7,23.1,80.7,Fog,64.2,False,None,
URB-13616,LOC-08,Kalarahanga Road,20.38,85.83,2026-08-01 09:16:47,131,0.53,27.5,68,29.3,52.6,523.2,25.5,75.5,Rain,44.4,False,None,
URB-13617,LOC-01,Patia Main Road,20.3533,85.8197,2026-08-01 09:33:47,222,0.8,15.6,119,55.1,107.9,607.3,21.9,80.5,Heavy Rain,70.0,False,None,
URB-13618,LOC-02,Jayadev Vihar,20.301,85.8239,2026-08-01 09:43:47,205,0.75,19.0,144,68.7,133.6,567.8,21.9,60.1,Haze,70.7,False,None,
URB-13619,LOC-03,Saheed Nagar,20.2872,85.8415,2026-08-01 09:57:47,159,0.59,19.5,90,43.8,78.6,535.6,25.5,77.2,Rain,54.6,False,None,
URB-13620,LOC-04,Khandagiri,20.2588,85.7836,2026-08-01 10:12:47,142,0.63,21.9,113,54.1,99.9,526.5,27.1,69.4,Fog,59.0,False,None,
URB-13621,LOC-05,Vani Vihar,20.2974,85.8364,2026-08-01 10:30:47,82,0.29,29.3,76,33.8,56.5,455.5,24.9,56.3,Haze,35.2,False,None,
URB-13622,LOC-06,Bhubaneswar Railway Station,20.2657,85.8436,2026-08-01 10:48:47,210,0.81,20.2,99,40.7,81.9,584.9,23.6,76.1,Rain,64.6,False,None,
URB-13623,LOC-07,Nandankanan Road,20.37,85.825,2026-08-01 10:57:47,173,0.77,14.5,93,46.2,79.9,543.3,23.6,81.8,Rain,64.8,False,None,
URB-13624,LOC-08,Kalarahanga Road,20.38,85.83,2026-08-01 11:12:47,134,0.6,40.2,76,33.6,70.2,511.9,28.6,53.8,Clear,42.2,False,None,
URB-13625,LOC-01,Patia Main Road,20.3533,85.8197,2026-08-01 11:33:47,224,0.81,18.7,114,48.1,84.8,591.6,26.7,57.0,Clear,68.0,False,None,
URB-13626,LOC-02,Jayadev Vihar,20.301,85.8239,2026-08-01 11:48:47,275,0.98,11.6,181,79.4,149.5,654.2,25.1,80.2,Fog,90.1,False,None,
URB-13627,LOC-03,Saheed Nagar,20.2872,85.8415,2026-08-01 11:57:47,151,0.67,17.4,111,51.8,93.9,543.4,25.3,79.1,Rain,62.5,False,None,
URB-13628,LOC-04,Khandagiri,20.2588,85.7836,2026-08-01 12:22:47,147,0.63,25.2,84,43.6,87.5,508.7,25.2,58.6,Clear,52.3,False,None,
URB-13629,LOC-05,Vani Vihar,20.2974,85.8364,2026-08-01 12:31:47,82,0.36,23.7,57,30.3,51.9,485.1,29.1,75.0,Rain,37.5,False,None,
URB-13630,LOC-06,Bhubaneswar Railway Station,20.2657,85.8436,2026-08-01 12:51:47,241,0.98,21.2,129,62.0,110.7,603.7,29.4,46.6,Partly Cloudy,76.2,False,None,
URB-13631,LOC-07,Nandankanan Road,20.37,85.825,2026-08-01 13:02:47,200,0.83,13.8,93,46.4,89.9,591.8,27.7,71.9,Rain,67.6,False,None,
URB-13632,LOC-08,Kalarahanga Road,20.38,85.83,2026-08-01 13:15:47,119,0.43,44.7,84,40.3,73.1,500.0,27.9,50.1,Clear,34.5,False,None,
URB-13633,LOC-01,Patia Main Road,20.3533,85.8197,2026-08-01 13:27:47,175,0.68,16.8,101,48.0,91.1,570.7,30.3,70.6,Rain,61.5,False,None,
URB-13634,LOC-02,Jayadev Vihar,20.301,85.8239,2026-08-01 13:44:47,266,0.98,9.6,131,60.8,106.2,617.6,27.4,72.0,Rain,82.3,False,None,
URB-13635,LOC-03,Saheed Nagar,20.2872,85.8415,2026-08-01 14:06:47,159,0.67,18.7,112,48.4,96.0,539.6,28.6,74.0,Rain,62.1,False,None,
URB-13636,LOC-04,Khandagiri,20.2588,85.7836,2026-08-01 14:18:47,143,0.58,24.8,120,55.2,107.0,513.1,27.4,73.8,Fog,56.8,False,None,
URB-13637,LOC-05,Vani Vihar,20.2974,85.8364,2026-08-01 14:36:47,99,0.34,26.0,67,29.1,55.5,484.8,26.7,79.1,Heavy Rain,37.3,False,None,
URB-13638,LOC-06,Bhubaneswar Railway Station,20.2657,85.8436,2026-08-01 14:51:47,232,0.98,19.5,135,58.6,101.3,585.9,26.9,52.6,Clear,78.1,False,None,
URB-13639,LOC-07,Nandankanan Road,20.37,85.825,2026-08-01 15:01:47,170,0.61,18.8,93,39.5,73.2,530.5,28.3,70.1,Rain,56.3,False,None,
URB-13640,LOC-08,Kalarahanga Road,20.38,85.83,2026-08-01 15:19:47,144,0.64,24.5,70,33.0,69.1,509.6,26.6,78.1,Rain,50.6,False,None,
URB-13641,LOC-01,Patia Main Road,20.3533,85.8197,2026-08-01 15:27:47,190,0.77,21.2,119,53.3,98.4,573.6,28.7,47.1,Partly Cloudy,66.0,False,None,
URB-13642,LOC-02,Jayadev Vihar,20.301,85.8239,2026-08-01 15:49:47,198,0.72,16.6,95,42.0,85.1,578.2,29.5,71.8,Rain,62.1,False,None,
URB-13643,LOC-03,Saheed Nagar,20.2872,85.8415,2026-08-01 16:06:47,188,0.71,16.9,110,50.3,93.3,560.0,25.9,78.8,Heavy Rain,64.2,False,None,
URB-13644,LOC-04,Khandagiri,20.2588,85.7836,2026-08-01 16:18:47,150,0.65,21.0,123,55.3,106.4,512.8,29.2,54.2,Haze,62.0,False,None,
URB-13645,LOC-05,Vani Vihar,20.2974,85.8364,2026-08-01 16:27:47,87,0.38,30.6,59,25.1,46.1,480.7,27.8,52.5,Partly Cloudy,35.2,False,None,
URB-13646,LOC-06,Bhubaneswar Railway Station,20.2657,85.8436,2026-08-01 16:46:47,222,0.76,24.9,157,69.2,128.0,590.6,26.0,80.6,Fog,70.4,False,None,
URB-13647,LOC-07,Nandankanan Road,20.37,85.825,2026-08-01 16:58:47,163,0.65,22.9,105,51.9,97.7,557.9,28.0,56.5,Partly Cloudy,57.9,False,None,
URB-13648,LOC-08,Kalarahanga Road,20.38,85.83,2026-08-01 17:20:47,131,0.59,40.4,92,40.6,72.4,516.5,27.9,51.7,Partly Cloudy,44.5,False,None,
URB-13649,LOC-01,Patia Main Road,20.3533,85.8197,2026-08-01 17:35:47,220,0.91,10.7,95,47.8,83.0,576.2,24.6,75.3,Heavy Rain,72.7,False,None,
URB-13650,LOC-02,Jayadev Vihar,20.301,85.8239,2026-08-01 17:46:47,283,0.98,13.6,148,66.8,127.9,657.3,27.2,50.7,Clear,83.3,False,None,
URB-13651,LOC-03,Saheed Nagar,20.2872,85.8415,2026-08-01 17:59:47,173,0.78,16.0,99,48.8,89.4,553.5,28.0,76.0,Heavy Rain,65.5,False,None,
URB-13652,LOC-04,Khandagiri,20.2588,85.7836,2026-08-01 18:16:47,128,0.52,27.2,83,41.6,79.9,503.0,24.5,57.0,Partly Cloudy,46.7,False,None,
URB-13653,LOC-05,Vani Vihar,20.2974,85.8364,2026-08-01 18:36:47,109,0.38,27.6,81,39.0,78.4,475.7,23.6,59.9,Haze,40.6,False,None,
URB-13654,LOC-06,Bhubaneswar Railway Station,20.2657,85.8436,2026-08-01 18:45:47,199,0.77,27.1,164,78.8,141.1,562.6,25.7,55.7,Haze,71.0,False,None,
URB-13655,LOC-07,Nandankanan Road,20.37,85.825,2026-08-01 18:59:47,207,0.76,18.8,132,58.0,109.5,572.5,27.4,53.4,Haze,69.1,False,None,
URB-13656,LOC-08,Kalarahanga Road,20.38,85.83,2026-08-01 19:21:47,134,0.57,33.3,116,58.0,104.5,519.7,25.5,78.5,Fog,51.4,False,None,
URB-13657,LOC-01,Patia Main Road,20.3533,85.8197,2026-08-01 19:31:47,200,0.85,19.4,115,55.2,94.4,560.0,26.0,57.7,Partly Cloudy,69.4,False,None,
URB-13658,LOC-02,Jayadev Vihar,20.301,85.8239,2026-08-01 19:50:47,275,0.98,15.4,142,60.6,115.2,642.8,25.9,55.7,Clear,81.3,False,None,
URB-13659,LOC-03,Saheed Nagar,20.2872,85.8415,2026-08-01 19:57:47,187,0.77,14.9,112,56.1,106.0,572.7,21.1,85.3,Heavy Rain,68.0,False,None,
URB-13660,LOC-04,Khandagiri,20.2588,85.7836,2026-08-01 20:17:47,130,0.56,22.9,95,45.0,82.5,506.1,20.2,63.7,Haze,52.6,False,None,
URB-13661,LOC-05,Vani Vihar,20.2974,85.8364,2026-08-01 20:32:47,72,0.3,28.1,76,34.0,59.6,449.3,19.5,81.9,Fog,36.2,False,None,
URB-13662,LOC-06,Bhubaneswar Railway Station,20.2657,85.8436,2026-08-01 20:46:47,187,0.81,20.5,106,45.3,90.2,570.8,20.8,79.0,Rain,65.7,False,None,
URB-13663,LOC-07,Nandankanan Road,20.37,85.825,2026-08-01 20:58:47,132,0.78,8.5,107,46.0,78.2,516.2,20.7,87.8,Fog,55.6,True,Severe Gridlock,Critical speed drop to 8.5 km/h indicating major arterial blockade.
URB-13664,LOC-08,Kalarahanga Road,20.38,85.83,2026-08-01 21:22:47,104,0.38,38.0,103,49.2,95.1,493.5,22.3,58.0,Haze,39.2,False,None,
URB-13665,LOC-01,Patia Main Road,20.3533,85.8197,2026-08-01 21:32:47,183,0.8,18.1,135,66.0,122.0,551.8,20.4,63.2,Haze,71.6,False,None,
URB-13666,LOC-02,Jayadev Vihar,20.301,85.8239,2026-08-01 21:45:47,166,0.68,19.2,153,69.9,126.1,527.3,20.8,82.3,Fog,69.4,False,None,
URB-13667,LOC-03,Saheed Nagar,20.2872,85.8415,2026-08-01 22:04:47,61,0.26,31.5,108,51.9,100.9,464.1,19.9,85.8,Fog,38.6,False,None,
URB-13668,LOC-04,Khandagiri,20.2588,85.7836,2026-08-01 22:19:47,41,0.17,30.8,72,37.0,71.8,436.0,18.7,85.6,Fog,29.0,False,None,
URB-13669,LOC-05,Vani Vihar,20.2974,85.8364,2026-08-01 22:37:47,32,0.14,36.3,61,27.2,51.0,417.5,18.6,68.8,Haze,23.1,False,None,
URB-13670,LOC-06,Bhubaneswar Railway Station,20.2657,85.8436,2026-08-01 22:44:47,58,0.23,40.4,58,27.9,58.3,445.1,19.1,89.6,Heavy Rain,24.2,False,None,
URB-13671,LOC-07,Nandankanan Road,20.37,85.825,2026-08-01 22:57:47,54,0.25,28.9,57,30.5,64.6,425.4,18.5,91.2,Heavy Rain,30.5,False,None,
URB-13672,LOC-08,Kalarahanga Road,20.38,85.83,2026-08-01 23:12:47,38,0.14,50.2,58,25.1,52.1,428.4,17.7,69.6,Haze,18.2,False,None,
URB-13673,LOC-01,Patia Main Road,20.3533,85.8197,2026-08-01 23:31:47,68,0.25,34.2,77,30.7,51.3,455.6,19.8,66.8,Clear,31.4,False,None,
URB-13674,LOC-02,Jayadev Vihar,20.301,85.8239,2026-08-01 23:45:47,75,0.27,27.2,70,36.8,74.6,468.5,18.9,87.8,Heavy Rain,34.5,False,None,
URB-13675,LOC-03,Saheed Nagar,20.2872,85.8415,2026-08-02 00:07:47,52,0.2,27.8,69,31.5,58.0,461.4,16.7,90.7,Heavy Rain,31.2,False,None,
URB-13676,LOC-04,Khandagiri,20.2588,85.7836,2026-08-02 00:12:47,42,0.19,35.8,63,28.2,55.3,443.3,15.3,93.6,Fog,25.7,False,None,
URB-13677,LOC-05,Vani Vihar,20.2974,85.8364,2026-08-02 00:29:47,28,0.13,44.5,48,21.4,39.2,402.6,19.1,64.3,Clear,16.4,False,None,
URB-13678,LOC-06,Bhubaneswar Railway Station,20.2657,85.8436,2026-08-02 00:45:47,69,0.24,51.9,81,34.6,70.0,459.3,17.6,64.6,Clear,26.3,False,None,
URB-13679,LOC-07,Nandankanan Road,20.37,85.825,2026-08-02 01:01:47,56,0.19,25.6,50,27.6,52.6,441.1,15.9,95.7,Rain,28.6,False,None,
URB-13680,LOC-08,Kalarahanga Road,20.38,85.83,2026-08-02 01:14:47,36,0.15,52.8,54,25.0,52.1,425.8,17.7,63.7,Clear,18.0,False,None,
URB-13681,LOC-01,Patia Main Road,20.3533,85.8197,2026-08-02 01:27:47,55,0.19,30.3,93,42.1,75.7,438.3,15.7,71.1,Haze,33.7,False,None,
URB-13682,LOC-02,Jayadev Vihar,20.301,85.8239,2026-08-02 01:49:47,74,0.25,25.3,71,34.3,68.0,470.9,15.7,91.1,Rain,34.8,False,None,
URB-13683,LOC-03,Saheed Nagar,20.2872,85.8415,2026-08-02 02:04:47,62,0.27,28.0,117,50.8,98.8,454.1,16.6,91.3,Fog,42.3,False,None,
URB-13684,LOC-04,Khandagiri,20.2588,85.7836,2026-08-02 02:16:47,50,0.19,30.9,184,71.2,69.2,450.8,16.2,88.6,Fog,31.2,True,Air Quality Hazard,"Hazardous particulate spike (AQI 184, PM2.5 71.2 µg/m³) detected near Khandagiri."
URB-13685,LOC-05,Vani Vihar,20.2974,85.8364,2026-08-02 02:27:47,34,0.12,27.6,41,16.5,35.3,443.7,15.8,89.7,Heavy Rain,23.2,False,None,
URB-13686,LOC-06,Bhubaneswar Railway Station,20.2657,85.8436,2026-08-02 02:46:47,58,0.23,46.6,88,45.5,79.9,440.9,14.0,77.5,Haze,27.1,False,None,
URB-13687,LOC-07,Nandankanan Road,20.37,85.825,2026-08-02 03:02:47,50,0.2,35.9,84,39.2,79.2,459.3,18.5,89.1,Fog,29.8,False,None,
URB-13688,LOC-08,Kalarahanga Road,20.38,85.83,2026-08-02 03:16:47,45,0.2,48.8,72,37.2,63.1,441.0,16.4,92.3,Fog,23.1,False,None,
URB-13689,LOC-01,Patia Main Road,20.3533,85.8197,2026-08-02 03:32:47,54,0.2,35.4,90,45.7,79.2,426.0,18.6,88.9,Fog,31.1,False,None,
URB-13690,LOC-02,Jayadev Vihar,20.301,85.8239,2026-08-02 03:49:47,80,0.32,31.4,84,38.3,70.2,468.2,14.2,78.5,Clear,36.8,False,None,
URB-13691,LOC-03,Saheed Nagar,20.2872,85.8415,2026-08-02 04:00:47,46,0.17,31.0,62,28.4,46.2,435.8,18.4,86.9,Rain,27.1,False,None,
URB-13692,LOC-04,Khandagiri,20.2588,85.7836,2026-08-02 04:18:47,48,0.18,36.7,69,35.8,72.0,451.5,14.8,92.5,Fog,25.9,False,None,
URB-13693,LOC-05,Vani Vihar,20.2974,85.8364,2026-08-02 04:36:47,27,0.11,32.8,37,18.5,36.8,413.0,15.9,90.6,Rain,19.5,False,None,
URB-13694,LOC-06,Bhubaneswar Railway Station,20.2657,85.8436,2026-08-02 04:49:47,72,0.29,47.5,76,36.9,65.2,464.9,16.2,67.9,Partly Cloudy,27.4,False,None,
URB-13695,LOC-07,Nandankanan Road,20.37,85.825,2026-08-02 04:57:47,52,0.22,41.0,60,29.5,49.3,435.9,17.5,64.4,Clear,23.8,False,None,
URB-13696,LOC-08,Kalarahanga Road,20.38,85.83,2026-08-02 05:13:47,40,0.15,51.1,64,33.9,58.3,440.5,16.0,86.6,Fog,19.7,False,None,
URB-13697,LOC-01,Patia Main Road,20.3533,85.8197,2026-08-02 05:33:47,69,0.26,40.2,76,32.5,65.6,461.4,18.8,68.7,Clear,28.6,False,None,
URB-13698,LOC-02,Jayadev Vihar,20.301,85.8239,2026-08-02 05:46:47,72,0.32,38.3,84,38.1,71.8,472.5,18.7,71.0,Clear,33.4,False,None,
URB-13699,LOC-03,Saheed Nagar,20.2872,85.8415,2026-08-02 05:58:47,57,0.24,26.4,81,38.2,64.6,452.8,19.2,83.1,Rain,35.6,False,None,
URB-13700,LOC-04,Khandagiri,20.2588,85.7836,2026-08-02 06:22:47,102,0.46,24.8,96,46.1,92.0,489.5,18.5,85.5,Fog,47.8,False,None,
URB-13701,LOC-05,Vani Vihar,20.2974,85.8364,2026-08-02 06:36:47,84,0.38,26.7,73,33.1,60.4,470.1,18.0,70.0,Haze,39.6,False,None,
URB-13702,LOC-06,Bhubaneswar Railway Station,20.2657,85.8436,2026-08-02 06:50:47,179,0.66,25.8,93,41.8,73.8,547.5,18.0,89.0,Heavy Rain,54.8,False,None,
URB-13703,LOC-07,Nandankanan Road,20.37,85.825,2026-08-02 07:04:47,195,0.89,15.9,113,52.7,98.2,584.4,18.5,69.0,Clear,72.4,False,None,
URB-13704,LOC-08,Kalarahanga Road,20.38,85.83,2026-08-02 07:20:47,124,0.49,46.2,82,34.2,68.1,495.5,22.3,58.4,Partly Cloudy,36.5,False,None,
URB-13705,LOC-01,Patia Main Road,20.3533,85.8197,2026-08-02 07:34:47,247,0.91,10.6,121,53.1,105.4,629.2,21.1,88.1,Heavy Rain,77.3,False,None,
URB-13706,LOC-02,Jayadev Vihar,20.301,85.8239,2026-08-02 07:44:47,230,0.98,13.9,136,57.9,104.8,613.9,22.6,57.2,Partly Cloudy,81.0,False,None,
URB-13707,LOC-03,Saheed Nagar,20.2872,85.8415,2026-08-02 08:00:47,188,0.67,17.4,114,50.6,95.5,557.3,22.7,76.2,Rain,63.0,False,None,
URB-13708,LOC-04,Khandagiri,20.2588,85.7836,2026-08-02 08:19:47,162,0.69,18.3,83,34.5,65.3,540.2,21.6,82.9,Rain,58.0,False,None,
URB-13709,LOC-05,Vani Vihar,20.2974,85.8364,2026-08-02 08:29:47,97,0.39,24.8,60,31.7,54.0,470.2,22.5,81.7,Heavy Rain,38.7,False,None,
URB-13710,LOC-06,Bhubaneswar Railway Station,20.2657,85.8436,2026-08-02 08:44:47,248,0.98,14.8,132,63.5,113.9,602.9,23.9,80.8,Rain,79.9,False,None,
URB-13711,LOC-07,Nandankanan Road,20.37,85.825,2026-08-02 09:02:47,182,0.8,13.1,94,41.2,80.8,564.6,23.9,75.2,Rain,66.9,False,None,
URB-13712,LOC-08,Kalarahanga Road,20.38,85.83,2026-08-02 09:21:47,136,0.61,32.5,120,53.1,94.3,530.5,23.6,61.1,Haze,54.1,False,None,
URB-13713,LOC-01,Patia Main Road,20.3533,85.8197,2026-08-02 09:27:47,183,0.72,17.4,156,70.1,128.7,575.2,26.0,58.0,Haze,72.4,False,None,
URB-13714,LOC-02,Jayadev Vihar,20.301,85.8239,2026-08-02 09:51:47,275,0.97,14.3,274,125.6,112.5,633.4,23.9,63.6,Clear,79.4,True,Air Quality Hazard,"Hazardous particulate spike (AQI 274, PM2.5 125.6 µg/m³) detected near Jayadev Vihar."
URB-13715,LOC-03,Saheed Nagar,20.2872,85.8415,2026-08-02 09:59:47,184,0.82,15.5,162,71.9,126.7,544.5,24.1,77.7,Fog,78.4,False,None,
URB-13716,LOC-04,Khandagiri,20.2588,85.7836,2026-08-02 10:19:47,134,0.48,21.2,65,26.9,51.7,508.4,24.8,74.1,Heavy Rain,45.0,False,None,
URB-13717,LOC-05,Vani Vihar,20.2974,85.8364,2026-08-02 10:33:47,111,0.38,29.8,80,40.6,79.6,475.2,25.4,52.2,Partly Cloudy,39.3,False,None,
URB-13718,LOC-06,Bhubaneswar Railway Station,20.2657,85.8436,2026-08-02 10:42:47,195,0.66,32.3,169,79.4,147.4,568.7,23.3,64.8,Haze,64.8,False,None,
URB-13719,LOC-07,Nandankanan Road,20.37,85.825,2026-08-02 11:07:47,159,0.71,21.2,123,60.3,109.9,518.5,24.1,63.7,Haze,64.3,False,None,
URB-13720,LOC-08,Kalarahanga Road,20.38,85.83,2026-08-02 11:14:47,139,0.57,38.1,78,39.6,76.7,526.0,24.6,56.8,Partly Cloudy,42.4,False,None,
URB-13721,LOC-01,Patia Main Road,20.3533,85.8197,2026-08-02 11:35:47,199,0.88,17.9,108,52.8,99.0,559.2,27.4,55.1,Clear,70.2,False,None,
URB-13722,LOC-02,Jayadev Vihar,20.301,85.8239,2026-08-02 11:44:47,241,0.88,14.8,187,82.2,151.7,626.0,25.3,53.7,Haze,85.5,False,None,
URB-13723,LOC-03,Saheed Nagar,20.2872,85.8415,2026-08-02 12:05:47,177,0.66,16.8,115,50.0,88.6,558.7,25.0,73.9,Heavy Rain,63.1,False,None,
URB-13724,LOC-04,Khandagiri,20.2588,85.7836,2026-08-02 12:20:47,138,0.61,20.4,104,48.0,90.5,519.8,25.8,75.3,Fog,57.4,False,None,
URB-13725,LOC-05,Vani Vihar,20.2974,85.8364,2026-08-02 12:28:47,99,0.38,30.7,91,42.8,73.3,486.3,26.5,50.4,Haze,40.8,False,None,
URB-13726,LOC-06,Bhubaneswar Railway Station,20.2657,85.8436,2026-08-02 12:51:47,233,0.98,18.7,170,78.2,145.2,619.0,29.4,48.9,Haze,84.6,False,None,
URB-13727,LOC-07,Nandankanan Road,20.37,85.825,2026-08-02 12:57:47,178,0.77,20.8,114,56.5,97.9,562.5,28.1,50.6,Partly Cloudy,65.3,False,None,
URB-13728,LOC-08,Kalarahanga Road,20.38,85.83,2026-08-02 13:21:47,122,0.44,43.0,77,33.2,67.4,516.1,26.8,57.2,Clear,34.6,False,None,
URB-13729,LOC-01,Patia Main Road,20.3533,85.8197,2026-08-02 13:29:47,316,0.99,14.1,106,48.6,85.3,553.8,29.0,74.9,Heavy Rain,68.9,True,Traffic Bottleneck,Sudden vehicular surge of 316 vehicles/min exceeding corridor capacity.
URB-13730,LOC-02,Jayadev Vihar,20.301,85.8239,2026-08-02 13:50:47,249,0.95,13.6,161,76.1,141.9,602.3,29.8,48.2,Haze,84.4,False,None,
URB-13731,LOC-03,Saheed Nagar,20.2872,85.8415,2026-08-02 14:02:47,148,0.66,19.1,141,65.8,120.9,522.0,29.6,52.6,Haze,66.5,False,None,
URB-13732,LOC-04,Khandagiri,20.2588,85.7836,2026-08-02 14:20:47,142,0.59,17.2,69,29.2,60.4,507.0,29.0,72.1,Rain,52.1,False,None,
URB-13733,LOC-05,Vani Vihar,20.2974,85.8364,2026-08-02 14:29:47,99,0.45,21.2,65,26.4,52.9,483.4,25.7,72.8,Rain,43.8,False,None,
URB-13734,LOC-06,Bhubaneswar Railway Station,20.2657,85.8436,2026-08-02 14:52:47,243,0.92,15.9,133,62.7,121.3,610.7,28.6,70.7,Heavy Rain,77.1,False,None,
URB-13735,LOC-07,Nandankanan Road,20.37,85.825,2026-08-02 15:05:47,179,0.71,15.5,84,38.2,73.8,572.0,25.6,78.5,Heavy Rain,60.3,False,None,
URB-13736,LOC-08,Kalarahanga Road,20.38,85.83,2026-08-02 15:21:47,139,0.59,34.6,87,41.4,79.6,527.7,27.4,51.6,Clear,46.5,False,None,
URB-13737,LOC-01,Patia Main Road,20.3533,85.8197,2026-08-02 15:31:47,171,0.61,24.2,104,45.3,91.3,541.5,29.6,50.4,Partly Cloudy,55.5,False,None,
URB-13738,LOC-02,Jayadev Vihar,20.301,85.8239,2026-08-02 15:50:47,257,0.98,12.8,171,74.3,136.4,621.4,30.1,48.4,Haze,87.7,False,None,
URB-13739,LOC-03,Saheed Nagar,20.2872,85.8415,2026-08-02 16:03:47,168,0.72,18.7,155,72.3,129.8,541.6,29.6,70.6,Fog,71.6,False,None,
URB-13740,LOC-04,Khandagiri,20.2588,85.7836,2026-08-02 16:19:47,138,0.48,27.9,96,41.6,76.6,513.3,26.7,52.6,Clear,47.0,False,None,
URB-13741,LOC-05,Vani Vihar,20.2974,85.8364,2026-08-02 16:29:47,92,0.38,28.1,88,38.7,65.2,469.3,24.7,81.1,Fog,41.5,False,None,
URB-13742,LOC-06,Bhubaneswar Railway Station,20.2657,85.8436,2026-08-02 16:48:47,244,0.97,20.6,143,66.3,124.1,631.0,27.9,56.7,Partly Cloudy,78.5,False,None,
URB-13743,LOC-07,Nandankanan Road,20.37,85.825,2026-08-02 17:07:47,211,0.81,14.4,99,41.6,72.7,577.9,25.1,74.1,Heavy Rain,67.5,False,None,
URB-13744,LOC-08,Kalarahanga Road,20.38,85.83,2026-08-02 17:22:47,120,0.5,43.2,73,28.9,48.6,516.9,28.2,54.9,Partly Cloudy,36.2,False,None,
URB-13745,LOC-01,Patia Main Road,20.3533,85.8197,2026-08-02 17:34:47,232,0.87,15.9,180,85.7,157.1,599.0,27.9,53.6,Haze,83.3,False,None,
URB-13746,LOC-02,Jayadev Vihar,20.301,85.8239,2026-08-02 17:49:47,289,0.98,13.9,143,66.7,126.7,665.9,26.1,60.8,Clear,82.3,False,None,
URB-13747,LOC-03,Saheed Nagar,20.2872,85.8415,2026-08-02 18:05:47,181,0.77,17.3,160,72.8,132.9,553.5,26.2,77.7,Fog,75.2,False,None,
URB-13748,LOC-04,Khandagiri,20.2588,85.7836,2026-08-02 18:17:47,162,0.66,19.3,129,63.1,115.3,552.4,24.6,76.3,Fog,64.3,False,None,
URB-13749,LOC-05,Vani Vihar,20.2974,85.8364,2026-08-02 18:27:47,110,0.49,23.6,88,44.1,78.9,476.6,27.5,48.9,Haze,48.2,False,None,
URB-13750,LOC-06,Bhubaneswar Railway Station,20.2657,85.8436,2026-08-02 18:52:47,243,0.91,19.4,173,77.1,142.3,608.4,26.3,80.0,Fog,82.0,False,None,
URB-13751,LOC-07,Nandankanan Road,20.37,85.825,2026-08-02 19:07:47,183,0.64,22.5,114,54.2,96.2,560.4,23.3,57.1,Partly Cloudy,59.3,False,None,
URB-13752,LOC-08,Kalarahanga Road,20.38,85.83,2026-08-02 19:16:47,115,0.42,48.1,72,32.1,60.5,489.0,24.0,55.7,Clear,31.9,False,None,
URB-13753,LOC-01,Patia Main Road,20.3533,85.8197,2026-08-02 19:29:47,201,0.89,11.2,105,45.9,80.7,560.0,23.0,77.3,Rain,73.4,False,None,
URB-13754,LOC-02,Jayadev Vihar,20.301,85.8239,2026-08-02 19:46:47,215,0.94,12.3,158,73.4,141.5,588.3,21.3,80.1,Fog,84.1,False,None,
URB-13755,LOC-03,Saheed Nagar,20.2872,85.8415,2026-08-02 19:58:47,204,0.69,23.9,126,55.5,101.1,578.0,22.2,59.7,Clear,62.7,False,None,
URB-13756,LOC-04,Khandagiri,20.2588,85.7836,2026-08-02 20:18:47,103,0.4,31.0,78,40.5,68.5,496.1,22.7,61.9,Partly Cloudy,39.1,False,None,
URB-13757,LOC-05,Vani Vihar,20.2974,85.8364,2026-08-02 20:29:47,70,0.3,32.6,58,30.8,57.6,465.1,24.3,55.8,Clear,30.8,False,None,
URB-13758,LOC-06,Bhubaneswar Railway Station,20.2657,85.8436,2026-08-02 20:52:47,189,0.73,21.8,96,39.7,79.7,574.9,22.8,81.2,Heavy Rain,60.1,False,None,
URB-13759,LOC-07,Nandankanan Road,20.37,85.825,2026-08-02 21:00:47,129,0.51,22.4,82,40.9,82.1,501.4,22.4,85.7,Rain,48.5,False,None,
URB-13760,LOC-08,Kalarahanga Road,20.38,85.83,2026-08-02 21:18:47,110,0.51,42.7,78,35.8,72.1,474.2,19.8,65.6,Clear,37.7,False,None,
URB-13761,LOC-01,Patia Main Road,20.3533,85.8197,2026-08-02 21:31:47,157,0.54,27.3,97,43.0,86.7,538.8,22.5,66.2,Clear,49.9,False,None,
URB-13762,LOC-02,Jayadev Vihar,20.301,85.8239,2026-08-02 21:50:47,188,0.65,18.6,107,47.1,91.6,566.5,22.4,82.5,Rain,60.4,False,None,
URB-13763,LOC-03,Saheed Nagar,20.2872,85.8415,2026-08-02 21:57:47,147,0.63,25.1,128,53.6,100.8,545.7,22.1,65.3,Clear,60.0,False,None,
URB-13764,LOC-04,Khandagiri,20.2588,85.7836,2026-08-02 22:14:47,48,0.16,29.8,47,18.2,39.9,418.6,17.8,92.1,Heavy Rain,59.7,True,Multi-Vector Urban Risk,Combined extreme congestion (16%) and high particulate pollution.
URB-13765,LOC-05,Vani Vihar,20.2974,85.8364,2026-08-02 22:37:47,28,0.11,30.5,38,18.4,34.1,424.7,21.3,78.4,Heavy Rain,20.8,False,None,
URB-13766,LOC-06,Bhubaneswar Railway Station,20.2657,85.8436,2026-08-02 22:44:47,61,0.23,49.5,70,28.6,47.0,439.5,16.8,67.2,Partly Cloudy,24.0,False,None,
URB-13767,LOC-07,Nandankanan Road,20.37,85.825,2026-08-02 23:06:47,64,0.23,29.1,59,30.5,51.3,447.9,16.5,91.2,Heavy Rain,30.0,False,None,
URB-13768,LOC-08,Kalarahanga Road,20.38,85.83,2026-08-02 23:14:47,45,0.16,56.5,53,28.4,60.7,420.8,16.0,67.6,Clear,18.2,False,None,
URB-13769,LOC-01,Patia Main Road,20.3533,85.8197,2026-08-02 23:27:47,70,0.29,33.1,84,36.7,61.4,449.9,16.0,73.4,Haze,34.8,False,None,
URB-13770,LOC-02,Jayadev Vihar,20.301,85.8239,2026-08-02 23:44:47,63,0.22,30.4,97,41.3,79.3,449.6,19.9,61.9,Haze,35.6,False,None,
URB-13771,LOC-03,Saheed Nagar,20.2872,85.8415,2026-08-03 00:07:47,59,0.24,33.2,102,45.7,86.8,437.4,15.5,88.4,Fog,35.9,False,None,
URB-13772,LOC-04,Khandagiri,20.2588,85.7836,2026-08-03 00:18:47,48,0.21,39.9,54,29.3,55.8,429.2,18.0,71.0,Partly Cloudy,22.9,False,None,
URB-13773,LOC-05,Vani Vihar,20.2974,85.8364,2026-08-03 00:36:47,30,0.14,27.6,34,15.9,32.6,404.8,15.7,92.0,Heavy Rain,22.8,False,None,
URB-13774,LOC-06,Bhubaneswar Railway Station,20.2657,85.8436,2026-08-03 00:45:47,57,0.23,36.8,70,29.1,48.4,431.2,19.2,85.4,Heavy Rain,28.1,False,None,
URB-13775,LOC-07,Nandankanan Road,20.37,85.825,2026-08-03 01:00:47,51,0.18,27.3,51,23.5,45.5,444.8,16.4,90.1,Heavy Rain,27.5,False,None,
URB-13776,LOC-08,Kalarahanga Road,20.38,85.83,2026-08-03 01:16:47,45,0.16,55.2,50,23.8,41.2,422.1,14.5,70.1,Partly Cloudy,17.6,False,None,
URB-13777,LOC-01,Patia Main Road,20.3533,85.8197,2026-08-03 01:28:47,64,0.29,33.5,69,31.9,52.8,439.1,15.4,76.8,Partly Cloudy,31.9,False,None,
URB-13778,LOC-02,Jayadev Vihar,20.301,85.8239,2026-08-03 01:46:47,85,0.36,37.0,75,35.7,61.6,463.5,14.6,71.5,Clear,34.0,False,None,
URB-13779,LOC-03,Saheed Nagar,20.2872,85.8415,2026-08-03 02:03:47,57,0.23,28.9,79,38.0,63.9,449.0,16.4,87.7,Heavy Rain,33.6,False,None,
URB-13780,LOC-04,Khandagiri,20.2588,85.7836,2026-08-03 02:14:47,54,0.23,30.1,71,31.4,63.8,461.8,14.9,71.2,Haze,31.6,False,None,
URB-13781,LOC-05,Vani Vihar,20.2974,85.8364,2026-08-03 02:30:47,32,0.13,42.1,52,28.7,47.0,427.1,17.4,64.7,Partly Cloudy,18.2,False,None,
URB-13782,LOC-06,Bhubaneswar Railway Station,20.2657,85.8436,2026-08-03 02:42:47,71,0.26,45.7,114,50.8,100.1,453.4,15.2,92.3,Fog,32.9,False,None,
URB-13783,LOC-07,Nandankanan Road,20.37,85.825,2026-08-03 02:59:47,61,0.22,29.2,80,38.0,68.0,430.1,15.6,75.5,Haze,33.2,False,None,
URB-13784,LOC-08,Kalarahanga Road,20.38,85.83,2026-08-03 03:18:47,38,0.15,50.7,66,33.1,68.9,423.2,17.4,64.9,Haze,20.1,False,None,
URB-13785,LOC-01,Patia Main Road,20.3533,85.8197,2026-08-03 03:32:47,65,0.28,36.7,78,37.7,74.1,460.1,14.4,76.8,Clear,31.5,False,None,
URB-13786,LOC-02,Jayadev Vihar,20.301,85.8239,2026-08-03 03:44:47,80,0.35,29.7,92,44.1,87.8,475.3,18.2,63.7,Haze,40.2,False,None,
URB-13787,LOC-03,Saheed Nagar,20.2872,85.8415,2026-08-03 04:02:47,52,0.22,35.5,113,51.9,100.2,427.5,17.6,68.1,Haze,35.8,False,None,
URB-13788,LOC-04,Khandagiri,20.2588,85.7836,2026-08-03 04:16:47,50,0.2,37.2,53,22.7,47.3,421.4,15.3,75.3,Clear,23.7,False,None,
URB-13789,LOC-05,Vani Vihar,20.2974,85.8364,2026-08-03 04:29:47,29,0.11,43.4,43,17.6,39.7,410.1,19.2,67.5,Clear,15.2,False,None,
URB-13790,LOC-06,Bhubaneswar Railway Station,20.2657,85.8436,2026-08-03 04:45:47,58,0.21,42.6,58,28.9,61.1,437.9,18.3,83.0,Heavy Rain,22.2,False,None,
URB-13791,LOC-07,Nandankanan Road,20.37,85.825,2026-08-03 05:07:47,59,0.26,35.8,59,32.5,56.0,457.2,20.0,67.5,Clear,27.8,False,None,
URB-13792,LOC-08,Kalarahanga Road,20.38,85.83,2026-08-03 05:18:47,40,0.15,42.3,43,18.2,35.4,413.5,17.4,90.2,Rain,17.4,False,None,
URB-13793,LOC-01,Patia Main Road,20.3533,85.8197,2026-08-03 05:30:47,63,0.26,33.3,75,30.8,54.9,452.7,18.9,69.0,Clear,31.9,False,None,
URB-13794,LOC-02,Jayadev Vihar,20.301,85.8239,2026-08-03 05:46:47,82,0.42,10.6,102,45.0,84.8,460.7,15.9,87.3,Fog,40.5,True,Severe Gridlock,Critical speed drop to 10.6 km/h indicating major arterial blockade.
URB-13795,LOC-03,Saheed Nagar,20.2872,85.8415,2026-08-03 06:01:47,111,0.38,30.7,136,64.5,123.2,503.8,18.7,88.9,Fog,48.6,False,None,
URB-13796,LOC-04,Khandagiri,20.2588,85.7836,2026-08-03 06:14:47,104,0.43,28.4,70,28.2,52.6,506.9,17.9,72.0,Clear,40.2,False,None,
URB-13797,LOC-05,Vani Vihar,20.2974,85.8364,2026-08-03 06:31:47,85,0.3,32.0,86,39.8,74.9,466.3,16.5,66.1,Haze,71.0,True,Multi-Vector Urban Risk,Combined extreme congestion (30%) and high particulate pollution.
URB-13798,LOC-06,Bhubaneswar Railway Station,20.2657,85.8436,2026-08-03 06:42:47,162,0.71,24.2,106,47.0,79.9,531.5,17.8,85.6,Heavy Rain,59.9,False,None,
URB-13799,LOC-07,Nandankanan Road,20.37,85.825,2026-08-03 07:01:47,236,0.93,12.2,151,65.0,117.0,593.6,19.7,62.8,Haze,82.5,False,None,
URB-13800,LOC-08,Kalarahanga Road,20.38,85.83,2026-08-03 07:18:47,209,0.83,25.0,100,44.9,85.5,571.4,19.8,62.2,Partly Cloudy,63.2,False,None,
URB-13801,LOC-01,Patia Main Road,20.3533,85.8197,2026-08-03 07:32:47,318,0.98,15.2,172,73.8,130.8,668.7,19.5,62.9,Clear,86.7,False,None,
URB-13802,LOC-02,Jayadev Vihar,20.301,85.8239,2026-08-03 07:44:47,295,0.98,14.8,164,71.6,137.8,662.3,22.9,58.9,Partly Cloudy,85.5,False,None,
URB-13803,LOC-03,Saheed Nagar,20.2872,85.8415,2026-08-03 08:03:47,278,0.98,11.8,430,205.2,172.3,648.9,21.1,67.8,Haze,93.3,True,Air Quality Hazard,"Hazardous particulate spike (AQI 430, PM2.5 205.2 µg/m³) detected near Saheed Nagar."
URB-13804,LOC-04,Khandagiri,20.2588,85.7836,2026-08-03 08:13:47,256,0.98,12.5,166,75.8,133.9,616.2,19.8,88.4,Fog,87.0,False,None,
URB-13805,LOC-05,Vani Vihar,20.2974,85.8364,2026-08-03 08:36:47,165,0.58,20.4,72,33.6,68.3,528.9,23.0,83.4,Heavy Rain,50.6,False,None,
URB-13806,LOC-06,Bhubaneswar Railway Station,20.2657,85.8436,2026-08-03 08:43:47,344,0.98,14.0,142,63.2,109.4,690.6,21.3,84.4,Rain,82.0,False,None,
URB-13807,LOC-07,Nandankanan Road,20.37,85.825,2026-08-03 09:01:47,240,0.89,15.7,155,68.5,119.2,608.3,24.0,57.9,Haze,79.9,False,None,
URB-13808,LOC-08,Kalarahanga Road,20.38,85.83,2026-08-03 09:17:47,214,0.77,30.8,106,43.9,80.4,573.0,25.4,53.4,Clear,59.0,False,None,
URB-13809,LOC-01,Patia Main Road,20.3533,85.8197,2026-08-03 09:36:47,276,0.98,11.9,197,87.2,152.8,626.1,23.5,79.9,Fog,92.7,False,None,
URB-13810,LOC-02,Jayadev Vihar,20.301,85.8239,2026-08-03 09:45:47,338,0.98,12.9,204,93.6,164.3,688.0,24.8,53.8,Haze,92.8,False,None,
URB-13811,LOC-03,Saheed Nagar,20.2872,85.8415,2026-08-03 10:00:47,162,0.71,15.9,113,52.7,104.4,527.4,22.9,83.9,Heavy Rain,65.2,False,None,
URB-13812,LOC-04,Khandagiri,20.2588,85.7836,2026-08-03 10:22:47,140,0.62,25.0,100,45.2,78.0,536.3,25.3,60.7,Partly Cloudy,54.8,False,None,
URB-13813,LOC-05,Vani Vihar,20.2974,85.8364,2026-08-03 10:27:47,88,0.37,29.1,93,42.6,85.2,483.9,23.4,81.5,Fog,41.5,False,None,
URB-13814,LOC-06,Bhubaneswar Railway Station,20.2657,85.8436,2026-08-03 10:48:47,234,0.91,25.4,153,65.3,118.4,593.9,26.6,56.1,Clear,75.5,False,None,
URB-13815,LOC-07,Nandankanan Road,20.37,85.825,2026-08-03 11:04:47,150,0.64,17.4,87,35.6,68.2,531.0,23.9,74.5,Heavy Rain,57.1,False,None,
URB-13816,LOC-08,Kalarahanga Road,20.38,85.83,2026-08-03 11:12:47,129,0.47,28.6,69,36.8,66.8,519.5,27.6,76.9,Heavy Rain,41.6,False,None,
URB-13817,LOC-01,Patia Main Road,20.3533,85.8197,2026-08-03 11:31:47,223,0.91,12.3,106,47.6,86.3,606.7,28.0,70.6,Rain,73.8,False,None,
URB-13818,LOC-02,Jayadev Vihar,20.301,85.8239,2026-08-03 11:51:47,257,0.98,13.1,183,79.4,151.4,623.9,24.2,54.9,Haze,89.7,False,None,
URB-13819,LOC-03,Saheed Nagar,20.2872,85.8415,2026-08-03 12:05:47,164,0.66,24.7,120,55.6,109.4,532.1,28.9,47.6,Partly Cloudy,60.1,False,None,
URB-13820,LOC-04,Khandagiri,20.2588,85.7836,2026-08-03 12:13:47,143,0.54,18.2,71,32.9,63.8,531.4,28.0,68.4,Heavy Rain,49.9,False,None,
URB-13821,LOC-05,Vani Vihar,20.2974,85.8364,2026-08-03 12:28:47,106,0.41,25.1,56,26.6,55.2,504.8,29.2,72.4,Rain,38.6,False,None,
URB-13822,LOC-06,Bhubaneswar Railway Station,20.2657,85.8436,2026-08-03 12:45:47,181,0.71,26.6,149,66.7,118.1,555.1,28.9,75.5,Fog,66.2,False,None,
URB-13823,LOC-07,Nandankanan Road,20.37,85.825,2026-08-03 12:58:47,164,0.69,18.4,85,39.4,68.5,542.4,25.7,80.8,Rain,58.3,False,None,
URB-13824,LOC-08,Kalarahanga Road,20.38,85.83,2026-08-03 13:12:47,103,0.41,36.2,99,40.6,70.4,467.8,25.3,58.4,Haze,40.6,False,None,
URB-13825,LOC-01,Patia Main Road,20.3533,85.8197,2026-08-03 13:28:47,168,0.71,14.7,98,43.6,86.8,544.8,27.7,73.7,Heavy Rain,63.2,False,None,
URB-13826,LOC-02,Jayadev Vihar,20.301,85.8239,2026-08-03 13:51:47,236,0.91,15.7,138,65.5,123.5,623.2,25.5,54.0,Clear,77.7,False,None,
URB-13827,LOC-03,Saheed Nagar,20.2872,85.8415,2026-08-03 13:58:47,195,0.7,17.2,103,43.4,78.2,589.9,28.7,75.8,Heavy Rain,62.4,False,None,
URB-13828,LOC-04,Khandagiri,20.2588,85.7836,2026-08-03 14:12:47,157,0.54,29.9,92,40.7,70.4,537.2,27.0,57.5,Partly Cloudy,47.8,False,None,
URB-13829,LOC-05,Vani Vihar,20.2974,85.8364,2026-08-03 14:35:47,89,0.36,30.4,93,46.3,88.4,491.2,29.9,71.4,Fog,40.5,False,None,
URB-13830,LOC-06,Bhubaneswar Railway Station,20.2657,85.8436,2026-08-03 14:46:47,191,0.79,19.1,102,42.7,81.4,548.6,26.7,72.9,Rain,64.9,False,None,
URB-13831,LOC-07,Nandankanan Road,20.37,85.825,2026-08-03 15:00:47,193,0.71,19.9,142,66.1,126.7,566.3,26.5,58.0,Haze,68.3,False,None,
URB-13832,LOC-08,Kalarahanga Road,20.38,85.83,2026-08-03 15:19:47,112,0.48,31.7,69,33.6,58.2,493.5,29.1,67.4,Rain,40.4,False,None,
URB-13833,LOC-01,Patia Main Road,20.3533,85.8197,2026-08-03 15:27:47,188,0.77,21.3,106,47.7,95.1,565.7,29.3,47.6,Partly Cloudy,63.7,False,None,
URB-13834,LOC-02,Jayadev Vihar,20.301,85.8239,2026-08-03 15:43:47,205,0.9,16.6,122,51.8,93.9,588.9,29.4,55.2,Partly Cloudy,74.0,False,None,
URB-13835,LOC-03,Saheed Nagar,20.2872,85.8415,2026-08-03 16:02:47,287,0.98,12.4,202,92.4,172.7,661.5,25.3,75.7,Fog,93.0,False,None,
URB-13836,LOC-04,Khandagiri,20.2588,85.7836,2026-08-03 16:17:47,235,0.98,10.4,108,53.4,99.4,598.5,26.2,74.1,Rain,77.9,False,None,
URB-13837,LOC-05,Vani Vihar,20.2974,85.8364,2026-08-03 16:30:47,131,0.6,24.4,96,45.3,82.4,517.0,24.8,54.0,Haze,53.6,False,None,
URB-13838,LOC-06,Bhubaneswar Railway Station,20.2657,85.8436,2026-08-03 16:51:47,310,0.98,16.4,185,85.9,152.6,681.5,28.2,49.9,Haze,88.4,False,None,
URB-13839,LOC-07,Nandankanan Road,20.37,85.825,2026-08-03 17:04:47,298,0.98,10.9,179,76.8,138.6,654.9,26.4,75.4,Fog,90.1,False,None,
URB-13840,LOC-08,Kalarahanga Road,20.38,85.83,2026-08-03 17:22:47,212,0.78,32.4,103,52.3,100.3,598.2,24.1,59.9,Partly Cloudy,58.0,False,None,
URB-13841,LOC-01,Patia Main Road,20.3533,85.8197,2026-08-03 17:28:47,274,0.98,12.2,188,82.0,147.9,625.9,27.0,77.0,Fog,91.0,False,None,
URB-13842,LOC-02,Jayadev Vihar,20.301,85.8239,2026-08-03 17:46:47,358,0.98,15.0,186,80.3,147.2,721.0,27.9,48.7,Partly Cloudy,89.2,False,None,
URB-13843,LOC-03,Saheed Nagar,20.2872,85.8415,2026-08-03 18:02:47,210,0.91,11.0,121,59.4,107.7,594.0,24.9,81.7,Rain,77.1,False,None,
URB-13844,LOC-04,Khandagiri,20.2588,85.7836,2026-08-03 18:15:47,246,0.9,13.2,101,51.4,99.0,599.1,23.4,77.4,Heavy Rain,72.1,False,None,
URB-13845,LOC-05,Vani Vihar,20.2974,85.8364,2026-08-03 18:33:47,130,0.54,23.5,108,52.6,92.0,520.4,25.7,56.5,Haze,53.8,False,None,
URB-13846,LOC-06,Bhubaneswar Railway Station,20.2657,85.8436,2026-08-03 18:52:47,312,0.98,18.7,175,79.5,139.0,676.9,26.0,57.8,Partly Cloudy,85.5,False,None,
URB-13847,LOC-07,Nandankanan Road,20.37,85.825,2026-08-03 19:01:47,227,0.91,11.2,108,45.2,87.3,582.7,22.9,75.9,Heavy Rain,74.7,False,None,
URB-13848,LOC-08,Kalarahanga Road,20.38,85.83,2026-08-03 19:18:47,186,0.68,31.0,139,63.0,112.1,555.6,24.1,63.1,Haze,61.0,False,None,
URB-13849,LOC-01,Patia Main Road,20.3533,85.8197,2026-08-03 19:35:47,302,0.98,9.7,138,60.9,106.3,652.2,22.5,86.2,Heavy Rain,83.5,False,None,
URB-13850,LOC-02,Jayadev Vihar,20.301,85.8239,2026-08-03 19:46:47,401,0.98,12.1,258,119.8,225.1,767.2,23.1,58.9,Haze,93.2,False,None,
URB-13851,LOC-03,Saheed Nagar,20.2872,85.8415,2026-08-03 20:00:47,125,0.48,23.8,127,55.5,99.5,502.3,20.8,65.5,Haze,54.5,False,None,
URB-13852,LOC-04,Khandagiri,20.2588,85.7836,2026-08-03 20:20:47,103,0.41,27.9,106,45.5,77.6,480.9,21.5,80.7,Fog,46.0,False,None,
URB-13853,LOC-05,Vani Vihar,20.2974,85.8364,2026-08-03 20:34:47,69,0.31,35.2,55,27.4,55.8,453.0,22.0,64.1,Clear,29.4,False,None,
URB-13854,LOC-06,Bhubaneswar Railway Station,20.2657,85.8436,2026-08-03 20:42:47,190,0.81,28.0,122,53.6,95.1,576.9,23.9,55.8,Clear,64.8,False,None,
URB-13855,LOC-07,Nandankanan Road,20.37,85.825,2026-08-03 20:59:47,137,0.61,21.3,118,51.8,88.6,525.9,20.7,85.5,Fog,59.4,False,None,
URB-13856,LOC-08,Kalarahanga Road,20.38,85.83,2026-08-03 21:21:47,101,0.45,35.9,99,41.2,78.4,478.6,19.3,69.5,Haze,42.4,False,None,
URB-13857,LOC-01,Patia Main Road,20.3533,85.8197,2026-08-03 21:31:47,170,0.64,20.8,139,68.1,127.1,549.0,21.5,86.6,Fog,64.5,False,None,
URB-13858,LOC-02,Jayadev Vihar,20.301,85.8239,2026-08-03 21:49:47,164,0.73,15.1,100,42.0,75.9,548.9,20.4,82.5,Heavy Rain,64.2,False,None,
URB-13859,LOC-03,Saheed Nagar,20.2872,85.8415,2026-08-03 22:00:47,58,0.23,26.3,65,30.1,54.9,443.5,20.7,83.0,Heavy Rain,32.4,False,None,
URB-13860,LOC-04,Khandagiri,20.2588,85.7836,2026-08-03 22:13:47,50,0.21,36.1,64,30.5,62.6,431.7,20.0,69.8,Partly Cloudy,26.6,False,None,
URB-13861,LOC-05,Vani Vihar,20.2974,85.8364,2026-08-03 22:33:47,26,0.09,37.6,60,29.4,54.4,424.8,19.6,66.1,Haze,20.3,False,None,
URB-13862,LOC-06,Bhubaneswar Railway Station,20.2657,85.8436,2026-08-03 22:48:47,78,0.27,48.9,77,33.2,60.8,457.7,19.3,67.3,Partly Cloudy,26.8,False,None,
URB-13863,LOC-07,Nandankanan Road,20.37,85.825,2026-08-03 23:05:47,56,0.26,26.3,53,25.6,48.0,441.1,17.5,90.1,Heavy Rain,31.5,False,None,
URB-13864,LOC-08,Kalarahanga Road,20.38,85.83,2026-08-03 23:19:47,37,0.13,54.8,74,37.2,64.8,448.2,18.2,83.3,Fog,20.6,False,None,
URB-13865,LOC-01,Patia Main Road,20.3533,85.8197,2026-08-03 23:30:47,58,0.22,25.4,53,20.5,45.0,438.6,19.4,89.1,Heavy Rain,30.4,False,None,
URB-13866,LOC-02,Jayadev Vihar,20.301,85.8239,2026-08-03 23:44:47,86,0.35,36.2,92,41.9,70.8,465.7,17.5,71.6,Partly Cloudy,37.0,False,None,
URB-13867,LOC-03,Saheed Nagar,20.2872,85.8415,2026-08-04 00:07:47,62,0.26,28.2,80,35.0,61.7,435.5,14.8,96.3,Heavy Rain,35.3,False,None,
URB-13868,LOC-04,Khandagiri,20.2588,85.7836,2026-08-04 00:18:47,41,0.16,25.9,51,26.4,57.0,420.8,16.1,88.3,Rain,27.4,False,None,
URB-13869,LOC-05,Vani Vihar,20.2974,85.8364,2026-08-04 00:28:47,26,0.1,40.2,40,19.8,40.7,414.5,15.9,74.7,Clear,15.9,False,None,
URB-13870,LOC-06,Bhubaneswar Railway Station,20.2657,85.8436,2026-08-04 00:51:47,67,0.33,14.1,72,32.1,55.7,454.5,16.1,91.2,Heavy Rain,27.5,True,Severe Gridlock,Critical speed drop to 14.1 km/h indicating major arterial blockade.
URB-13871,LOC-07,Nandankanan Road,20.37,85.825,2026-08-04 01:00:47,53,0.2,30.2,52,26.3,57.1,430.4,15.7,91.2,Rain,27.0,False,None,
URB-13872,LOC-08,Kalarahanga Road,20.38,85.83,2026-08-04 01:20:47,35,0.15,44.7,45,25.0,40.5,445.8,15.3,90.1,Heavy Rain,16.5,False,None,
URB-13873,LOC-01,Patia Main Road,20.3533,85.8197,2026-08-04 01:30:47,70,0.31,37.1,77,30.9,52.7,460.6,16.9,68.4,Partly Cloudy,32.3,False,None,
URB-13874,LOC-02,Jayadev Vihar,20.301,85.8239,2026-08-04 01:46:47,78,0.35,35.7,75,31.9,63.8,448.8,17.9,65.8,Partly Cloudy,34.3,False,None,
URB-13875,LOC-03,Saheed Nagar,20.2872,85.8415,2026-08-04 01:57:47,55,0.22,29.6,70,36.2,61.6,426.9,16.6,87.2,Heavy Rain,31.2,False,None,
URB-13876,LOC-04,Khandagiri,20.2588,85.7836,2026-08-04 02:15:47,41,0.22,11.8,75,30.2,54.9,435.4,17.6,89.6,Fog,28.1,True,Severe Gridlock,Critical speed drop to 11.8 km/h indicating major arterial blockade.
URB-13877,LOC-05,Vani Vihar,20.2974,85.8364,2026-08-04 02:36:47,35,0.14,28.8,42,18.8,29.4,423.9,18.4,83.0,Rain,23.5,False,None,
URB-13878,LOC-06,Bhubaneswar Railway Station,20.2657,85.8436,2026-08-04 02:46:47,79,0.27,48.1,103,42.5,83.6,459.2,18.4,65.1,Haze,31.3,False,None,
URB-13879,LOC-07,Nandankanan Road,20.37,85.825,2026-08-04 02:58:47,51,0.19,25.3,54,21.4,47.2,435.2,14.8,89.7,Rain,29.4,False,None,
URB-13880,LOC-08,Kalarahanga Road,20.38,85.83,2026-08-04 03:21:47,41,0.18,42.1,46,26.4,51.5,417.1,14.1,95.7,Rain,19.2,False,None,
URB-13881,LOC-01,Patia Main Road,20.3533,85.8197,2026-08-04 03:36:47,54,0.24,30.1,94,44.0,74.5,435.3,16.2,69.9,Haze,36.0,False,None,
URB-13882,LOC-02,Jayadev Vihar,20.301,85.8239,2026-08-04 03:47:47,122,0.42,32.2,104,43.5,85.7,439.0,16.6,85.4,Fog,38.7,True,Traffic Bottleneck,Sudden vehicular surge of 122 vehicles/min exceeding corridor capacity.
URB-13883,LOC-03,Saheed Nagar,20.2872,85.8415,2026-08-04 04:02:47,48,0.21,29.5,105,53.1,100.4,433.6,15.4,69.9,Haze,37.0,False,None,
URB-13884,LOC-04,Khandagiri,20.2588,85.7836,2026-08-04 04:19:47,40,0.14,41.3,130,52.1,54.3,412.3,14.9,69.6,Partly Cloudy,18.7,True,Air Quality Hazard,"Hazardous particulate spike (AQI 130, PM2.5 52.1 µg/m³) detected near Khandagiri."
URB-13885,LOC-05,Vani Vihar,20.2974,85.8364,2026-08-04 04:29:47,35,0.15,31.5,45,22.7,46.2,433.6,19.3,86.5,Rain,23.1,False,None,
URB-13886,LOC-06,Bhubaneswar Railway Station,20.2657,85.8436,2026-08-04 04:42:47,79,0.32,34.6,69,37.0,71.8,457.2,18.7,85.3,Rain,32.6,False,None,
URB-13887,LOC-07,Nandankanan Road,20.37,85.825,2026-08-04 05:00:47,61,0.21,37.1,68,34.4,58.4,460.5,19.7,68.0,Partly Cloudy,26.8,False,None,
URB-13888,LOC-08,Kalarahanga Road,20.38,85.83,2026-08-04 05:21:47,37,0.15,59.6,54,28.4,52.1,417.7,18.5,68.0,Partly Cloudy,18.0,False,None,
URB-13889,LOC-01,Patia Main Road,20.3533,85.8197,2026-08-04 05:27:47,72,0.33,27.4,94,48.1,89.5,479.1,19.8,83.6,Fog,41.0,False,None,
URB-13890,LOC-02,Jayadev Vihar,20.301,85.8239,2026-08-04 05:46:47,88,0.36,26.6,107,50.0,87.1,454.8,20.2,64.8,Haze,44.8,False,None,
URB-13891,LOC-03,Saheed Nagar,20.2872,85.8415,2026-08-04 06:05:47,122,0.49,23.6,134,58.4,107.2,513.4,21.3,58.5,Haze,56.3,False,None,
URB-13892,LOC-04,Khandagiri,20.2588,85.7836,2026-08-04 06:14:47,108,0.44,31.5,73,29.5,51.9,494.9,19.9,65.3,Clear,39.6,False,None,
URB-13893,LOC-05,Vani Vihar,20.2974,85.8364,2026-08-04 06:35:47,81,0.3,32.2,61,26.6,54.0,471.6,20.0,61.2,Clear,31.6,False,None,
URB-13894,LOC-06,Bhubaneswar Railway Station,20.2657,85.8436,2026-08-04 06:45:47,185,0.71,27.8,162,71.9,134.3,542.8,16.7,67.7,Haze,67.8,False,None,
URB-13895,LOC-07,Nandankanan Road,20.37,85.825,2026-08-04 06:59:47,124,0.46,28.1,102,45.1,89.4,486.9,20.1,62.7,Haze,47.2,False,None,
URB-13896,LOC-08,Kalarahanga Road,20.38,85.83,2026-08-04 07:18:47,174,0.67,31.6,104,49.7,95.5,542.4,22.6,62.7,Partly Cloudy,54.2,False,None,
URB-13897,LOC-01,Patia Main Road,20.3533,85.8197,2026-08-04 07:34:47,258,0.98,14.4,130,59.5,108.6,633.7,18.6,63.6,Clear,79.8,False,None,
URB-13898,LOC-02,Jayadev Vihar,20.301,85.8239,2026-08-04 07:46:47,412,0.98,12.6,258,121.4,219.7,747.3,20.0,83.4,Fog,92.9,False,None,
URB-13899,LOC-03,Saheed Nagar,20.2872,85.8415,2026-08-04 07:58:47,281,0.98,10.6,142,59.9,103.8,639.8,18.4,89.4,Heavy Rain,83.8,False,None,
URB-13900,LOC-04,Khandagiri,20.2588,85.7836,2026-08-04 08:15:47,184,0.72,19.3,127,57.8,102.7,555.9,24.4,59.7,Haze,66.4,False,None,
URB-13901,LOC-05,Vani Vihar,20.2974,85.8364,2026-08-04 08:37:47,138,0.52,27.4,89,36.3,67.6,511.5,21.5,59.4,Partly Cloudy,47.7,False,None,
URB-13902,LOC-06,Bhubaneswar Railway Station,20.2657,85.8436,2026-08-04 08:52:47,300,0.98,21.1,155,71.9,124.5,679.4,22.4,62.8,Clear,80.8,False,None,
URB-13903,LOC-07,Nandankanan Road,20.37,85.825,2026-08-04 09:01:47,272,0.95,15.2,126,53.0,97.9,635.7,22.7,60.4,Partly Cloudy,77.4,False,None,
URB-13904,LOC-08,Kalarahanga Road,20.38,85.83,2026-08-04 09:16:47,214,0.94,21.7,111,54.6,100.9,570.8,25.8,54.8,Clear,71.2,False,None,
URB-13905,LOC-01,Patia Main Road,20.3533,85.8197,2026-08-04 09:28:47,287,0.98,9.8,129,56.6,106.3,647.6,25.9,74.8,Rain,81.9,False,None,
URB-13906,LOC-02,Jayadev Vihar,20.301,85.8239,2026-08-04 09:43:47,318,0.98,9.4,270,123.7,111.0,692.3,23.5,81.2,Heavy Rain,81.9,True,Air Quality Hazard,"Hazardous particulate spike (AQI 270, PM2.5 123.7 µg/m³) detected near Jayadev Vihar."
URB-13907,LOC-03,Saheed Nagar,20.2872,85.8415,2026-08-04 10:06:47,177,0.7,21.4,133,57.3,102.8,546.9,23.0,62.0,Clear,65.6,False,None,
URB-13908,LOC-04,Khandagiri,20.2588,85.7836,2026-08-04 10:19:47,159,0.73,17.7,109,48.8,83.7,529.7,27.3,77.7,Fog,64.4,False,None,
URB-13909,LOC-05,Vani Vihar,20.2974,85.8364,2026-08-04 10:29:47,107,0.39,21.3,66,27.5,48.7,475.8,22.8,80.0,Rain,41.5,False,None,
URB-13910,LOC-06,Bhubaneswar Railway Station,20.2657,85.8436,2026-08-04 10:49:47,227,0.96,19.8,362,179.6,163.4,594.2,25.8,77.5,Fog,84.8,True,Air Quality Hazard,"Hazardous particulate spike (AQI 362, PM2.5 179.6 µg/m³) detected near Bhubaneswar Railway Station."
URB-13911,LOC-07,Nandankanan Road,20.37,85.825,2026-08-04 11:03:47,195,0.79,19.7,124,61.2,115.6,587.9,26.1,56.7,Clear,68.5,False,None,
URB-13912,LOC-08,Kalarahanga Road,20.38,85.83,2026-08-04 11:22:47,121,0.52,32.2,99,43.4,82.5,492.4,23.8,78.8,Fog,47.0,False,None,
URB-13913,LOC-01,Patia Main Road,20.3533,85.8197,2026-08-04 11:34:47,196,0.72,18.6,131,63.6,117.0,552.5,23.9,55.3,Haze,67.4,False,None,
URB-13914,LOC-02,Jayadev Vihar,20.301,85.8239,2026-08-04 11:47:47,211,0.73,17.1,171,73.0,130.6,600.3,27.7,53.3,Haze,75.6,False,None,
URB-13915,LOC-03,Saheed Nagar,20.2872,85.8415,2026-08-04 12:02:47,182,0.67,21.2,152,66.5,120.8,544.3,28.5,68.1,Fog,67.8,False,None,
URB-13916,LOC-04,Khandagiri,20.2588,85.7836,2026-08-04 12:13:47,170,0.73,16.2,93,43.7,74.3,554.6,26.2,73.8,Heavy Rain,62.4,False,None,
URB-13917,LOC-05,Vani Vihar,20.2974,85.8364,2026-08-04 12:36:47,105,0.43,28.9,100,42.3,79.9,501.2,25.3,77.0,Fog,45.2,False,None,
URB-13918,LOC-06,Bhubaneswar Railway Station,20.2657,85.8436,2026-08-04 12:49:47,201,0.77,32.5,118,57.8,109.9,571.9,25.6,54.6,Clear,60.2,False,None,
URB-13919,LOC-07,Nandankanan Road,20.37,85.825,2026-08-04 13:05:47,194,0.73,18.2,131,61.4,113.0,572.8,26.3,71.2,Fog,68.0,False,None,
URB-13920,LOC-08,Kalarahanga Road,20.38,85.83,2026-08-04 13:20:47,103,0.43,38.3,92,40.0,71.6,470.3,29.7,53.6,Haze,39.1,False,None,
URB-13921,LOC-01,Patia Main Road,20.3533,85.8197,2026-08-04 13:29:47,202,0.75,18.2,146,70.0,127.1,567.0,26.7,59.3,Haze,71.5,False,None,
URB-13922,LOC-02,Jayadev Vihar,20.301,85.8239,2026-08-04 13:42:47,221,0.95,11.5,99,41.2,71.7,603.3,25.9,76.5,Rain,74.6,False,None,
URB-13923,LOC-03,Saheed Nagar,20.2872,85.8415,2026-08-04 14:04:47,152,0.67,20.2,140,66.0,120.7,535.3,27.7,53.6,Haze,66.2,False,None,
URB-13924,LOC-04,Khandagiri,20.2588,85.7836,2026-08-04 14:15:47,153,0.54,23.9,118,57.6,100.5,544.8,28.1,51.0,Haze,55.3,False,None,
URB-13925,LOC-05,Vani Vihar,20.2974,85.8364,2026-08-04 14:32:47,100,0.44,21.8,53,24.5,50.9,491.5,28.5,73.6,Rain,41.0,False,None,
URB-13926,LOC-06,Bhubaneswar Railway Station,20.2657,85.8436,2026-08-04 14:49:47,181,0.68,29.8,134,58.3,111.6,551.4,26.6,60.0,Haze,60.8,False,None,
URB-13927,LOC-07,Nandankanan Road,20.37,85.825,2026-08-04 14:59:47,160,0.61,17.4,81,39.4,69.8,544.5,28.4,72.9,Heavy Rain,54.9,False,None,
URB-13928,LOC-08,Kalarahanga Road,20.38,85.83,2026-08-04 15:17:47,141,0.51,38.0,105,46.5,92.5,506.1,27.6,54.9,Haze,44.8,False,None,
URB-13929,LOC-01,Patia Main Road,20.3533,85.8197,2026-08-04 15:29:47,186,0.73,17.4,130,57.3,98.2,572.2,29.2,46.4,Haze,68.2,False,None,
URB-13930,LOC-02,Jayadev Vihar,20.301,85.8239,2026-08-04 15:51:47,199,0.72,15.6,94,41.1,75.9,582.7,30.1,73.6,Heavy Rain,62.5,False,None,
URB-13931,LOC-03,Saheed Nagar,20.2872,85.8415,2026-08-04 16:03:47,292,0.98,9.9,127,58.9,106.9,640.0,25.9,72.8,Heavy Rain,81.5,False,None,
URB-13932,LOC-04,Khandagiri,20.2588,85.7836,2026-08-04 16:21:47,241,0.84,19.4,126,61.8,107.9,608.8,26.4,54.4,Partly Cloudy,71.0,False,None,
URB-13933,LOC-05,Vani Vihar,20.2974,85.8364,2026-08-04 16:32:47,144,0.54,23.1,212,101.4,82.3,513.3,25.9,80.2,Fog,51.9,True,Air Quality Hazard,"Hazardous particulate spike (AQI 212, PM2.5 101.4 µg/m³) detected near Vani Vihar."
URB-13934,LOC-06,Bhubaneswar Railway Station,20.2657,85.8436,2026-08-04 16:42:47,328,0.98,18.2,200,87.9,165.8,682.1,29.4,70.0,Fog,90.1,False,None,
URB-13935,LOC-07,Nandankanan Road,20.37,85.825,2026-08-04 17:04:47,235,0.91,12.0,106,47.2,81.2,593.7,26.6,70.4,Rain,74.0,False,None,
URB-13936,LOC-08,Kalarahanga Road,20.38,85.83,2026-08-04 17:15:47,211,0.76,21.9,99,49.9,91.7,566.8,25.2,73.0,Rain,61.8,False,None,
URB-13937,LOC-01,Patia Main Road,20.3533,85.8197,2026-08-04 17:35:47,278,0.98,10.4,120,59.3,104.2,638.5,26.3,72.5,Heavy Rain,80.0,False,None,
URB-13938,LOC-02,Jayadev Vihar,20.301,85.8239,2026-08-04 17:42:47,353,0.98,15.2,195,92.8,173.5,718.3,27.1,54.6,Clear,90.7,False,None,
URB-13939,LOC-03,Saheed Nagar,20.2872,85.8415,2026-08-04 17:58:47,215,0.78,21.1,129,56.3,110.2,575.4,28.4,48.9,Clear,68.2,False,None,
URB-13940,LOC-04,Khandagiri,20.2588,85.7836,2026-08-04 18:15:47,219,0.76,14.5,102,44.5,83.4,593.1,22.6,82.6,Heavy Rain,66.0,False,None,
URB-13941,LOC-05,Vani Vihar,20.2974,85.8364,2026-08-04 18:35:47,139,0.52,19.0,76,33.9,65.5,537.5,23.3,76.1,Rain,49.6,False,None,
URB-13942,LOC-06,Bhubaneswar Railway Station,20.2657,85.8436,2026-08-04 18:51:47,288,0.98,20.3,151,71.4,132.7,639.5,26.9,52.6,Partly Cloudy,80.5,False,None,
URB-13943,LOC-07,Nandankanan Road,20.37,85.825,2026-08-04 18:57:47,268,0.98,9.3,120,59.9,106.8,654.8,26.8,76.4,Rain,80.6,False,None,
URB-13944,LOC-08,Kalarahanga Road,20.38,85.83,2026-08-04 19:12:47,166,0.66,22.8,73,29.0,52.0,549.1,23.1,84.6,Rain,52.8,False,None,
URB-13945,LOC-01,Patia Main Road,20.3533,85.8197,2026-08-04 19:29:47,351,0.98,15.5,190,89.6,156.4,701.9,24.4,61.1,Partly Cloudy,89.7,False,None,
URB-13946,LOC-02,Jayadev Vihar,20.301,85.8239,2026-08-04 19:47:47,304,0.98,15.3,172,80.1,146.5,661.4,23.0,57.9,Clear,86.7,False,None,
URB-13947,LOC-03,Saheed Nagar,20.2872,85.8415,2026-08-04 19:58:47,280,0.98,13.0,149,72.7,127.0,640.9,24.6,59.9,Clear,83.8,False,None,
URB-13948,LOC-04,Khandagiri,20.2588,85.7836,2026-08-04 20:14:47,98,0.43,29.2,74,37.2,69.1,477.1,22.2,57.4,Partly Cloudy,40.5,False,None,
URB-13949,LOC-05,Vani Vihar,20.2974,85.8364,2026-08-04 20:28:47,71,0.3,23.9,56,30.2,57.2,465.7,23.8,83.6,Heavy Rain,34.9,False,None,
URB-13950,LOC-06,Bhubaneswar Railway Station,20.2657,85.8436,2026-08-04 20:45:47,161,0.64,26.1,88,43.7,76.6,529.3,22.8,76.3,Heavy Rain,53.0,False,None,
URB-13951,LOC-07,Nandankanan Road,20.37,85.825,2026-08-04 21:03:47,120,0.53,24.4,111,46.2,92.3,517.1,20.0,64.1,Haze,53.4,False,None,
URB-13952,LOC-08,Kalarahanga Road,20.38,85.83,2026-08-04 21:17:47,90,0.31,33.3,62,30.8,60.3,488.5,20.4,83.0,Heavy Rain,66.6,True,Multi-Vector Urban Risk,Combined extreme congestion (31%) and high particulate pollution.
URB-13953,LOC-01,Patia Main Road,20.3533,85.8197,2026-08-04 21:27:47,138,0.48,27.4,110,53.5,95.6,517.3,18.4,83.8,Fog,49.8,False,None,
URB-13954,LOC-02,Jayadev Vihar,20.301,85.8239,2026-08-04 21:49:47,165,0.6,20.6,130,60.2,107.3,539.8,21.6,82.6,Fog,61.5,False,None,
URB-13955,LOC-03,Saheed Nagar,20.2872,85.8415,2026-08-04 22:03:47,60,0.25,33.0,118,54.2,94.7,459.4,21.2,65.5,Haze,39.1,False,None,
URB-13956,LOC-04,Khandagiri,20.2588,85.7836,2026-08-04 22:22:47,41,0.18,26.0,43,24.4,45.2,451.6,20.6,85.2,Heavy Rain,26.7,False,None,
URB-13957,LOC-05,Vani Vihar,20.2974,85.8364,2026-08-04 22:35:47,31,0.12,43.3,41,16.5,30.6,426.9,19.3,61.7,Clear,15.3,False,None,
URB-13958,LOC-06,Bhubaneswar Railway Station,20.2657,85.8436,2026-08-04 22:44:47,74,0.28,34.8,70,35.5,69.2,461.0,19.5,82.1,Rain,31.1,False,None,
URB-13959,LOC-07,Nandankanan Road,20.37,85.825,2026-08-04 23:04:47,51,0.18,41.7,66,29.6,61.3,460.8,16.4,68.6,Partly Cloudy,22.9,False,None,
URB-13960,LOC-08,Kalarahanga Road,20.38,85.83,2026-08-04 23:14:47,45,0.18,47.0,71,35.8,60.5,418.9,18.6,85.5,Fog,57.1,True,Multi-Vector Urban Risk,Combined extreme congestion (18%) and high particulate pollution.
URB-13961,LOC-01,Patia Main Road,20.3533,85.8197,2026-08-04 23:29:47,71,0.31,27.3,65,34.7,71.7,447.9,18.2,87.0,Rain,35.1,False,None,
URB-13962,LOC-02,Jayadev Vihar,20.301,85.8239,2026-08-04 23:47:47,78,0.3,37.3,73,29.7,62.1,481.5,17.7,73.2,Partly Cloudy,31.1,False,None,
URB-13963,LOC-03,Saheed Nagar,20.2872,85.8415,2026-08-04 23:57:47,47,0.2,25.7,67,29.8,49.5,445.7,17.9,92.9,Heavy Rain,31.9,False,None,
URB-13964,LOC-04,Khandagiri,20.2588,85.7836,2026-08-05 00:15:47,47,0.2,27.9,49,25.4,47.0,457.2,18.2,92.4,Heavy Rain,27.6,False,None,
URB-13965,LOC-05,Vani Vihar,20.2974,85.8364,2026-08-05 00:32:47,31,0.13,31.8,61,27.5,55.6,441.2,16.2,93.9,Fog,25.0,False,None,
URB-13966,LOC-06,Bhubaneswar Railway Station,20.2657,85.8436,2026-08-05 00:48:47,79,0.32,36.8,68,33.3,66.0,478.0,17.7,91.9,Rain,31.3,False,None,
URB-13967,LOC-07,Nandankanan Road,20.37,85.825,2026-08-05 01:07:47,66,0.25,24.6,55,28.4,56.7,451.1,15.9,87.3,Rain,32.3,False,None,
URB-13968,LOC-08,Kalarahanga Road,20.38,85.83,2026-08-05 01:14:47,34,0.12,57.2,53,24.6,53.9,444.3,14.2,75.9,Partly Cloudy,16.6,False,None,
URB-13969,LOC-01,Patia Main Road,20.3533,85.8197,2026-08-05 01:37:47,54,0.2,32.5,77,39.9,74.9,427.8,15.3,87.4,Fog,30.2,False,None,
URB-13970,LOC-02,Jayadev Vihar,20.301,85.8239,2026-08-05 01:47:47,75,0.27,34.1,87,36.0,63.1,446.5,15.2,69.3,Clear,34.0,False,None,
URB-13971,LOC-03,Saheed Nagar,20.2872,85.8415,2026-08-05 02:00:47,57,0.26,28.6,110,46.1,93.0,443.9,13.9,75.9,Haze,40.3,False,None,
URB-13972,LOC-04,Khandagiri,20.2588,85.7836,2026-08-05 02:15:47,42,0.17,29.7,53,26.2,56.3,447.7,17.8,85.4,Rain,26.2,False,None,
URB-13973,LOC-05,Vani Vihar,20.2974,85.8364,2026-08-05 02:31:47,30,0.12,41.8,50,19.8,44.8,407.6,16.9,65.0,Clear,17.7,False,None,
URB-13974,LOC-06,Bhubaneswar Railway Station,20.2657,85.8436,2026-08-05 02:46:47,74,0.31,34.3,73,33.0,68.7,462.1,15.0,92.1,Rain,33.0,False,None,
URB-13975,LOC-07,Nandankanan Road,20.37,85.825,2026-08-05 03:06:47,60,0.27,30.6,73,38.1,68.4,436.0,18.4,68.4,Haze,33.3,False,None,
URB-13976,LOC-08,Kalarahanga Road,20.38,85.83,2026-08-05 03:17:47,35,0.16,63.1,48,21.5,40.2,410.9,14.8,72.5,Clear,17.3,False,None,
URB-13977,LOC-01,Patia Main Road,20.3533,85.8197,2026-08-05 03:27:47,59,0.22,28.4,55,25.4,42.6,447.5,17.0,91.4,Rain,29.2,False,None,
URB-13978,LOC-02,Jayadev Vihar,20.301,85.8239,2026-08-05 03:49:47,73,0.31,37.7,78,36.4,72.0,479.2,17.7,65.2,Clear,32.2,False,None,
URB-13979,LOC-03,Saheed Nagar,20.2872,85.8415,2026-08-05 03:57:47,57,0.24,31.5,117,51.4,95.8,465.8,15.8,76.2,Haze,39.3,False,None,
URB-13980,LOC-04,Khandagiri,20.2588,85.7836,2026-08-05 04:15:47,48,0.22,39.2,58,29.5,62.1,453.8,17.1,73.2,Clear,24.3,False,None,
URB-13981,LOC-05,Vani Vihar,20.2974,85.8364,2026-08-05 04:31:47,35,0.12,31.3,39,22.3,41.9,411.2,18.4,88.8,Heavy Rain,21.0,False,None,
URB-13982,LOC-06,Bhubaneswar Railway Station,20.2657,85.8436,2026-08-05 04:42:47,65,0.23,36.2,75,30.2,58.4,461.7,17.0,91.8,Rain,29.2,False,None,
URB-13983,LOC-07,Nandankanan Road,20.37,85.825,2026-08-05 05:03:47,54,0.21,27.2,50,22.1,44.7,447.2,15.5,89.7,Heavy Rain,28.5,False,None,
URB-13984,LOC-08,Kalarahanga Road,20.38,85.83,2026-08-05 05:17:47,35,0.15,38.2,46,18.6,30.2,426.9,18.5,83.9,Heavy Rain,19.9,False,None,
URB-13985,LOC-01,Patia Main Road,20.3533,85.8197,2026-08-05 05:36:47,75,0.3,28.5,96,46.0,83.3,475.4,16.8,94.1,Fog,39.5,False,None,
URB-13986,LOC-02,Jayadev Vihar,20.301,85.8239,2026-08-05 05:51:47,85,0.34,23.4,73,30.3,54.6,466.0,19.9,87.2,Heavy Rain,39.7,False,None,
URB-13987,LOC-03,Saheed Nagar,20.2872,85.8415,2026-08-05 06:01:47,130,0.51,28.5,118,58.8,107.4,499.1,19.0,62.3,Partly Cloudy,51.8,False,None,
URB-13988,LOC-04,Khandagiri,20.2588,85.7836,2026-08-05 06:22:47,117,0.44,24.6,68,32.3,62.4,504.5,21.1,86.4,Rain,42.2,False,None,
URB-13989,LOC-05,Vani Vihar,20.2974,85.8364,2026-08-05 06:37:47,76,0.31,33.4,66,30.9,55.5,475.5,19.5,68.1,Partly Cloudy,32.2,False,None,
URB-13990,LOC-06,Bhubaneswar Railway Station,20.2657,85.8436,2026-08-05 06:43:47,170,0.72,24.5,100,42.2,73.3,540.0,17.6,86.7,Heavy Rain,59.0,False,None,
URB-13991,LOC-07,Nandankanan Road,20.37,85.825,2026-08-05 07:01:47,291,0.98,9.2,134,61.8,120.5,653.0,22.2,78.2,Rain,83.1,False,None,
URB-13992,LOC-08,Kalarahanga Road,20.38,85.83,2026-08-05 07:12:47,155,0.67,23.2,88,43.5,76.3,541.3,20.4,86.3,Rain,55.6,False,None,
URB-13993,LOC-01,Patia Main Road,20.3533,85.8197,2026-08-05 07:34:47,291,0.98,10.8,138,63.8,119.0,638.9,20.2,89.3,Heavy Rain,83.0,False,None,
URB-13994,LOC-02,Jayadev Vihar,20.301,85.8239,2026-08-05 07:52:47,294,0.98,12.5,199,88.4,161.4,653.7,22.0,66.1,Haze,92.8,False,None,
URB-13995,LOC-03,Saheed Nagar,20.2872,85.8415,2026-08-05 08:00:47,292,0.98,9.9,140,64.1,118.8,639.5,20.1,87.3,Rain,83.8,False,None,
URB-13996,LOC-04,Khandagiri,20.2588,85.7836,2026-08-05 08:21:47,244,0.86,18.6,121,51.1,98.0,619.3,19.5,66.6,Partly Cloudy,71.3,False,None,
URB-13997,LOC-05,Vani Vihar,20.2974,85.8364,2026-08-05 08:31:47,159,0.63,21.9,103,47.2,82.8,520.3,21.2,61.9,Haze,57.3,False,None,
URB-13998,LOC-06,Bhubaneswar Railway Station,20.2657,85.8436,2026-08-05 08:46:47,371,0.98,17.3,220,96.4,174.3,739.7,21.1,87.6,Fog,90.6,False,None,
URB-13999,LOC-07,Nandankanan Road,20.37,85.825,2026-08-05 09:00:47,275,0.98,12.9,155,72.9,134.6,657.2,22.8,61.5,Haze,84.9,False,None,
URB-14000,LOC-08,Kalarahanga Road,20.38,85.83,2026-08-05 09:20:47,172,0.63,33.6,93,46.4,82.5,561.6,23.1,63.1,Partly Cloudy,49.7,False,None,
URB-14001,LOC-01,Patia Main Road,20.3533,85.8197,2026-08-05 09:30:47,318,0.98,10.9,141,66.8,124.6,672.8,25.7,81.1,Rain,83.4,False,None,
URB-14002,LOC-02,Jayadev Vihar,20.301,85.8239,2026-08-05 09:46:47,377,0.98,12.6,253,114.4,209.1,739.5,25.8,58.3,Haze,92.9,False,None,
URB-14003,LOC-03,Saheed Nagar,20.2872,85.8415,2026-08-05 09:58:47,284,0.98,12.7,208,99.2,174.6,657.4,25.5,58.4,Haze,92.8,False,None,
URB-14004,LOC-04,Khandagiri,20.2588,85.7836,2026-08-05 10:19:47,154,0.54,21.8,131,56.5,109.8,545.8,22.6,64.1,Haze,58.6,False,None,
URB-14005,LOC-05,Vani Vihar,20.2974,85.8364,2026-08-05 10:35:47,108,0.5,30.3,80,39.9,73.6,508.6,26.4,51.8,Partly Cloudy,43.9,False,None,
URB-14006,LOC-06,Bhubaneswar Railway Station,20.2657,85.8436,2026-08-05 10:45:47,208,0.77,19.7,103,50.2,95.8,565.0,25.8,73.2,Rain,64.0,False,None,
URB-14007,LOC-07,Nandankanan Road,20.37,85.825,2026-08-05 11:00:47,209,0.89,13.4,152,74.1,130.5,595.4,27.1,71.7,Fog,80.5,False,None,
URB-14008,LOC-08,Kalarahanga Road,20.38,85.83,2026-08-05 11:19:47,117,0.41,38.0,92,44.1,85.9,504.6,26.8,50.0,Haze,38.5,False,None,
URB-14009,LOC-01,Patia Main Road,20.3533,85.8197,2026-08-05 11:33:47,185,0.7,19.8,126,61.2,112.4,567.1,28.4,75.7,Fog,65.1,False,None,
URB-14010,LOC-02,Jayadev Vihar,20.301,85.8239,2026-08-05 11:50:47,232,0.98,13.6,118,50.9,91.1,592.5,27.5,54.2,Partly Cloudy,78.0,False,None,
URB-14011,LOC-03,Saheed Nagar,20.2872,85.8415,2026-08-05 12:05:47,173,0.62,23.7,144,61.5,115.9,545.2,26.4,73.7,Fog,63.1,False,None,
URB-14012,LOC-04,Khandagiri,20.2588,85.7836,2026-08-05 12:22:47,169,0.94,7.1,126,55.8,104.4,541.7,26.2,58.4,Haze,65.8,True,Severe Gridlock,Critical speed drop to 7.1 km/h indicating major arterial blockade.
URB-14013,LOC-05,Vani Vihar,20.2974,85.8364,2026-08-05 12:27:47,82,0.35,25.4,58,23.8,48.7,483.0,27.0,79.2,Rain,36.5,False,None,
URB-14014,LOC-06,Bhubaneswar Railway Station,20.2657,85.8436,2026-08-05 12:47:47,222,0.79,26.1,169,77.8,135.4,604.7,27.8,77.7,Fog,73.1,False,None,
URB-14015,LOC-07,Nandankanan Road,20.37,85.825,2026-08-05 12:59:47,192,0.68,21.5,98,41.6,81.2,573.4,25.4,59.5,Clear,58.6,False,None,
URB-14016,LOC-08,Kalarahanga Road,20.38,85.83,2026-08-05 13:14:47,117,0.51,34.3,92,38.0,64.2,494.6,30.1,66.4,Fog,44.4,False,None,
URB-14017,LOC-01,Patia Main Road,20.3533,85.8197,2026-08-05 13:33:47,219,0.8,15.2,153,73.2,136.1,579.3,27.0,54.2,Haze,76.2,False,None,
URB-14018,LOC-02,Jayadev Vihar,20.301,85.8239,2026-08-05 13:44:47,219,0.79,15.5,105,45.0,85.3,580.7,27.1,78.3,Heavy Rain,67.2,False,None,
URB-14019,LOC-03,Saheed Nagar,20.2872,85.8415,2026-08-05 14:03:47,163,0.57,21.2,92,46.4,87.0,545.6,29.1,74.8,Rain,53.3,False,None,
URB-14020,LOC-04,Khandagiri,20.2588,85.7836,2026-08-05 14:13:47,146,0.66,18.3,79,38.6,76.8,523.5,26.5,74.8,Rain,56.1,False,None,
URB-14021,LOC-05,Vani Vihar,20.2974,85.8364,2026-08-05 14:33:47,104,0.4,23.0,59,29.2,57.7,481.1,28.0,72.2,Rain,39.8,False,None,
URB-14022,LOC-06,Bhubaneswar Railway Station,20.2657,85.8436,2026-08-05 14:42:47,186,0.72,22.6,111,50.1,89.4,575.7,27.5,74.7,Rain,61.9,False,None,
URB-14023,LOC-07,Nandankanan Road,20.37,85.825,2026-08-05 14:58:47,185,0.63,18.5,91,40.1,69.7,576.4,29.7,69.6,Rain,56.9,False,None,
URB-14024,LOC-08,Kalarahanga Road,20.38,85.83,2026-08-05 15:21:47,128,0.44,33.9,68,26.7,57.3,492.1,29.2,73.1,Heavy Rain,37.5,False,None,
URB-14025,LOC-01,Patia Main Road,20.3533,85.8197,2026-08-05 15:35:47,222,0.98,12.0,166,74.0,141.1,576.1,26.8,54.0,Haze,87.2,False,None,
URB-14026,LOC-02,Jayadev Vihar,20.301,85.8239,2026-08-05 15:44:47,248,0.89,16.4,140,60.7,116.5,602.6,29.1,54.5,Clear,76.9,False,None,
URB-14027,LOC-03,Saheed Nagar,20.2872,85.8415,2026-08-05 16:01:47,281,0.98,12.9,224,97.8,184.1,633.3,27.2,51.6,Haze,92.8,False,None,
URB-14028,LOC-04,Khandagiri,20.2588,85.7836,2026-08-05 16:16:47,246,0.98,11.6,148,70.1,129.6,600.3,28.1,77.3,Fog,84.3,False,None,
URB-14029,LOC-05,Vani Vihar,20.2974,85.8364,2026-08-05 16:35:47,130,0.54,21.6,70,35.9,69.9,505.3,29.0,69.4,Rain,48.0,False,None,
URB-14030,LOC-06,Bhubaneswar Railway Station,20.2657,85.8436,2026-08-05 16:43:47,331,0.98,14.2,134,61.8,113.3,703.4,27.9,75.3,Heavy Rain,80.6,False,None,
URB-14031,LOC-07,Nandankanan Road,20.37,85.825,2026-08-05 16:58:47,316,0.98,12.8,155,68.2,118.7,681.3,27.2,52.2,Partly Cloudy,84.9,False,None,
URB-14032,LOC-08,Kalarahanga Road,20.38,85.83,2026-08-05 17:21:47,169,0.66,22.8,74,36.0,64.0,548.8,27.3,78.3,Heavy Rain,53.0,False,None,
URB-14033,LOC-01,Patia Main Road,20.3533,85.8197,2026-08-05 17:32:47,330,0.98,11.1,183,86.8,156.7,698.2,28.2,77.3,Fog,90.7,False,None,
URB-14034,LOC-02,Jayadev Vihar,20.301,85.8239,2026-08-05 17:50:47,326,0.98,13.5,175,76.4,142.7,692.4,25.1,53.2,Partly Cloudy,88.1,False,None,
URB-14035,LOC-03,Saheed Nagar,20.2872,85.8415,2026-08-05 17:58:47,226,0.94,14.3,181,79.2,142.5,591.2,26.6,78.4,Fog,87.1,False,None,
URB-14036,LOC-04,Khandagiri,20.2588,85.7836,2026-08-05 18:16:47,207,0.92,16.4,120,59.8,117.4,584.3,24.8,61.1,Clear,74.6,False,None,
URB-14037,LOC-05,Vani Vihar,20.2974,85.8364,2026-08-05 18:36:47,151,0.52,22.1,71,30.1,54.7,527.0,27.0,73.7,Heavy Rain,47.2,False,None,
URB-14038,LOC-06,Bhubaneswar Railway Station,20.2657,85.8436,2026-08-05 18:50:47,352,0.98,14.3,155,69.4,134.5,715.8,27.4,76.7,Rain,84.2,False,None,
URB-14039,LOC-07,Nandankanan Road,20.37,85.825,2026-08-05 18:57:47,262,0.98,11.1,179,80.4,149.8,616.3,25.5,58.3,Haze,90.0,False,None,
URB-14040,LOC-08,Kalarahanga Road,20.38,85.83,2026-08-05 19:21:47,181,0.62,37.0,93,40.1,79.4,545.0,23.2,55.4,Clear,47.6,False,None,
URB-14041,LOC-01,Patia Main Road,20.3533,85.8197,2026-08-05 19:27:47,331,0.98,13.2,227,102.8,190.6,701.2,23.0,76.6,Fog,92.6,False,None,
URB-14042,LOC-02,Jayadev Vihar,20.301,85.8239,2026-08-05 19:45:47,336,0.98,11.8,221,98.1,182.0,685.6,22.8,84.5,Fog,93.3,False,None,
URB-14043,LOC-03,Saheed Nagar,20.2872,85.8415,2026-08-05 20:05:47,129,0.55,23.5,145,68.1,128.2,491.2,22.3,57.4,Haze,60.6,False,None,
URB-14044,LOC-04,Khandagiri,20.2588,85.7836,2026-08-05 20:15:47,124,0.51,31.1,79,34.3,66.2,524.0,20.5,60.2,Partly Cloudy,43.7,False,None,
URB-14045,LOC-05,Vani Vihar,20.2974,85.8364,2026-08-05 20:37:47,83,0.36,22.5,52,24.5,50.5,469.8,23.4,79.1,Heavy Rain,37.2,False,None,
URB-14046,LOC-06,Bhubaneswar Railway Station,20.2657,85.8436,2026-08-05 20:42:47,178,0.65,32.8,135,65.5,117.5,542.1,19.8,85.4,Fog,58.2,False,None,
URB-14047,LOC-07,Nandankanan Road,20.37,85.825,2026-08-05 21:07:47,126,0.48,25.9,106,46.3,83.6,509.0,22.3,62.2,Haze,49.8,False,None,
URB-14048,LOC-08,Kalarahanga Road,20.38,85.83,2026-08-05 21:12:47,111,0.47,30.4,72,30.3,54.0,499.8,18.0,90.0,Rain,41.2,False,None,
URB-14049,LOC-01,Patia Main Road,20.3533,85.8197,2026-08-05 21:28:47,132,0.47,23.0,83,34.3,64.2,519.9,22.7,78.2,Heavy Rain,46.8,False,None,
URB-14050,LOC-02,Jayadev Vihar,20.301,85.8239,2026-08-05 21:45:47,153,0.7,17.9,83,40.4,77.3,546.3,21.6,82.3,Rain,58.6,False,None,
URB-14051,LOC-03,Saheed Nagar,20.2872,85.8415,2026-08-05 22:00:47,61,0.25,35.1,89,39.4,68.3,449.9,20.3,60.0,Partly Cloudy,33.0,False,None,
URB-14052,LOC-04,Khandagiri,20.2588,85.7836,2026-08-05 22:19:47,45,0.17,32.3,62,24.4,41.4,422.5,17.0,94.0,Fog,26.5,False,None,
URB-14053,LOC-05,Vani Vihar,20.2974,85.8364,2026-08-05 22:28:47,28,0.11,43.8,44,24.0,44.0,415.3,17.9,69.5,Partly Cloudy,15.2,False,None,
URB-14054,LOC-06,Bhubaneswar Railway Station,20.2657,85.8436,2026-08-05 22:44:47,74,0.27,55.1,77,39.9,72.5,443.4,20.8,59.8,Clear,26.8,False,None,
URB-14055,LOC-07,Nandankanan Road,20.37,85.825,2026-08-05 23:06:47,48,0.17,28.9,52,25.3,45.9,451.9,17.9,88.2,Rain,26.5,False,None,
URB-14056,LOC-08,Kalarahanga Road,20.38,85.83,2026-08-05 23:21:47,42,0.16,40.3,41,19.3,41.5,431.4,16.0,95.0,Rain,18.4,False,None,
URB-14057,LOC-01,Patia Main Road,20.3533,85.8197,2026-08-05 23:29:47,55,0.24,31.3,92,40.7,81.4,447.3,18.2,72.1,Haze,35.1,False,None,
URB-14058,LOC-02,Jayadev Vihar,20.301,85.8239,2026-08-05 23:46:47,80,0.31,24.4,65,32.3,60.8,449.7,16.7,88.1,Heavy Rain,36.6,False,None,
URB-14059,LOC-03,Saheed Nagar,20.2872,85.8415,2026-08-06 00:07:47,50,0.19,25.4,66,26.5,56.6,442.4,15.5,87.0,Heavy Rain,31.4,False,None,
URB-14060,LOC-04,Khandagiri,20.2588,85.7836,2026-08-06 00:13:47,53,0.19,41.2,56,23.4,40.3,450.8,17.4,68.9,Partly Cloudy,21.8,False,None,
URB-14061,LOC-05,Vani Vihar,20.2974,85.8364,2026-08-06 00:29:47,33,0.13,32.1,54,30.3,64.1,419.2,18.5,63.9,Haze,23.6,False,None,
URB-14062,LOC-06,Bhubaneswar Railway Station,20.2657,85.8436,2026-08-06 00:42:47,61,0.25,42.9,91,46.7,91.9,460.2,15.2,71.9,Haze,29.5,False,None,
URB-14063,LOC-07,Nandankanan Road,20.37,85.825,2026-08-06 00:57:47,53,0.18,28.2,46,21.0,35.2,431.4,16.7,94.4,Heavy Rain,26.1,False,None,
URB-14064,LOC-08,Kalarahanga Road,20.38,85.83,2026-08-06 01:21:47,41,0.17,48.6,60,23.0,41.5,430.1,14.8,91.5,Fog,19.8,False,None,
URB-14065,LOC-01,Patia Main Road,20.3533,85.8197,2026-08-06 01:37:47,61,0.26,26.7,56,30.7,58.2,461.3,14.6,92.3,Heavy Rain,31.9,False,None,
URB-14066,LOC-02,Jayadev Vihar,20.301,85.8239,2026-08-06 01:47:47,81,0.33,33.5,90,43.2,80.7,468.2,17.2,70.0,Clear,37.2,False,None,
URB-14067,LOC-03,Saheed Nagar,20.2872,85.8415,2026-08-06 02:06:47,49,0.2,32.9,111,46.0,81.6,454.7,16.3,88.4,Fog,36.0,False,None,
URB-14068,LOC-04,Khandagiri,20.2588,85.7836,2026-08-06 02:21:47,49,0.22,31.3,77,37.8,74.6,451.5,14.5,71.1,Haze,31.6,False,None,
URB-14069,LOC-05,Vani Vihar,20.2974,85.8364,2026-08-06 02:37:47,28,0.12,44.3,44,17.8,36.4,427.2,14.6,71.0,Clear,15.4,False,None,
URB-14070,LOC-06,Bhubaneswar Railway Station,20.2657,85.8436,2026-08-06 02:42:47,70,0.24,56.7,76,33.1,58.0,468.5,14.6,71.9,Clear,25.4,False,None,
URB-14071,LOC-07,Nandankanan Road,20.37,85.825,2026-08-06 03:07:47,57,0.26,30.1,70,32.4,66.8,445.5,14.9,73.4,Haze,32.6,False,None,
URB-14072,LOC-08,Kalarahanga Road,20.38,85.83,2026-08-06 03:14:47,39,0.17,44.9,41,23.0,44.9,427.4,16.7,85.7,Rain,16.5,False,None,
URB-14073,LOC-01,Patia Main Road,20.3533,85.8197,2026-08-06 03:37:47,63,0.23,36.1,70,33.2,64.2,457.8,15.5,76.7,Partly Cloudy,28.4,False,None,
URB-14074,LOC-02,Jayadev Vihar,20.301,85.8239,2026-08-06 03:44:47,67,0.24,33.6,94,41.9,84.1,453.8,16.2,89.3,Fog,34.2,False,None,
URB-14075,LOC-03,Saheed Nagar,20.2872,85.8415,2026-08-06 04:05:47,45,0.17,43.4,74,38.0,66.7,445.6,16.6,69.0,Clear,23.1,False,None,
URB-14076,LOC-04,Khandagiri,20.2588,85.7836,2026-08-06 04:17:47,44,0.15,26.3,46,25.3,44.1,423.2,18.6,89.6,Heavy Rain,25.9,False,None,
URB-14077,LOC-05,Vani Vihar,20.2974,85.8364,2026-08-06 04:34:47,27,0.1,37.7,61,26.1,55.6,438.2,18.4,63.3,Haze,20.8,False,None,
URB-14078,LOC-06,Bhubaneswar Railway Station,20.2657,85.8436,2026-08-06 04:48:47,76,0.34,45.6,82,42.7,79.0,467.1,14.7,69.5,Partly Cloudy,30.5,False,None,
URB-14079,LOC-07,Nandankanan Road,20.37,85.825,2026-08-06 04:58:47,50,0.21,41.7,55,22.3,37.4,449.8,15.3,74.6,Clear,22.2,False,None,
URB-14080,LOC-08,Kalarahanga Road,20.38,85.83,2026-08-06 05:17:47,37,0.15,55.8,57,23.2,39.2,437.2,16.1,69.4,Clear,18.5,False,None,
URB-14081,LOC-01,Patia Main Road,20.3533,85.8197,2026-08-06 05:33:47,74,0.32,26.0,65,28.2,51.1,461.4,16.4,86.2,Rain,36.2,False,None,
URB-14082,LOC-02,Jayadev Vihar,20.301,85.8239,2026-08-06 05:42:47,72,0.26,40.5,87,39.6,81.1,476.8,19.7,62.0,Partly Cloudy,30.4,False,None,
URB-14083,LOC-03,Saheed Nagar,20.2872,85.8415,2026-08-06 06:03:47,147,0.63,16.8,98,46.5,87.5,523.7,20.0,83.9,Heavy Rain,58.9,False,None,
URB-14084,LOC-04,Khandagiri,20.2588,85.7836,2026-08-06 06:17:47,130,0.56,18.9,79,34.2,71.4,522.3,20.0,83.6,Rain,51.8,False,None,
URB-14085,LOC-05,Vani Vihar,20.2974,85.8364,2026-08-06 06:36:47,74,0.28,24.6,57,22.1,44.5,444.9,20.7,88.5,Heavy Rain,33.9,False,None,
URB-14086,LOC-06,Bhubaneswar Railway Station,20.2657,85.8436,2026-08-06 06:50:47,164,0.74,24.3,137,66.5,123.2,539.7,17.1,88.2,Fog,66.4,False,None,
URB-14087,LOC-07,Nandankanan Road,20.37,85.825,2026-08-06 06:58:47,152,0.63,27.4,86,34.9,68.9,524.5,20.6,61.7,Clear,51.5,False,None,
URB-14088,LOC-08,Kalarahanga Road,20.38,85.83,2026-08-06 07:22:47,193,0.84,20.1,90,39.9,77.6,565.3,20.7,84.3,Heavy Rain,64.3,False,None,
URB-14089,LOC-01,Patia Main Road,20.3533,85.8197,2026-08-06 07:32:47,319,0.98,11.8,212,95.9,176.1,674.9,21.1,82.8,Fog,93.3,False,None,
URB-14090,LOC-02,Jayadev Vihar,20.301,85.8239,2026-08-06 07:49:47,310,0.98,11.0,145,64.3,116.5,679.3,21.2,78.8,Rain,84.1,False,None,
URB-14091,LOC-03,Saheed Nagar,20.2872,85.8415,2026-08-06 08:04:47,245,0.91,12.9,134,65.5,120.7,630.9,22.1,77.5,Rain,78.4,False,None,
URB-14092,LOC-04,Khandagiri,20.2588,85.7836,2026-08-06 08:18:47,251,0.98,9.6,110,49.5,90.7,631.3,20.0,85.3,Heavy Rain,78.7,False,None,
URB-14093,LOC-05,Vani Vihar,20.2974,85.8364,2026-08-06 08:36:47,137,0.48,23.5,65,28.1,52.8,522.4,20.6,88.2,Rain,43.8,False,None,
URB-14094,LOC-06,Bhubaneswar Railway Station,20.2657,85.8436,2026-08-06 08:52:47,334,0.98,16.8,190,83.0,156.4,684.3,24.0,74.2,Fog,89.1,False,None,
URB-14095,LOC-07,Nandankanan Road,20.37,85.825,2026-08-06 09:02:47,283,0.98,11.0,158,69.1,122.1,660.4,25.3,75.6,Fog,86.4,False,None,
URB-14096,LOC-08,Kalarahanga Road,20.38,85.83,2026-08-06 09:15:47,159,0.67,22.5,88,41.8,77.5,529.6,25.1,75.1,Heavy Rain,56.0,False,None,
URB-14097,LOC-01,Patia Main Road,20.3533,85.8197,2026-08-06 09:37:47,259,0.9,11.8,125,54.5,103.7,621.2,25.8,75.2,Rain,77.0,False,None,
URB-14098,LOC-02,Jayadev Vihar,20.301,85.8239,2026-08-06 09:50:47,326,0.98,11.0,194,90.4,158.1,671.5,22.0,77.3,Fog,92.7,False,None,
URB-14099,LOC-03,Saheed Nagar,20.2872,85.8415,2026-08-06 10:05:47,164,0.65,16.1,96,45.6,91.7,541.2,26.5,72.6,Rain,59.8,False,None,
URB-14100,LOC-04,Khandagiri,20.2588,85.7836,2026-08-06 10:14:47,138,0.5,20.3,74,35.4,68.5,536.3,22.9,75.8,Heavy Rain,47.8,False,None,
URB-14101,LOC-05,Vani Vihar,20.2974,85.8364,2026-08-06 10:31:47,79,0.33,31.5,66,29.7,59.6,466.6,23.2,61.5,Clear,34.0,False,None,
URB-14102,LOC-06,Bhubaneswar Railway Station,20.2657,85.8436,2026-08-06 10:42:47,184,0.74,21.8,91,37.2,62.1,550.3,24.8,72.9,Heavy Rain,59.6,False,None,
URB-14103,LOC-07,Nandankanan Road,20.37,85.825,2026-08-06 10:59:47,194,0.7,22.5,99,41.5,80.9,582.8,26.9,59.1,Partly Cloudy,59.1,False,None,
URB-14104,LOC-08,Kalarahanga Road,20.38,85.83,2026-08-06 11:13:47,141,0.6,32.5,118,58.3,106.5,533.5,27.4,70.0,Fog,53.4,False,None,
URB-14105,LOC-01,Patia Main Road,20.3533,85.8197,2026-08-06 11:34:47,171,0.78,19.5,115,52.0,101.1,541.1,24.2,61.7,Clear,66.6,False,None,
URB-14106,LOC-02,Jayadev Vihar,20.301,85.8239,2026-08-06 11:44:47,205,0.79,15.3,106,47.6,87.2,596.0,28.3,76.9,Rain,67.5,False,None,
URB-14107,LOC-03,Saheed Nagar,20.2872,85.8415,2026-08-06 11:58:47,141,0.61,19.7,94,41.6,84.5,512.0,25.2,80.3,Heavy Rain,56.0,False,None,
URB-14108,LOC-04,Khandagiri,20.2588,85.7836,2026-08-06 12:14:47,125,0.5,27.2,108,45.1,86.6,493.2,26.3,58.5,Haze,50.3,False,None,
URB-14109,LOC-05,Vani Vihar,20.2974,85.8364,2026-08-06 12:36:47,79,0.35,23.5,51,28.6,49.2,484.8,28.0,69.4,Rain,36.2,False,None,
URB-14110,LOC-06,Bhubaneswar Railway Station,20.2657,85.8436,2026-08-06 12:49:47,201,0.8,24.3,139,58.7,102.0,560.9,28.1,49.8,Haze,69.2,False,None,
URB-14111,LOC-07,Nandankanan Road,20.37,85.825,2026-08-06 13:07:47,150,0.53,28.4,94,41.4,82.8,528.0,29.5,53.6,Partly Cloudy,48.5,False,None,
URB-14112,LOC-08,Kalarahanga Road,20.38,85.83,2026-08-06 13:19:47,103,0.46,38.3,91,37.3,70.8,469.5,29.5,68.7,Fog,40.2,False,None,
URB-14113,LOC-01,Patia Main Road,20.3533,85.8197,2026-08-06 13:33:47,220,0.86,13.1,108,48.9,92.8,574.3,26.1,78.8,Heavy Rain,71.8,False,None,
URB-14114,LOC-02,Jayadev Vihar,20.301,85.8239,2026-08-06 13:51:47,269,0.98,13.4,158,73.1,139.6,645.7,25.9,55.3,Clear,85.2,False,None,
URB-14115,LOC-03,Saheed Nagar,20.2872,85.8415,2026-08-06 14:02:47,169,0.63,20.5,140,65.9,127.1,543.4,27.8,55.5,Haze,64.5,False,None,
URB-14116,LOC-04,Khandagiri,20.2588,85.7836,2026-08-06 14:17:47,134,0.53,29.7,94,46.0,80.0,504.1,29.7,50.7,Partly Cloudy,47.8,False,None,
URB-14117,LOC-05,Vani Vihar,20.2974,85.8364,2026-08-06 14:29:47,104,0.41,22.3,61,26.5,51.6,498.8,28.2,70.6,Heavy Rain,40.9,False,None,
URB-14118,LOC-06,Bhubaneswar Railway Station,20.2657,85.8436,2026-08-06 14:48:47,199,0.83,23.8,144,61.8,110.7,561.7,29.1,53.6,Haze,71.5,False,None,
URB-14119,LOC-07,Nandankanan Road,20.37,85.825,2026-08-06 15:02:47,167,0.75,17.1,116,50.7,98.1,564.9,26.2,80.5,Fog,66.8,False,None,
URB-14120,LOC-08,Kalarahanga Road,20.38,85.83,2026-08-06 15:15:47,117,0.46,46.8,90,44.2,86.8,519.7,29.2,51.4,Partly Cloudy,36.7,False,None,
URB-14121,LOC-01,Patia Main Road,20.3533,85.8197,2026-08-06 15:37:47,189,0.85,12.2,101,46.9,81.1,545.3,29.2,68.4,Rain,70.6,False,None,
URB-14122,LOC-02,Jayadev Vihar,20.301,85.8239,2026-08-06 15:52:47,247,0.86,13.2,104,51.9,101.6,633.3,28.7,71.8,Heavy Rain,71.0,False,None,
URB-14123,LOC-03,Saheed Nagar,20.2872,85.8415,2026-08-06 15:58:47,183,0.74,16.0,113,48.5,83.4,573.2,26.4,73.9,Rain,66.4,False,None,
URB-14124,LOC-04,Khandagiri,20.2588,85.7836,2026-08-06 16:19:47,251,0.96,12.7,173,77.5,140.0,603.5,25.7,57.5,Haze,87.3,False,None,
URB-14125,LOC-05,Vani Vihar,20.2974,85.8364,2026-08-06 16:36:47,125,0.55,25.3,71,34.4,69.7,513.7,27.7,56.7,Partly Cloudy,46.8,False,None,
URB-14126,LOC-06,Bhubaneswar Railway Station,20.2657,85.8436,2026-08-06 16:42:47,281,0.98,18.9,145,65.7,119.5,628.5,26.6,54.1,Clear,80.1,False,None,
URB-14127,LOC-07,Nandankanan Road,20.37,85.825,2026-08-06 16:57:47,273,0.98,11.3,181,84.4,148.4,627.3,26.7,54.4,Haze,90.2,False,None,
URB-14128,LOC-08,Kalarahanga Road,20.38,85.83,2026-08-06 17:13:47,158,0.6,34.3,131,57.7,102.9,537.3,28.0,56.6,Haze,54.8,False,None,
URB-14129,LOC-01,Patia Main Road,20.3533,85.8197,2026-08-06 17:29:47,327,0.98,10.4,129,57.9,100.9,670.5,25.6,81.5,Heavy Rain,81.6,False,None,
URB-14130,LOC-02,Jayadev Vihar,20.301,85.8239,2026-08-06 17:50:47,318,0.98,12.0,215,99.7,185.4,691.0,25.8,54.3,Haze,93.2,False,None,
URB-14131,LOC-03,Saheed Nagar,20.2872,85.8415,2026-08-06 18:01:47,241,0.9,16.6,161,69.8,128.3,601.7,26.5,53.2,Clear,80.9,False,None,
URB-14132,LOC-04,Khandagiri,20.2588,85.7836,2026-08-06 18:14:47,205,0.9,14.0,130,62.5,112.6,582.1,27.2,54.6,Haze,76.8,False,None,
URB-14133,LOC-05,Vani Vihar,20.2974,85.8364,2026-08-06 18:27:47,151,0.56,21.5,106,44.8,88.1,511.3,24.0,59.9,Haze,55.2,False,None,
URB-14134,LOC-06,Bhubaneswar Railway Station,20.2657,85.8436,2026-08-06 18:50:47,354,0.98,14.9,160,73.5,133.1,727.0,22.7,79.4,Rain,84.8,False,None,
URB-14135,LOC-07,Nandankanan Road,20.37,85.825,2026-08-06 19:03:47,240,0.98,11.4,170,72.8,136.1,604.5,22.3,85.8,Fog,88.2,False,None,
URB-14136,LOC-08,Kalarahanga Road,20.38,85.83,2026-08-06 19:22:47,201,0.91,17.3,91,39.0,77.8,590.3,22.0,83.4,Rain,68.7,False,None,
URB-14137,LOC-01,Patia Main Road,20.3533,85.8197,2026-08-06 19:30:47,270,0.98,13.6,130,64.5,122.2,639.2,25.3,60.1,Clear,80.2,False,None,
URB-14138,LOC-02,Jayadev Vihar,20.301,85.8239,2026-08-06 19:49:47,309,0.98,9.6,147,68.5,120.2,675.4,23.1,84.3,Rain,85.1,False,None,
URB-14139,LOC-03,Saheed Nagar,20.2872,85.8415,2026-08-06 20:03:47,122,0.45,26.2,126,62.2,120.2,506.7,19.8,89.6,Fog,51.9,False,None,
URB-14140,LOC-04,Khandagiri,20.2588,85.7836,2026-08-06 20:22:47,120,0.42,24.6,110,55.4,99.7,497.0,23.6,80.0,Fog,48.8,False,None,
URB-14141,LOC-05,Vani Vihar,20.2974,85.8364,2026-08-06 20:34:47,76,0.33,32.5,67,26.2,51.2,474.5,23.8,58.6,Partly Cloudy,33.7,False,None,
URB-14142,LOC-06,Bhubaneswar Railway Station,20.2657,85.8436,2026-08-06 20:50:47,174,0.73,23.8,99,41.6,73.2,553.9,20.3,86.5,Heavy Rain,59.6,False,None,
URB-14143,LOC-07,Nandankanan Road,20.37,85.825,2026-08-06 20:59:47,148,0.58,29.1,98,41.1,83.0,546.0,19.7,64.3,Clear,50.8,False,None,
URB-14144,LOC-08,Kalarahanga Road,20.38,85.83,2026-08-06 21:20:47,111,0.48,31.2,63,30.1,52.3,497.5,19.3,81.8,Rain,39.6,False,None,
URB-14145,LOC-01,Patia Main Road,20.3533,85.8197,2026-08-06 21:28:47,147,0.63,26.2,106,45.0,83.8,520.0,22.8,57.5,Clear,55.6,False,None,
URB-14146,LOC-02,Jayadev Vihar,20.301,85.8239,2026-08-06 21:52:47,196,0.84,18.2,122,59.6,104.4,558.2,21.4,65.3,Clear,70.9,False,None,
URB-14147,LOC-03,Saheed Nagar,20.2872,85.8415,2026-08-06 22:03:47,51,0.19,30.3,73,38.4,65.3,454.4,20.2,82.1,Rain,30.2,False,None,
URB-14148,LOC-04,Khandagiri,20.2588,85.7836,2026-08-06 22:20:47,49,0.22,26.4,47,20.5,42.0,453.9,16.6,89.7,Rain,28.8,False,None,
URB-14149,LOC-05,Vani Vihar,20.2974,85.8364,2026-08-06 22:34:47,30,0.14,31.9,63,32.3,66.2,437.5,21.0,66.7,Haze,25.7,False,None,
URB-14150,LOC-06,Bhubaneswar Railway Station,20.2657,85.8436,2026-08-06 22:43:47,62,0.27,40.9,70,29.5,53.1,439.7,20.4,88.3,Heavy Rain,27.6,False,None,
URB-14151,LOC-07,Nandankanan Road,20.37,85.825,2026-08-06 23:04:47,57,0.22,34.8,86,34.9,68.6,444.4,15.5,75.0,Haze,31.5,False,None,
URB-14152,LOC-08,Kalarahanga Road,20.38,85.83,2026-08-06 23:18:47,45,0.18,58.8,53,29.3,54.1,416.3,19.9,67.3,Clear,19.0,False,None,
URB-14153,LOC-01,Patia Main Road,20.3533,85.8197,2026-08-06 23:32:47,72,0.31,23.5,57,28.7,47.6,470.3,16.5,88.0,Rain,35.6,False,None,
URB-14154,LOC-02,Jayadev Vihar,20.301,85.8239,2026-08-06 23:42:47,141,0.43,30.6,104,50.5,86.7,468.7,17.8,65.4,Haze,39.9,True,Traffic Bottleneck,Sudden vehicular surge of 141 vehicles/min exceeding corridor capacity.
URB-14155,LOC-03,Saheed Nagar,20.2872,85.8415,2026-08-07 00:05:47,57,0.19,33.3,107,50.1,95.8,430.5,17.5,69.1,Haze,34.7,False,None,
URB-14156,LOC-04,Khandagiri,20.2588,85.7836,2026-08-07 00:22:47,46,0.19,39.1,52,25.5,48.1,439.4,15.4,75.3,Partly Cloudy,22.1,False,None,
URB-14157,LOC-05,Vani Vihar,20.2974,85.8364,2026-08-07 00:28:47,28,0.1,30.3,40,15.0,22.5,403.2,18.0,87.6,Heavy Rain,20.9,False,None,
URB-14158,LOC-06,Bhubaneswar Railway Station,20.2657,85.8436,2026-08-07 00:49:47,76,0.33,39.3,94,43.5,76.7,448.6,17.3,64.9,Haze,35.0,False,None,
URB-14159,LOC-07,Nandankanan Road,20.37,85.825,2026-08-07 01:03:47,54,0.23,27.1,54,28.3,59.5,443.2,14.1,89.7,Heavy Rain,30.1,False,None,
URB-14160,LOC-08,Kalarahanga Road,20.38,85.83,2026-08-07 01:13:47,37,0.16,61.1,56,24.6,48.5,427.9,18.5,70.3,Partly Cloudy,18.7,False,None,
URB-14161,LOC-01,Patia Main Road,20.3533,85.8197,2026-08-07 01:33:47,61,0.21,32.7,90,39.9,72.6,435.0,15.9,74.9,Haze,32.8,False,None,
URB-14162,LOC-02,Jayadev Vihar,20.301,85.8239,2026-08-07 01:49:47,74,0.32,33.2,86,44.6,78.2,469.3,15.8,71.7,Partly Cloudy,36.2,False,None,
URB-14163,LOC-03,Saheed Nagar,20.2872,85.8415,2026-08-07 02:02:47,48,0.18,35.5,84,38.9,69.9,437.1,18.5,66.4,Clear,29.1,False,None,
URB-14164,LOC-04,Khandagiri,20.2588,85.7836,2026-08-07 02:16:47,49,0.18,26.9,55,22.9,50.9,424.8,16.1,94.7,Heavy Rain,28.4,False,None,
URB-14165,LOC-05,Vani Vihar,20.2974,85.8364,2026-08-07 02:28:47,34,0.15,40.4,43,23.1,37.5,443.2,18.3,65.3,Partly Cloudy,18.3,False,None,
URB-14166,LOC-06,Bhubaneswar Railway Station,20.2657,85.8436,2026-08-07 02:47:47,61,0.26,51.9,81,38.6,78.3,432.1,17.0,68.7,Clear,27.1,False,None,
URB-14167,LOC-07,Nandankanan Road,20.37,85.825,2026-08-07 03:00:47,57,0.21,32.5,76,32.6,65.7,446.0,14.8,88.7,Fog,30.5,False,None,
URB-14168,LOC-08,Kalarahanga Road,20.38,85.83,2026-08-07 03:22:47,36,0.16,52.2,53,27.1,58.4,422.1,16.0,75.0,Partly Cloudy,18.2,False,None,
URB-14169,LOC-01,Patia Main Road,20.3533,85.8197,2026-08-07 03:33:47,61,0.26,28.9,62,32.6,67.1,460.8,18.1,91.0,Heavy Rain,31.8,False,None,
URB-14170,LOC-02,Jayadev Vihar,20.301,85.8239,2026-08-07 03:48:47,84,0.33,23.7,79,37.1,64.8,484.5,13.9,96.5,Heavy Rain,40.2,False,None,
URB-14171,LOC-03,Saheed Nagar,20.2872,85.8415,2026-08-07 03:58:47,58,0.2,30.8,118,51.9,97.8,455.4,18.2,64.9,Haze,38.2,False,None,
URB-14172,LOC-04,Khandagiri,20.2588,85.7836,2026-08-07 04:20:47,46,0.19,42.3,61,32.6,56.8,435.8,17.7,72.7,Partly Cloudy,22.1,False,None,
URB-14173,LOC-05,Vani Vihar,20.2974,85.8364,2026-08-07 04:33:47,29,0.13,30.6,38,21.0,40.3,405.0,19.0,90.8,Heavy Rain,21.6,False,None,
URB-14174,LOC-06,Bhubaneswar Railway Station,20.2657,85.8436,2026-08-07 04:51:47,68,0.27,36.5,71,36.7,68.0,470.3,17.4,91.2,Heavy Rain,30.0,False,None,
URB-14175,LOC-07,Nandankanan Road,20.37,85.825,2026-08-07 04:58:47,53,0.22,37.8,65,31.4,65.5,461.2,18.5,66.4,Clear,26.3,False,None,
URB-14176,LOC-08,Kalarahanga Road,20.38,85.83,2026-08-07 05:14:47,41,0.17,55.6,55,28.1,48.6,412.7,19.6,70.2,Partly Cloudy,18.9,False,None,
URB-14177,LOC-01,Patia Main Road,20.3533,85.8197,2026-08-07 05:34:47,64,0.25,31.7,91,40.0,67.3,449.6,20.1,69.7,Haze,35.1,False,None,
URB-14178,LOC-02,Jayadev Vihar,20.301,85.8239,2026-08-07 05:48:47,64,0.24,24.5,60,24.7,50.5,445.3,16.0,86.9,Rain,32.9,False,None,
URB-14179,LOC-03,Saheed Nagar,20.2872,85.8415,2026-08-07 06:02:47,152,0.56,26.5,117,51.1,101.8,545.4,17.9,66.9,Clear,54.6,False,None,
URB-14180,LOC-04,Khandagiri,20.2588,85.7836,2026-08-07 06:18:47,96,0.33,28.1,100,46.9,80.2,500.4,19.7,66.1,Haze,41.7,False,None,
URB-14181,LOC-05,Vani Vihar,20.2974,85.8364,2026-08-07 06:30:47,85,0.34,28.6,81,34.0,70.4,457.2,20.3,84.0,Fog,38.5,False,None,
URB-14182,LOC-06,Bhubaneswar Railway Station,20.2657,85.8436,2026-08-07 06:45:47,154,0.58,29.2,86,42.1,84.8,553.3,20.1,89.7,Rain,48.6,False,None,
URB-14183,LOC-07,Nandankanan Road,20.37,85.825,2026-08-07 07:07:47,287,0.98,15.0,138,67.9,118.2,658.9,22.3,63.7,Partly Cloudy,80.8,False,None,
URB-14184,LOC-08,Kalarahanga Road,20.38,85.83,2026-08-07 07:12:47,187,0.71,35.5,95,39.8,76.8,555.8,22.8,56.1,Clear,87.3,True,Multi-Vector Urban Risk,Combined extreme congestion (71%) and high particulate pollution.
URB-14185,LOC-01,Patia Main Road,20.3533,85.8197,2026-08-07 07:31:47,344,0.98,14.8,153,65.5,126.2,693.3,19.0,69.7,Partly Cloudy,83.6,False,None,
URB-14186,LOC-02,Jayadev Vihar,20.301,85.8239,2026-08-07 07:50:47,403,0.98,11.8,240,112.5,207.4,771.5,21.7,85.3,Fog,93.3,False,None,
URB-14187,LOC-03,Saheed Nagar,20.2872,85.8415,2026-08-07 08:01:47,222,0.98,12.3,176,77.9,146.7,578.7,23.6,59.6,Haze,88.8,False,None,
URB-14188,LOC-04,Khandagiri,20.2588,85.7836,2026-08-07 08:17:47,250,0.98,15.5,120,52.2,93.1,629.3,22.0,62.7,Clear,77.5,False,None,
URB-14189,LOC-05,Vani Vihar,20.2974,85.8364,2026-08-07 08:31:47,138,0.48,27.4,108,48.5,89.5,527.2,24.4,76.6,Fog,49.4,False,None,
URB-14190,LOC-06,Bhubaneswar Railway Station,20.2657,85.8436,2026-08-07 08:49:47,375,0.98,21.2,172,81.1,153.7,748.6,21.7,62.5,Clear,83.7,False,None,
URB-14191,LOC-07,Nandankanan Road,20.37,85.825,2026-08-07 09:02:47,293,0.98,12.4,186,89.4,168.7,677.6,21.7,58.1,Haze,90.5,False,None,
URB-14192,LOC-08,Kalarahanga Road,20.38,85.83,2026-08-07 09:21:47,185,0.79,28.9,91,38.2,73.5,568.1,24.8,57.7,Clear,58.1,False,None,
URB-14193,LOC-01,Patia Main Road,20.3533,85.8197,2026-08-07 09:33:47,329,0.98,13.2,143,70.0,124.3,691.3,25.3,61.5,Partly Cloudy,82.6,False,None,
URB-14194,LOC-02,Jayadev Vihar,20.301,85.8239,2026-08-07 09:50:47,386,0.98,12.7,236,109.6,193.6,733.9,25.5,55.2,Haze,92.8,False,None,
URB-14195,LOC-03,Saheed Nagar,20.2872,85.8415,2026-08-07 10:05:47,171,0.73,16.9,108,46.5,81.4,552.9,25.1,79.3,Heavy Rain,64.7,False,None,
URB-14196,LOC-04,Khandagiri,20.2588,85.7836,2026-08-07 10:21:47,129,0.52,31.1,85,38.0,78.2,511.1,22.6,63.0,Partly Cloudy,45.1,False,None,
URB-14197,LOC-05,Vani Vihar,20.2974,85.8364,2026-08-07 10:35:47,105,0.39,23.5,54,21.7,45.3,497.2,24.4,76.6,Rain,38.3,False,None,
URB-14198,LOC-06,Bhubaneswar Railway Station,20.2657,85.8436,2026-08-07 10:45:47,244,0.86,24.0,133,57.2,104.3,601.5,27.4,52.6,Clear,70.7,False,None,
URB-14199,LOC-07,Nandankanan Road,20.37,85.825,2026-08-07 11:00:47,198,0.85,14.0,147,68.6,122.0,564.4,28.3,51.2,Haze,77.7,False,None,
URB-14200,LOC-08,Kalarahanga Road,20.38,85.83,2026-08-07 11:21:47,130,0.51,39.1,75,39.6,68.6,524.3,25.0,56.9,Partly Cloudy,39.0,False,None,
URB-14201,LOC-01,Patia Main Road,20.3533,85.8197,2026-08-07 11:35:47,201,0.7,20.9,119,57.1,101.9,566.1,26.4,58.9,Clear,63.4,False,None,
URB-14202,LOC-02,Jayadev Vihar,20.301,85.8239,2026-08-07 11:52:47,215,0.89,14.1,170,78.9,148.4,587.6,25.0,81.2,Fog,83.3,False,None,
URB-14203,LOC-03,Saheed Nagar,20.2872,85.8415,2026-08-07 12:00:47,169,0.72,22.4,131,58.9,109.7,559.9,27.5,50.9,Partly Cloudy,65.5,False,None,
URB-14204,LOC-04,Khandagiri,20.2588,85.7836,2026-08-07 12:17:47,127,0.5,25.1,120,53.5,102.4,518.1,29.5,66.8,Fog,53.5,False,None,
URB-14205,LOC-05,Vani Vihar,20.2974,85.8364,2026-08-07 12:27:47,105,0.44,23.9,61,30.8,55.8,494.8,25.9,76.6,Heavy Rain,41.3,False,None,
URB-14206,LOC-06,Bhubaneswar Railway Station,20.2657,85.8436,2026-08-07 12:51:47,179,0.81,22.8,165,79.5,140.7,572.7,26.7,76.6,Fog,74.9,False,None,
URB-14207,LOC-07,Nandankanan Road,20.37,85.825,2026-08-07 13:06:47,171,0.69,19.6,127,58.5,113.8,568.8,26.1,57.5,Haze,65.0,False,None,
URB-14208,LOC-08,Kalarahanga Road,20.38,85.83,2026-08-07 13:19:47,134,0.53,31.0,68,32.6,54.8,529.7,30.1,71.6,Heavy Rain,42.6,False,None,
URB-14209,LOC-01,Patia Main Road,20.3533,85.8197,2026-08-07 13:36:47,193,0.79,19.2,118,51.3,92.8,565.9,30.0,50.7,Clear,67.7,False,None,
URB-14210,LOC-02,Jayadev Vihar,20.301,85.8239,2026-08-07 13:46:47,250,0.9,15.8,128,63.4,119.5,615.5,25.6,54.0,Clear,75.5,False,None,
URB-14211,LOC-03,Saheed Nagar,20.2872,85.8415,2026-08-07 14:03:47,146,0.59,20.1,211,85.9,77.3,510.8,28.2,71.8,Rain,55.2,True,Air Quality Hazard,"Hazardous particulate spike (AQI 211, PM2.5 85.9 µg/m³) detected near Saheed Nagar."
URB-14212,LOC-04,Khandagiri,20.2588,85.7836,2026-08-07 14:17:47,130,0.51,22.3,79,38.2,71.6,516.0,27.2,76.9,Heavy Rain,83.1,True,Multi-Vector Urban Risk,Combined extreme congestion (51%) and high particulate pollution.
URB-14213,LOC-05,Vani Vihar,20.2974,85.8364,2026-08-07 14:29:47,109,0.46,27.7,98,48.0,81.8,493.4,29.1,69.9,Fog,46.7,False,None,
URB-14214,LOC-06,Bhubaneswar Railway Station,20.2657,85.8436,2026-08-07 14:51:47,209,0.98,7.2,168,80.4,144.4,585.8,29.4,75.7,Fog,81.8,True,Severe Gridlock,Critical speed drop to 7.2 km/h indicating major arterial blockade.
URB-14215,LOC-07,Nandankanan Road,20.37,85.825,2026-08-07 14:58:47,187,0.71,17.1,89,38.3,68.2,573.2,27.2,75.3,Rain,60.4,False,None,
URB-14216,LOC-08,Kalarahanga Road,20.38,85.83,2026-08-07 15:15:47,138,0.57,27.5,75,36.1,66.8,527.8,27.7,75.7,Heavy Rain,47.2,False,None,
URB-14217,LOC-01,Patia Main Road,20.3533,85.8197,2026-08-07 15:29:47,198,0.88,14.3,138,67.6,116.8,580.2,29.1,49.6,Haze,77.2,False,None,
URB-14218,LOC-02,Jayadev Vihar,20.301,85.8239,2026-08-07 15:44:47,259,0.98,10.9,135,61.5,119.1,627.2,27.4,77.6,Heavy Rain,82.4,False,None,
URB-14219,LOC-03,Saheed Nagar,20.2872,85.8415,2026-08-07 16:06:47,284,0.98,15.3,158,73.0,126.5,634.9,26.5,59.0,Partly Cloudy,84.2,False,None,
URB-14220,LOC-04,Khandagiri,20.2588,85.7836,2026-08-07 16:20:47,193,0.88,15.7,110,53.2,100.0,562.4,24.7,53.2,Clear,71.6,False,None,
URB-14221,LOC-05,Vani Vihar,20.2974,85.8364,2026-08-07 16:32:47,145,0.65,19.2,79,40.2,71.2,514.3,27.6,75.2,Rain,55.2,False,None,
URB-14222,LOC-06,Bhubaneswar Railway Station,20.2657,85.8436,2026-08-07 16:48:47,286,0.98,13.5,126,53.5,100.6,662.1,27.4,75.1,Rain,79.5,False,None,
URB-14223,LOC-07,Nandankanan Road,20.37,85.825,2026-08-07 17:06:47,285,0.98,10.0,122,54.1,101.1,655.5,24.8,73.3,Rain,80.5,False,None,
URB-14224,LOC-08,Kalarahanga Road,20.38,85.83,2026-08-07 17:12:47,155,0.66,26.1,85,42.5,74.6,531.9,25.6,72.3,Heavy Rain,53.2,False,None,
URB-14225,LOC-01,Patia Main Road,20.3533,85.8197,2026-08-07 17:37:47,336,0.98,14.1,147,70.4,136.4,679.0,27.8,54.8,Clear,82.9,False,None,
URB-14226,LOC-02,Jayadev Vihar,20.301,85.8239,2026-08-07 17:51:47,322,0.98,11.0,220,100.8,187.8,677.4,26.5,79.1,Fog,93.7,False,None,
URB-14227,LOC-03,Saheed Nagar,20.2872,85.8415,2026-08-07 18:03:47,254,0.98,13.4,148,63.3,114.3,634.8,23.4,57.8,Partly Cloudy,83.4,False,None,
URB-14228,LOC-04,Khandagiri,20.2588,85.7836,2026-08-07 18:12:47,252,0.98,12.2,168,75.1,145.2,607.8,24.5,75.9,Fog,87.5,False,None,
URB-14229,LOC-05,Vani Vihar,20.2974,85.8364,2026-08-07 18:32:47,149,0.61,18.7,69,36.5,73.1,520.0,27.3,75.0,Rain,52.1,False,None,
URB-14230,LOC-06,Bhubaneswar Railway Station,20.2657,85.8436,2026-08-07 18:46:47,274,0.98,15.9,125,57.4,102.9,647.3,27.2,76.1,Heavy Rain,78.1,False,None,
URB-14231,LOC-07,Nandankanan Road,20.37,85.825,2026-08-07 19:02:47,259,0.95,11.6,127,59.0,116.2,645.2,21.3,81.8,Heavy Rain,79.4,False,None,
URB-14232,LOC-08,Kalarahanga Road,20.38,85.83,2026-08-07 19:18:47,177,0.78,27.4,94,41.6,76.1,569.9,25.0,60.3,Clear,59.0,False,None,
URB-14233,LOC-01,Patia Main Road,20.3533,85.8197,2026-08-07 19:33:47,339,0.98,10.8,141,63.1,114.2,681.3,22.8,76.0,Heavy Rain,83.5,False,None,
URB-14234,LOC-02,Jayadev Vihar,20.301,85.8239,2026-08-07 19:47:47,359,0.98,10.8,136,63.2,116.1,717.2,24.6,75.6,Heavy Rain,82.6,False,None,
URB-14235,LOC-03,Saheed Nagar,20.2872,85.8415,2026-08-07 19:59:47,283,0.98,11.3,218,101.4,191.5,664.5,21.5,85.7,Fog,93.6,False,None,
URB-14236,LOC-04,Khandagiri,20.2588,85.7836,2026-08-07 20:12:47,98,0.35,28.4,101,44.5,78.9,494.5,22.0,86.1,Fog,42.5,False,None,
URB-14237,LOC-05,Vani Vihar,20.2974,85.8364,2026-08-07 20:29:47,63,0.28,36.8,52,24.2,41.4,436.9,22.7,63.6,Clear,26.9,False,None,
URB-14238,LOC-06,Bhubaneswar Railway Station,20.2657,85.8436,2026-08-07 20:50:47,181,0.82,29.3,107,46.8,93.9,538.2,24.0,59.4,Clear,61.9,False,None,
URB-14239,LOC-07,Nandankanan Road,20.37,85.825,2026-08-07 21:05:47,125,0.48,31.7,90,44.5,81.4,517.0,18.9,66.1,Clear,44.1,False,None,
URB-14240,LOC-08,Kalarahanga Road,20.38,85.83,2026-08-07 21:20:47,93,0.38,36.1,55,24.4,47.3,497.0,22.5,76.7,Heavy Rain,31.8,False,None,
URB-14241,LOC-01,Patia Main Road,20.3533,85.8197,2026-08-07 21:30:47,136,0.54,23.2,115,54.6,108.1,533.1,22.5,84.8,Fog,55.1,False,None,
URB-14242,LOC-02,Jayadev Vihar,20.301,85.8239,2026-08-07 21:47:47,185,0.75,14.0,107,50.3,96.4,560.7,21.1,87.5,Heavy Rain,66.7,False,None,
URB-14243,LOC-03,Saheed Nagar,20.2872,85.8415,2026-08-07 22:01:47,62,0.28,28.4,118,58.7,104.7,457.6,20.7,88.8,Fog,42.7,False,None,
URB-14244,LOC-04,Khandagiri,20.2588,85.7836,2026-08-07 22:21:47,48,0.18,33.1,69,35.5,72.6,419.6,20.8,62.9,Haze,27.7,False,None,
URB-14245,LOC-05,Vani Vihar,20.2974,85.8364,2026-08-07 22:35:47,29,0.13,33.5,56,26.2,54.2,414.4,20.4,85.7,Fog,23.2,False,None,
URB-14246,LOC-06,Bhubaneswar Railway Station,20.2657,85.8436,2026-08-07 22:47:47,70,0.27,45.7,108,45.9,91.0,444.7,17.6,86.4,Fog,32.2,False,None,
URB-14247,LOC-07,Nandankanan Road,20.37,85.825,2026-08-07 23:03:47,51,0.2,36.9,64,25.8,47.2,454.8,18.3,63.6,Partly Cloudy,25.8,False,None,
URB-14248,LOC-08,Kalarahanga Road,20.38,85.83,2026-08-07 23:20:47,38,0.16,58.2,46,20.3,41.0,411.6,17.1,66.4,Partly Cloudy,17.0,False,None,
URB-14249,LOC-01,Patia Main Road,20.3533,85.8197,2026-08-07 23:30:47,63,0.28,28.4,61,26.4,49.4,467.6,16.1,90.9,Rain,32.7,False,None,
URB-14250,LOC-02,Jayadev Vihar,20.301,85.8239,2026-08-07 23:45:47,66,0.24,28.4,63,30.5,64.5,470.0,19.0,86.3,Heavy Rain,31.4,False,None,
URB-14251,LOC-03,Saheed Nagar,20.2872,85.8415,2026-08-07 23:59:47,50,0.2,40.0,86,35.9,69.1,440.9,20.0,68.1,Partly Cloudy,28.0,False,None,
URB-14252,LOC-04,Khandagiri,20.2588,85.7836,2026-08-08 00:22:47,46,0.16,33.6,73,30.4,59.1,434.3,14.4,72.9,Haze,27.4,False,None,
URB-14253,LOC-05,Vani Vihar,20.2974,85.8364,2026-08-08 00:34:47,29,0.11,30.4,43,22.8,40.0,433.5,14.6,89.3,Rain,21.7,False,None,
URB-14254,LOC-06,Bhubaneswar Railway Station,20.2657,85.8436,2026-08-08 00:43:47,57,0.22,45.2,90,40.2,69.3,429.4,18.8,88.4,Fog,27.1,False,None,
URB-14255,LOC-07,Nandankanan Road,20.37,85.825,2026-08-08 01:00:47,58,0.2,30.4,59,29.1,53.1,461.0,14.1,93.4,Rain,28.1,False,None,
URB-14256,LOC-08,Kalarahanga Road,20.38,85.83,2026-08-08 01:13:47,36,0.13,40.4,40,17.6,35.9,435.0,15.5,88.5,Rain,17.0,False,None,
URB-14257,LOC-01,Patia Main Road,20.3533,85.8197,2026-08-08 01:37:47,61,0.28,39.8,69,36.8,65.3,443.9,16.1,67.7,Clear,28.4,False,None,
URB-14258,LOC-02,Jayadev Vihar,20.301,85.8239,2026-08-08 01:43:47,69,0.29,35.9,74,35.7,69.1,437.7,13.7,70.6,Partly Cloudy,31.6,False,None,
URB-14259,LOC-03,Saheed Nagar,20.2872,85.8415,2026-08-08 02:02:47,50,0.19,37.3,89,41.5,82.6,454.3,16.8,68.1,Clear,29.5,False,None,
URB-14260,LOC-04,Khandagiri,20.2588,85.7836,2026-08-08 02:12:47,41,0.16,30.1,45,21.5,47.0,445.7,16.1,91.2,Heavy Rain,24.2,False,None,
URB-14261,LOC-05,Vani Vihar,20.2974,85.8364,2026-08-08 02:35:47,30,0.13,30.7,41,14.8,35.6,441.2,16.8,85.0,Rain,22.0,False,None,
URB-14262,LOC-06,Bhubaneswar Railway Station,20.2657,85.8436,2026-08-08 02:48:47,62,0.21,36.1,69,28.3,55.1,431.1,16.9,87.3,Rain,27.4,False,None,
URB-14263,LOC-07,Nandankanan Road,20.37,85.825,2026-08-08 02:58:47,56,0.2,29.8,88,43.7,80.5,445.1,17.6,86.0,Fog,33.5,False,None,
URB-14264,LOC-08,Kalarahanga Road,20.38,85.83,2026-08-08 03:19:47,43,0.18,54.8,52,19.8,39.4,424.2,14.7,77.1,Partly Cloudy,18.8,False,None,
URB-14265,LOC-01,Patia Main Road,20.3533,85.8197,2026-08-08 03:30:47,58,0.26,24.7,61,24.0,50.1,457.5,17.0,88.2,Rain,33.7,False,None,
URB-14266,LOC-02,Jayadev Vihar,20.301,85.8239,2026-08-08 03:45:47,74,0.27,29.8,106,49.6,88.7,456.4,14.7,94.5,Fog,39.5,False,None,
URB-14267,LOC-03,Saheed Nagar,20.2872,85.8415,2026-08-08 04:07:47,59,0.25,27.3,80,39.0,66.5,453.0,16.6,89.8,Heavy Rain,35.4,False,None,
URB-14268,LOC-04,Khandagiri,20.2588,85.7836,2026-08-08 04:15:47,53,0.2,35.5,54,24.0,42.9,425.5,17.4,64.8,Clear,24.7,False,None,
URB-14269,LOC-05,Vani Vihar,20.2974,85.8364,2026-08-08 04:37:47,32,0.14,43.7,47,23.6,47.4,410.7,14.5,72.4,Partly Cloudy,17.0,False,None,
URB-14270,LOC-06,Bhubaneswar Railway Station,20.2657,85.8436,2026-08-08 04:50:47,61,0.27,38.8,74,32.3,66.3,454.5,17.0,90.5,Rain,29.4,False,None,
URB-14271,LOC-07,Nandankanan Road,20.37,85.825,2026-08-08 04:59:47,53,0.22,36.4,61,27.0,49.1,442.1,15.2,69.9,Partly Cloudy,26.3,False,None,
URB-14272,LOC-08,Kalarahanga Road,20.38,85.83,2026-08-08 05:20:47,41,0.17,47.1,65,28.7,53.5,429.3,17.9,87.4,Fog,20.7,False,None,
URB-14273,LOC-01,Patia Main Road,20.3533,85.8197,2026-08-08 05:27:47,57,0.24,35.5,69,34.9,67.4,452.1,19.9,69.8,Clear,28.9,False,None,
URB-14274,LOC-02,Jayadev Vihar,20.301,85.8239,2026-08-08 05:46:47,64,0.24,37.5,81,40.0,73.8,465.6,16.9,71.4,Partly Cloudy,30.0,False,None,
URB-14275,LOC-03,Saheed Nagar,20.2872,85.8415,2026-08-08 06:05:47,136,0.56,25.0,130,63.2,112.0,536.2,19.3,62.3,Haze,57.7,False,None,
URB-14276,LOC-04,Khandagiri,20.2588,85.7836,2026-08-08 06:15:47,120,0.54,19.5,74,32.2,58.7,521.6,18.3,87.5,Rain,49.8,False,None,
URB-14277,LOC-05,Vani Vihar,20.2974,85.8364,2026-08-08 06:27:47,85,0.36,24.9,59,27.3,58.6,483.9,20.2,81.2,Heavy Rain,37.3,False,None,
URB-14278,LOC-06,Bhubaneswar Railway Station,20.2657,85.8436,2026-08-08 06:47:47,187,0.64,23.5,92,39.2,67.1,579.7,16.7,87.1,Heavy Rain,55.0,False,None,
URB-14279,LOC-07,Nandankanan Road,20.37,85.825,2026-08-08 07:06:47,218,0.77,13.7,94,43.9,87.7,603.7,20.9,80.9,Rain,65.4,False,None,
URB-14280,LOC-08,Kalarahanga Road,20.38,85.83,2026-08-08 07:14:47,125,0.46,40.8,78,33.1,61.7,517.3,21.7,58.6,Partly Cloudy,36.7,False,None,
URB-14281,LOC-01,Patia Main Road,20.3533,85.8197,2026-08-08 07:27:47,199,0.88,12.2,108,52.3,103.5,575.8,20.2,85.2,Rain,73.0,False,None,
URB-14282,LOC-02,Jayadev Vihar,20.301,85.8239,2026-08-08 07:52:47,269,0.95,10.2,130,58.4,105.2,638.6,18.9,90.7,Rain,80.7,False,None,
URB-14283,LOC-03,Saheed Nagar,20.2872,85.8415,2026-08-08 08:03:47,187,0.68,20.9,145,70.0,126.1,576.2,22.3,78.4,Fog,67.1,False,None,
URB-14284,LOC-04,Khandagiri,20.2588,85.7836,2026-08-08 08:19:47,136,0.58,24.6,98,45.7,84.3,509.1,21.2,62.7,Partly Cloudy,53.0,False,None,
URB-14285,LOC-05,Vani Vihar,20.2974,85.8364,2026-08-08 08:29:47,96,0.43,28.8,88,35.7,68.4,474.6,20.9,68.5,Haze,43.2,False,None,
URB-14286,LOC-06,Bhubaneswar Railway Station,20.2657,85.8436,2026-08-08 08:48:47,232,0.81,25.0,188,90.5,166.4,584.3,23.0,79.9,Fog,77.8,False,None,
URB-14287,LOC-07,Nandankanan Road,20.37,85.825,2026-08-08 09:00:47,190,0.67,20.6,130,64.2,124.2,571.8,25.5,58.0,Haze,64.2,False,None,
URB-14288,LOC-08,Kalarahanga Road,20.38,85.83,2026-08-08 09:18:47,115,0.52,37.9,71,31.3,58.8,506.3,21.1,59.8,Clear,39.3,False,None,
URB-14289,LOC-01,Patia Main Road,20.3533,85.8197,2026-08-08 09:35:47,241,0.98,11.0,111,47.3,91.8,600.3,22.1,78.5,Heavy Rain,78.1,False,None,
URB-14290,LOC-02,Jayadev Vihar,20.301,85.8239,2026-08-08 09:48:47,286,0.98,10.8,137,59.8,104.0,669.8,22.9,81.0,Heavy Rain,82.8,False,None,
URB-14291,LOC-03,Saheed Nagar,20.2872,85.8415,2026-08-08 09:58:47,189,0.8,19.2,123,56.0,107.6,579.0,21.5,64.8,Clear,68.9,False,None,
URB-14292,LOC-04,Khandagiri,20.2588,85.7836,2026-08-08 10:17:47,161,0.69,18.1,107,46.2,79.0,533.5,24.7,53.6,Haze,62.3,False,None,
URB-14293,LOC-05,Vani Vihar,20.2974,85.8364,2026-08-08 10:29:47,90,0.35,24.7,58,28.2,54.9,481.2,27.4,76.5,Heavy Rain,36.8,False,None,
URB-14294,LOC-06,Bhubaneswar Railway Station,20.2657,85.8436,2026-08-08 10:50:47,192,0.86,17.5,111,47.6,91.3,558.3,23.9,77.5,Rain,70.1,False,None,
URB-14295,LOC-07,Nandankanan Road,20.37,85.825,2026-08-08 11:05:47,152,0.54,22.0,81,39.3,66.5,512.0,26.9,74.8,Heavy Rain,49.8,False,None,
URB-14296,LOC-08,Kalarahanga Road,20.38,85.83,2026-08-08 11:21:47,107,0.38,44.3,86,38.2,73.7,501.1,25.2,75.8,Fog,33.1,False,None,
URB-14297,LOC-01,Patia Main Road,20.3533,85.8197,2026-08-08 11:37:47,201,0.75,14.3,99,41.3,72.1,580.0,25.8,73.5,Rain,65.2,False,None,
URB-14298,LOC-02,Jayadev Vihar,20.301,85.8239,2026-08-08 11:46:47,207,0.98,4.5,102,47.9,92.1,589.3,27.4,70.7,Heavy Rain,71.6,True,Severe Gridlock,Critical speed drop to 4.5 km/h indicating major arterial blockade.
URB-14299,LOC-03,Saheed Nagar,20.2872,85.8415,2026-08-08 11:59:47,141,0.64,17.7,91,42.7,82.4,530.2,25.1,76.0,Rain,57.7,False,None,
URB-14300,LOC-04,Khandagiri,20.2588,85.7836,2026-08-08 12:18:47,154,0.66,19.3,129,54.2,94.0,545.3,29.4,70.2,Fog,64.3,False,None,
URB-14301,LOC-05,Vani Vihar,20.2974,85.8364,2026-08-08 12:28:47,84,0.36,35.5,69,32.4,62.4,466.2,29.4,54.7,Partly Cloudy,33.7,False,None,
URB-14302,LOC-06,Bhubaneswar Railway Station,20.2657,85.8436,2026-08-08 12:44:47,222,0.98,20.8,145,62.3,119.6,575.4,26.9,52.1,Clear,79.2,False,None,
URB-14303,LOC-07,Nandankanan Road,20.37,85.825,2026-08-08 12:58:47,178,0.74,20.5,115,50.1,94.2,552.8,25.4,60.4,Clear,98.5,True,Multi-Vector Urban Risk,Combined extreme congestion (74%) and high particulate pollution.
URB-14304,LOC-08,Kalarahanga Road,20.38,85.83,2026-08-08 13:12:47,245,0.75,31.3,73,33.5,62.7,537.8,28.0,69.8,Rain,42.9,True,Traffic Bottleneck,Sudden vehicular surge of 245 vehicles/min exceeding corridor capacity.
URB-14305,LOC-01,Patia Main Road,20.3533,85.8197,2026-08-08 13:32:47,184,0.63,23.6,125,56.4,103.2,575.3,27.0,53.3,Partly Cloudy,60.3,False,None,
URB-14306,LOC-02,Jayadev Vihar,20.301,85.8239,2026-08-08 13:43:47,271,0.98,15.3,150,73.4,138.4,633.2,28.3,52.6,Partly Cloudy,82.8,False,None,
URB-14307,LOC-03,Saheed Nagar,20.2872,85.8415,2026-08-08 13:59:47,164,0.64,22.8,131,55.2,97.5,534.7,26.4,56.3,Partly Cloudy,62.1,False,None,
URB-14308,LOC-04,Khandagiri,20.2588,85.7836,2026-08-08 14:16:47,149,0.55,22.8,121,54.8,95.0,524.3,27.2,57.8,Haze,56.8,False,None,
URB-14309,LOC-05,Vani Vihar,20.2974,85.8364,2026-08-08 14:33:47,85,0.3,32.8,74,30.7,55.1,464.5,26.4,57.9,Haze,33.5,False,None,
URB-14310,LOC-06,Bhubaneswar Railway Station,20.2657,85.8436,2026-08-08 14:46:47,225,0.96,19.3,178,82.1,148.9,601.3,29.3,71.7,Fog,84.9,False,None,
URB-14311,LOC-07,Nandankanan Road,20.37,85.825,2026-08-08 15:04:47,183,0.84,12.6,100,44.9,75.9,546.8,28.6,72.1,Rain,69.8,False,None,
URB-14312,LOC-08,Kalarahanga Road,20.38,85.83,2026-08-08 15:13:47,111,0.47,46.1,74,39.1,72.9,500.5,26.9,50.1,Partly Cloudy,69.2,True,Multi-Vector Urban Risk,Combined extreme congestion (47%) and high particulate pollution.
URB-14313,LOC-01,Patia Main Road,20.3533,85.8197,2026-08-08 15:32:47,175,0.64,24.8,99,41.6,70.1,533.3,26.2,53.4,Clear,55.5,False,None,
URB-14314,LOC-02,Jayadev Vihar,20.301,85.8239,2026-08-08 15:48:47,247,0.9,15.4,184,80.7,153.4,634.7,26.1,80.2,Fog,85.5,False,None,
URB-14315,LOC-03,Saheed Nagar,20.2872,85.8415,2026-08-08 16:01:47,165,0.62,21.2,157,71.0,132.7,540.2,27.9,55.8,Haze,66.7,False,None,
URB-14316,LOC-04,Khandagiri,20.2588,85.7836,2026-08-08 16:22:47,147,0.59,27.5,85,35.6,68.3,507.5,28.6,54.0,Partly Cloudy,49.7,False,None,
URB-14317,LOC-05,Vani Vihar,20.2974,85.8364,2026-08-08 16:35:47,110,0.48,26.9,67,31.8,53.3,499.6,26.8,58.4,Partly Cloudy,42.5,False,None,
URB-14318,LOC-06,Bhubaneswar Railway Station,20.2657,85.8436,2026-08-08 16:46:47,192,0.78,23.2,173,81.2,153.1,577.2,26.5,79.8,Fog,74.9,False,None,
URB-14319,LOC-07,Nandankanan Road,20.37,85.825,2026-08-08 17:06:47,219,0.78,13.3,112,51.0,91.5,588.8,28.1,76.3,Rain,69.2,False,None,
URB-14320,LOC-08,Kalarahanga Road,20.38,85.83,2026-08-08 17:16:47,140,0.57,38.1,89,37.9,74.2,503.8,28.4,53.6,Clear,44.3,False,None,
URB-14321,LOC-01,Patia Main Road,20.3533,85.8197,2026-08-08 17:34:47,219,0.98,12.0,145,69.4,133.1,604.0,24.0,79.7,Fog,83.6,False,None,
URB-14322,LOC-02,Jayadev Vihar,20.301,85.8239,2026-08-08 17:49:47,276,0.98,12.6,172,81.7,151.8,626.2,24.7,54.3,Haze,88.0,False,None,
URB-14323,LOC-03,Saheed Nagar,20.2872,85.8415,2026-08-08 18:05:47,195,0.75,18.4,173,79.8,141.0,563.7,26.9,50.6,Haze,76.1,False,None,
URB-14324,LOC-04,Khandagiri,20.2588,85.7836,2026-08-08 18:19:47,134,0.46,28.7,89,42.2,76.4,510.5,25.3,54.3,Partly Cloudy,44.6,False,None,
URB-14325,LOC-05,Vani Vihar,20.2974,85.8364,2026-08-08 18:28:47,104,0.48,30.4,73,35.5,67.9,499.1,24.8,60.8,Partly Cloudy,41.8,False,None,
URB-14326,LOC-06,Bhubaneswar Railway Station,20.2657,85.8436,2026-08-08 18:49:47,260,0.98,15.6,118,50.4,97.3,618.8,22.5,81.8,Heavy Rain,77.0,False,None,
URB-14327,LOC-07,Nandankanan Road,20.37,85.825,2026-08-08 19:03:47,163,0.6,17.9,75,33.8,68.1,542.1,22.7,78.7,Rain,53.2,False,None,
URB-14328,LOC-08,Kalarahanga Road,20.38,85.83,2026-08-08 19:13:47,137,0.63,26.5,75,36.8,63.4,510.3,23.9,80.4,Rain,50.1,False,None,
URB-14329,LOC-01,Patia Main Road,20.3533,85.8197,2026-08-08 19:36:47,181,0.66,21.6,143,70.3,135.0,558.6,22.2,83.2,Fog,65.6,False,None,
URB-14330,LOC-02,Jayadev Vihar,20.301,85.8239,2026-08-08 19:50:47,269,0.94,16.8,129,57.4,98.3,634.6,23.1,64.3,Clear,76.8,False,None,
URB-14331,LOC-03,Saheed Nagar,20.2872,85.8415,2026-08-08 20:01:47,151,0.52,23.3,158,73.0,135.0,520.5,23.9,78.6,Fog,61.8,False,None,
URB-14332,LOC-04,Khandagiri,20.2588,85.7836,2026-08-08 20:12:47,121,0.45,33.6,81,39.2,74.4,494.4,24.1,61.8,Partly Cloudy,40.4,False,None,
URB-14333,LOC-05,Vani Vihar,20.2974,85.8364,2026-08-08 20:33:47,68,0.24,39.2,66,32.2,56.4,466.9,24.4,54.5,Partly Cloudy,26.5,False,None,
URB-14334,LOC-06,Bhubaneswar Railway Station,20.2657,85.8436,2026-08-08 20:43:47,164,0.75,32.3,107,48.3,84.3,541.9,22.8,56.6,Partly Cloudy,57.6,False,None,
URB-14335,LOC-07,Nandankanan Road,20.37,85.825,2026-08-08 21:02:47,128,0.55,21.8,106,51.7,91.6,527.4,21.9,79.3,Fog,54.6,False,None,
URB-14336,LOC-08,Kalarahanga Road,20.38,85.83,2026-08-08 21:13:47,92,0.4,44.7,70,35.7,61.8,475.1,22.1,59.6,Clear,30.9,False,None,
URB-14337,LOC-01,Patia Main Road,20.3533,85.8197,2026-08-08 21:27:47,171,0.76,22.5,118,57.7,111.8,554.9,22.6,61.3,Clear,64.8,False,None,
URB-14338,LOC-02,Jayadev Vihar,20.301,85.8239,2026-08-08 21:43:47,174,0.61,20.3,130,62.2,112.5,569.4,18.4,86.2,Fog,62.0,False,None,
URB-14339,LOC-03,Saheed Nagar,20.2872,85.8415,2026-08-08 22:07:47,62,0.25,31.6,108,53.1,101.0,431.4,20.4,89.0,Fog,38.1,False,None,
URB-14340,LOC-04,Khandagiri,20.2588,85.7836,2026-08-08 22:15:47,45,0.2,37.9,52,24.7,49.0,421.2,17.0,70.1,Clear,23.2,False,None,
URB-14341,LOC-05,Vani Vihar,20.2974,85.8364,2026-08-08 22:34:47,33,0.14,37.7,66,28.0,52.9,426.5,20.8,80.8,Fog,23.3,False,None,
URB-14342,LOC-06,Bhubaneswar Railway Station,20.2657,85.8436,2026-08-08 22:42:47,79,0.27,40.4,63,30.6,50.5,475.8,17.8,85.6,Rain,26.6,False,None,
URB-14343,LOC-07,Nandankanan Road,20.37,85.825,2026-08-08 22:59:47,51,0.22,39.6,67,34.5,61.6,454.4,17.4,70.2,Clear,25.7,False,None,
URB-14344,LOC-08,Kalarahanga Road,20.38,85.83,2026-08-08 23:16:47,36,0.15,42.2,43,18.4,42.1,430.9,16.0,89.3,Rain,17.4,False,None,
URB-14345,LOC-01,Patia Main Road,20.3533,85.8197,2026-08-08 23:27:47,66,0.26,38.4,65,26.3,47.8,458.8,16.5,68.8,Clear,27.6,False,None,
URB-14346,LOC-02,Jayadev Vihar,20.301,85.8239,2026-08-08 23:45:47,63,0.22,34.1,99,41.6,80.2,466.1,15.6,66.6,Haze,34.1,False,None,
URB-14347,LOC-03,Saheed Nagar,20.2872,85.8415,2026-08-09 00:01:47,50,0.21,28.6,71,32.8,62.0,425.4,17.5,84.1,Heavy Rain,31.5,False,None,
URB-14348,LOC-04,Khandagiri,20.2588,85.7836,2026-08-09 00:13:47,40,0.15,33.5,64,28.1,52.2,416.6,18.2,85.2,Fog,25.5,False,None,
URB-14349,LOC-05,Vani Vihar,20.2974,85.8364,2026-08-09 00:31:47,33,0.12,31.4,45,17.8,37.6,435.9,16.4,87.4,Heavy Rain,22.0,False,None,
URB-14350,LOC-06,Bhubaneswar Railway Station,20.2657,85.8436,2026-08-09 00:48:47,78,0.36,49.4,89,44.7,76.5,482.1,19.1,66.1,Clear,32.5,False,None,
URB-14351,LOC-07,Nandankanan Road,20.37,85.825,2026-08-09 00:58:47,48,0.21,27.2,51,19.9,39.0,451.2,18.9,84.1,Heavy Rain,28.7,False,None,
URB-14352,LOC-08,Kalarahanga Road,20.38,85.83,2026-08-09 01:20:47,35,0.13,54.6,70,30.5,50.5,435.6,18.3,89.1,Fog,19.9,False,None,
URB-14353,LOC-01,Patia Main Road,20.3533,85.8197,2026-08-09 01:32:47,63,0.28,32.6,87,44.2,78.7,465.0,15.3,76.7,Haze,35.1,False,None,
URB-14354,LOC-02,Jayadev Vihar,20.301,85.8239,2026-08-09 01:47:47,126,0.41,25.2,72,29.8,62.7,470.7,18.4,92.1,Heavy Rain,36.2,True,Traffic Bottleneck,Sudden vehicular surge of 126 vehicles/min exceeding corridor capacity.
URB-14355,LOC-03,Saheed Nagar,20.2872,85.8415,2026-08-09 02:02:47,54,0.22,34.1,97,49.1,89.5,446.4,16.0,71.9,Haze,33.7,False,None,
URB-14356,LOC-04,Khandagiri,20.2588,85.7836,2026-08-09 02:17:47,44,0.17,38.5,53,23.3,49.3,443.1,18.1,72.7,Partly Cloudy,21.8,False,None,
URB-14357,LOC-05,Vani Vihar,20.2974,85.8364,2026-08-09 02:35:47,27,0.09,36.0,58,27.3,58.5,401.9,15.7,74.0,Haze,20.8,False,None,
URB-14358,LOC-06,Bhubaneswar Railway Station,20.2657,85.8436,2026-08-09 02:46:47,63,0.23,55.5,74,37.6,64.5,466.7,17.7,68.9,Partly Cloudy,24.6,False,None,
URB-14359,LOC-07,Nandankanan Road,20.37,85.825,2026-08-09 02:58:47,52,0.23,32.4,68,29.1,61.4,454.9,13.5,69.9,Haze,29.9,False,None,
URB-14360,LOC-08,Kalarahanga Road,20.38,85.83,2026-08-09 03:17:47,36,0.15,53.3,62,32.7,60.3,430.1,17.9,84.2,Fog,19.4,False,None,
URB-14361,LOC-01,Patia Main Road,20.3533,85.8197,2026-08-09 03:29:47,63,0.25,27.7,62,25.3,54.3,464.4,16.7,91.1,Rain,32.0,False,None,
URB-14362,LOC-02,Jayadev Vihar,20.301,85.8239,2026-08-09 03:51:47,69,0.25,37.9,69,34.7,69.0,439.8,16.7,70.7,Clear,28.1,False,None,
URB-14363,LOC-03,Saheed Nagar,20.2872,85.8415,2026-08-09 04:01:47,58,0.21,30.2,112,50.3,92.2,450.7,19.0,82.3,Fog,37.9,False,None,
URB-14364,LOC-04,Khandagiri,20.2588,85.7836,2026-08-09 04:13:47,53,0.21,25.9,48,24.3,41.4,439.1,18.9,87.4,Heavy Rain,28.9,False,None,
URB-14365,LOC-05,Vani Vihar,20.2974,85.8364,2026-08-09 04:28:47,34,0.14,30.0,42,17.5,36.9,424.1,17.0,91.8,Rain,22.9,False,None,
URB-14366,LOC-06,Bhubaneswar Railway Station,20.2657,85.8436,2026-08-09 04:44:47,74,0.29,36.3,78,31.5,58.1,473.3,18.3,87.3,Heavy Rain,32.1,False,None,
URB-14367,LOC-07,Nandankanan Road,20.37,85.825,2026-08-09 05:05:47,58,0.26,39.5,69,30.9,58.4,462.2,20.2,65.0,Clear,27.7,False,None,
URB-14368,LOC-08,Kalarahanga Road,20.38,85.83,2026-08-09 05:17:47,34,0.15,53.7,56,29.6,49.5,428.7,17.9,63.8,Clear,18.3,False,None,
URB-14369,LOC-01,Patia Main Road,20.3533,85.8197,2026-08-09 05:27:47,58,0.26,39.1,78,38.6,72.7,458.8,19.5,62.9,Clear,29.5,False,None,
URB-14370,LOC-02,Jayadev Vihar,20.301,85.8239,2026-08-09 05:43:47,62,0.24,25.9,61,27.9,56.5,452.1,18.7,83.9,Rain,32.3,False,None,
URB-14371,LOC-03,Saheed Nagar,20.2872,85.8415,2026-08-09 06:07:47,129,0.47,27.5,117,51.7,97.9,517.5,16.6,68.2,Partly Cloudy,50.5,False,None,
URB-14372,LOC-04,Khandagiri,20.2588,85.7836,2026-08-09 06:15:47,126,0.58,29.1,93,41.7,76.3,490.1,21.1,61.6,Partly Cloudy,49.9,False,None,
URB-14373,LOC-05,Vani Vihar,20.2974,85.8364,2026-08-09 06:37:47,62,0.28,36.7,59,28.7,60.6,430.9,19.6,67.6,Partly Cloudy,28.2,False,None,
URB-14374,LOC-06,Bhubaneswar Railway Station,20.2657,85.8436,2026-08-09 06:50:47,159,0.62,26.3,85,41.4,74.8,542.0,18.4,83.3,Rain,51.5,False,None,
URB-14375,LOC-07,Nandankanan Road,20.37,85.825,2026-08-09 06:59:47,138,0.54,18.4,71,28.2,52.6,538.4,20.1,85.8,Rain,49.8,False,None,
URB-14376,LOC-08,Kalarahanga Road,20.38,85.83,2026-08-09 07:21:47,122,0.42,41.4,101,49.9,96.3,515.4,19.4,61.6,Haze,38.8,False,None,
URB-14377,LOC-01,Patia Main Road,20.3533,85.8197,2026-08-09 07:27:47,228,0.98,10.2,100,42.6,78.4,597.6,22.0,86.1,Rain,76.6,False,None,
URB-14378,LOC-02,Jayadev Vihar,20.301,85.8239,2026-08-09 07:44:47,223,0.95,12.4,162,72.8,137.2,594.1,18.5,84.5,Fog,85.1,False,None,
URB-14379,LOC-03,Saheed Nagar,20.2872,85.8415,2026-08-09 08:07:47,157,0.66,16.4,95,46.5,82.1,551.9,20.9,88.5,Heavy Rain,59.8,False,None,
URB-14380,LOC-04,Khandagiri,20.2588,85.7836,2026-08-09 08:19:47,149,0.59,20.6,74,31.2,52.9,546.5,21.4,83.4,Rain,51.2,False,None,
URB-14381,LOC-05,Vani Vihar,20.2974,85.8364,2026-08-09 08:35:47,88,0.37,24.3,56,24.8,52.7,474.5,22.3,76.9,Rain,37.5,False,None,
URB-14382,LOC-06,Bhubaneswar Railway Station,20.2657,85.8436,2026-08-09 08:48:47,226,0.95,15.5,122,56.7,101.2,593.3,23.6,78.3,Rain,76.6,False,None,
URB-14383,LOC-07,Nandankanan Road,20.37,85.825,2026-08-09 09:00:47,181,0.76,16.2,88,37.0,71.6,562.6,23.9,77.8,Rain,62.7,False,None,
URB-14384,LOC-08,Kalarahanga Road,20.38,85.83,2026-08-09 09:15:47,112,0.45,31.9,62,29.5,55.3,491.5,22.4,82.7,Rain,37.9,False,None,
URB-14385,LOC-01,Patia Main Road,20.3533,85.8197,2026-08-09 09:31:47,244,0.98,10.3,100,41.7,78.1,621.0,21.4,87.6,Heavy Rain,76.6,False,None,
URB-14386,LOC-02,Jayadev Vihar,20.301,85.8239,2026-08-09 09:44:47,246,0.98,10.0,125,58.9,107.6,598.6,23.1,80.7,Heavy Rain,81.1,False,None,
URB-14387,LOC-03,Saheed Nagar,20.2872,85.8415,2026-08-09 10:01:47,193,0.88,14.2,164,79.5,144.2,576.8,25.8,59.7,Haze,81.8,False,None,
URB-14388,LOC-04,Khandagiri,20.2588,85.7836,2026-08-09 10:13:47,132,0.57,18.8,67,28.5,48.3,515.1,24.5,76.4,Heavy Rain,50.1,False,None,
URB-14389,LOC-05,Vani Vihar,20.2974,85.8364,2026-08-09 10:28:47,107,0.46,24.0,82,40.4,78.7,495.9,25.7,56.3,Haze,45.8,False,None,
URB-14390,LOC-06,Bhubaneswar Railway Station,20.2657,85.8436,2026-08-09 10:48:47,235,0.98,14.0,107,44.3,86.2,620.0,26.5,78.1,Rain,75.9,False,None,
URB-14391,LOC-07,Nandankanan Road,20.37,85.825,2026-08-09 11:00:47,175,0.6,24.4,120,53.9,93.2,565.1,25.4,78.8,Fog,57.8,False,None,
URB-14392,LOC-08,Kalarahanga Road,20.38,85.83,2026-08-09 11:18:47,117,0.49,33.4,75,39.4,68.9,504.3,27.3,74.7,Rain,41.0,False,None,
URB-14393,LOC-01,Patia Main Road,20.3533,85.8197,2026-08-09 11:33:47,184,0.63,22.7,126,59.2,109.1,547.0,28.2,74.9,Fog,60.9,False,None,
URB-14394,LOC-02,Jayadev Vihar,20.301,85.8239,2026-08-09 11:43:47,218,0.88,13.3,169,80.2,144.4,601.8,26.4,54.8,Haze,83.1,False,None,
URB-14395,LOC-03,Saheed Nagar,20.2872,85.8415,2026-08-09 12:04:47,157,0.66,22.5,108,51.2,102.2,523.5,29.1,47.0,Partly Cloudy,59.1,False,None,
URB-14396,LOC-04,Khandagiri,20.2588,85.7836,2026-08-09 12:22:47,142,0.58,27.9,90,36.6,65.0,513.3,27.3,52.6,Partly Cloudy,50.0,False,None,
URB-14397,LOC-05,Vani Vihar,20.2974,85.8364,2026-08-09 12:34:47,83,0.38,32.7,59,23.6,47.2,462.3,26.1,54.2,Partly Cloudy,34.2,False,None,
URB-14398,LOC-06,Bhubaneswar Railway Station,20.2657,85.8436,2026-08-09 12:52:47,196,0.74,33.5,128,53.9,92.9,572.4,26.4,55.8,Partly Cloudy,60.2,False,None,
URB-14399,LOC-07,Nandankanan Road,20.37,85.825,2026-08-09 12:57:47,167,0.67,22.2,121,57.7,103.8,558.0,25.4,80.3,Fog,61.9,False,None,
URB-14400,LOC-08,Kalarahanga Road,20.38,85.83,2026-08-09 13:21:47,126,0.46,35.7,98,41.5,77.6,518.8,27.2,78.8,Fog,42.7,False,None,
URB-14401,LOC-01,Patia Main Road,20.3533,85.8197,2026-08-09 13:29:47,232,0.95,12.0,144,66.0,124.1,596.0,26.5,55.9,Haze,82.2,False,None,
URB-14402,LOC-02,Jayadev Vihar,20.301,85.8239,2026-08-09 13:42:47,273,0.95,15.5,133,59.7,106.6,660.2,28.5,52.3,Partly Cloudy,78.5,False,None,
URB-14403,LOC-03,Saheed Nagar,20.2872,85.8415,2026-08-09 13:58:47,162,0.62,23.8,166,75.7,136.8,540.3,25.3,57.4,Haze,66.9,False,None,
URB-14404,LOC-04,Khandagiri,20.2588,85.7836,2026-08-09 14:12:47,130,0.59,26.1,86,37.6,65.1,511.0,26.9,58.4,Partly Cloudy,50.6,False,None,
URB-14405,LOC-05,Vani Vihar,20.2974,85.8364,2026-08-09 14:31:47,89,0.33,30.2,77,32.8,57.5,458.2,25.8,79.4,Fog,36.6,False,None,
URB-14406,LOC-06,Bhubaneswar Railway Station,20.2657,85.8436,2026-08-09 14:47:47,195,0.83,21.4,102,43.6,82.8,569.7,25.8,74.9,Rain,65.3,False,None,
URB-14407,LOC-07,Nandankanan Road,20.37,85.825,2026-08-09 15:01:47,186,0.77,15.1,95,47.5,82.7,547.9,26.3,79.7,Rain,64.9,False,None,
URB-14408,LOC-08,Kalarahanga Road,20.38,85.83,2026-08-09 15:17:47,124,0.5,37.6,92,38.5,78.1,493.3,26.3,75.3,Fog,42.3,False,None,
URB-14409,LOC-01,Patia Main Road,20.3533,85.8197,2026-08-09 15:34:47,214,0.84,16.9,137,64.2,120.3,587.5,28.4,54.1,Clear,74.1,False,None,
URB-14410,LOC-02,Jayadev Vihar,20.301,85.8239,2026-08-09 15:46:47,268,0.98,9.8,138,58.8,104.3,649.2,27.6,75.1,Rain,83.5,False,None,
URB-14411,LOC-03,Saheed Nagar,20.2872,85.8415,2026-08-09 16:03:47,196,0.72,19.6,158,74.4,135.4,556.6,25.5,79.8,Fog,71.7,False,None,
URB-14412,LOC-04,Khandagiri,20.2588,85.7836,2026-08-09 16:16:47,154,0.59,17.9,74,32.8,64.2,517.6,24.8,78.5,Heavy Rain,52.6,False,None,
URB-14413,LOC-05,Vani Vihar,20.2974,85.8364,2026-08-09 16:34:47,96,0.4,33.7,71,34.0,62.0,480.3,24.9,54.5,Partly Cloudy,36.6,False,None,
URB-14414,LOC-06,Bhubaneswar Railway Station,20.2657,85.8436,2026-08-09 16:42:47,203,0.88,26.5,114,49.8,99.3,594.9,27.3,57.5,Partly Cloudy,66.9,False,None,
URB-14415,LOC-07,Nandankanan Road,20.37,85.825,2026-08-09 17:07:47,193,0.77,14.6,82,40.2,76.8,573.7,25.3,79.2,Rain,62.8,False,None,
URB-14416,LOC-08,Kalarahanga Road,20.38,85.83,2026-08-09 17:18:47,135,0.5,37.7,100,44.3,75.1,536.3,24.9,56.8,Haze,43.6,False,None,
URB-14417,LOC-01,Patia Main Road,20.3533,85.8197,2026-08-09 17:28:47,239,0.98,14.0,144,62.6,122.5,617.6,28.5,47.7,Clear,82.4,False,None,
URB-14418,LOC-02,Jayadev Vihar,20.301,85.8239,2026-08-09 17:44:47,219,0.89,13.7,163,74.6,133.7,600.8,25.7,59.1,Haze,82.3,False,None,
URB-14419,LOC-03,Saheed Nagar,20.2872,85.8415,2026-08-09 18:04:47,197,0.67,21.9,132,58.9,109.5,571.1,25.2,54.8,Clear,64.0,False,None,
URB-14420,LOC-04,Khandagiri,20.2588,85.7836,2026-08-09 18:13:47,137,0.47,21.3,77,35.7,66.2,511.3,26.2,75.8,Heavy Rain,46.6,False,None,
URB-14421,LOC-05,Vani Vihar,20.2974,85.8364,2026-08-09 18:27:47,98,0.44,28.8,153,57.5,57.4,464.0,26.6,53.6,Partly Cloudy,39.2,True,Air Quality Hazard,"Hazardous particulate spike (AQI 153, PM2.5 57.5 µg/m³) detected near Vani Vihar."
URB-14422,LOC-06,Bhubaneswar Railway Station,20.2657,85.8436,2026-08-09 18:44:47,221,0.97,16.2,184,87.9,163.1,601.5,25.9,52.7,Haze,87.9,False,None,
URB-14423,LOC-07,Nandankanan Road,20.37,85.825,2026-08-09 19:06:47,206,0.86,12.4,97,47.4,94.3,596.3,23.0,79.7,Rain,70.2,False,None,
URB-14424,LOC-08,Kalarahanga Road,20.38,85.83,2026-08-09 19:16:47,134,0.61,25.6,81,40.8,81.0,524.2,22.6,76.3,Heavy Rain,50.8,False,None,
URB-14425,LOC-01,Patia Main Road,20.3533,85.8197,2026-08-09 19:34:47,189,0.76,15.1,104,44.7,78.2,549.0,24.8,75.2,Rain,66.0,False,None,
URB-14426,LOC-02,Jayadev Vihar,20.301,85.8239,2026-08-09 19:52:47,251,0.92,13.6,160,78.0,146.2,632.1,25.6,58.0,Haze,83.0,False,None,
URB-14427,LOC-03,Saheed Nagar,20.2872,85.8415,2026-08-09 19:57:47,167,0.59,26.4,132,56.2,106.6,540.1,23.7,58.7,Clear,58.5,False,None,
URB-14428,LOC-04,Khandagiri,20.2588,85.7836,2026-08-09 20:12:47,117,0.52,19.1,70,35.0,67.3,516.2,20.3,86.9,Rain,48.5,False,None,
URB-14429,LOC-05,Vani Vihar,20.2974,85.8364,2026-08-09 20:30:47,74,0.3,24.5,50,27.7,48.2,446.7,24.4,79.8,Rain,33.5,False,None,
URB-14430,LOC-06,Bhubaneswar Railway Station,20.2657,85.8436,2026-08-09 20:47:47,157,0.63,31.8,138,59.1,111.7,536.4,21.4,65.6,Haze,58.4,False,None,
URB-14431,LOC-07,Nandankanan Road,20.37,85.825,2026-08-09 21:00:47,150,0.53,22.6,239,107.7,96.9,512.2,21.7,60.3,Haze,54.3,True,Air Quality Hazard,"Hazardous particulate spike (AQI 239, PM2.5 107.7 µg/m³) detected near Nandankanan Road."
URB-14432,LOC-08,Kalarahanga Road,20.38,85.83,2026-08-09 21:22:47,82,0.33,44.3,95,40.5,71.3,485.0,19.4,82.0,Fog,32.7,False,None,
URB-14433,LOC-01,Patia Main Road,20.3533,85.8197,2026-08-09 21:31:47,154,0.54,21.6,95,43.6,74.1,552.0,22.8,78.3,Rain,52.4,False,None,
URB-14434,LOC-02,Jayadev Vihar,20.301,85.8239,2026-08-09 21:47:47,176,0.67,25.3,117,49.4,84.5,566.4,20.4,61.2,Partly Cloudy,59.6,False,None,
URB-14435,LOC-03,Saheed Nagar,20.2872,85.8415,2026-08-09 22:03:47,98,0.32,36.7,89,43.5,79.8,459.4,21.1,64.3,Partly Cloudy,31.0,True,Traffic Bottleneck,Sudden vehicular surge of 98 vehicles/min exceeding corridor capacity.
URB-14436,LOC-04,Khandagiri,20.2588,85.7836,2026-08-09 22:20:47,48,0.19,28.7,44,23.2,45.1,432.6,18.5,90.7,Heavy Rain,26.0,False,None,
URB-14437,LOC-05,Vani Vihar,20.2974,85.8364,2026-08-09 22:29:47,32,0.15,38.8,44,21.7,38.9,421.0,17.6,69.2,Clear,19.3,False,None,
URB-14438,LOC-06,Bhubaneswar Railway Station,20.2657,85.8436,2026-08-09 22:48:47,59,0.22,59.0,88,36.5,71.0,465.9,19.0,67.4,Partly Cloudy,26.7,False,None,
URB-14439,LOC-07,Nandankanan Road,20.37,85.825,2026-08-09 23:04:47,60,0.24,25.4,61,32.8,64.1,465.1,18.6,90.1,Rain,32.6,False,None,
URB-14440,LOC-08,Kalarahanga Road,20.38,85.83,2026-08-09 23:12:47,43,0.19,43.7,46,19.1,29.5,436.6,16.0,93.7,Heavy Rain,18.8,False,None,
URB-14441,LOC-01,Patia Main Road,20.3533,85.8197,2026-08-09 23:32:47,54,0.23,32.4,80,39.4,75.2,442.0,17.3,93.9,Fog,32.0,False,None,
URB-14442,LOC-02,Jayadev Vihar,20.301,85.8239,2026-08-09 23:42:47,75,0.33,28.2,109,53.4,104.7,464.8,18.0,92.2,Fog,43.2,False,None,
URB-14443,LOC-03,Saheed Nagar,20.2872,85.8415,2026-08-09 23:59:47,60,0.26,26.2,79,37.8,65.9,460.3,16.7,89.9,Heavy Rain,36.1,False,None,
URB-14444,LOC-04,Khandagiri,20.2588,85.7836,2026-08-10 00:20:47,53,0.19,40.3,53,19.9,35.1,426.1,19.2,65.7,Clear,21.7,False,None,
URB-14445,LOC-05,Vani Vihar,20.2974,85.8364,2026-08-10 00:34:47,50,0.17,39.7,48,22.6,45.3,431.4,15.6,71.3,Partly Cloudy,18.3,True,Traffic Bottleneck,Sudden vehicular surge of 50 vehicles/min exceeding corridor capacity.
URB-14446,LOC-06,Bhubaneswar Railway Station,20.2657,85.8436,2026-08-10 00:42:47,76,0.27,50.0,76,38.4,73.0,476.7,17.7,65.1,Clear,26.6,False,None,
URB-14447,LOC-07,Nandankanan Road,20.37,85.825,2026-08-10 00:57:47,49,0.21,36.4,59,28.9,60.0,450.6,17.5,65.4,Clear,25.5,False,None,
URB-14448,LOC-08,Kalarahanga Road,20.38,85.83,2026-08-10 01:21:47,39,0.16,53.6,58,25.3,41.7,421.6,16.9,71.8,Partly Cloudy,19.0,False,None,
URB-14449,LOC-01,Patia Main Road,20.3533,85.8197,2026-08-10 01:31:47,65,0.29,25.2,57,25.6,46.0,461.0,16.4,93.7,Heavy Rain,34.0,False,None,
URB-14450,LOC-02,Jayadev Vihar,20.301,85.8239,2026-08-10 01:46:47,85,0.38,24.4,79,32.7,56.6,475.1,15.2,91.8,Heavy Rain,41.8,False,None,
URB-14451,LOC-03,Saheed Nagar,20.2872,85.8415,2026-08-10 01:57:47,59,0.22,32.5,97,44.4,84.4,433.4,17.4,87.4,Fog,34.5,False,None,
URB-14452,LOC-04,Khandagiri,20.2588,85.7836,2026-08-10 02:18:47,52,0.19,32.5,81,40.9,81.7,449.1,16.4,89.3,Fog,30.5,False,None,
URB-14453,LOC-05,Vani Vihar,20.2974,85.8364,2026-08-10 02:34:47,32,0.13,29.5,40,23.1,41.0,429.2,17.0,88.3,Heavy Rain,22.4,False,None,
URB-14454,LOC-06,Bhubaneswar Railway Station,20.2657,85.8436,2026-08-10 02:48:47,76,0.3,38.2,69,29.2,57.5,456.2,18.0,87.6,Rain,30.0,False,None,
URB-14455,LOC-07,Nandankanan Road,20.37,85.825,2026-08-10 03:05:47,48,0.19,35.4,64,32.6,57.2,450.8,16.3,67.5,Clear,26.1,False,None,
URB-14456,LOC-08,Kalarahanga Road,20.38,85.83,2026-08-10 03:21:47,36,0.16,59.9,53,23.9,43.1,444.5,17.3,68.4,Partly Cloudy,18.2,False,None,
URB-14457,LOC-01,Patia Main Road,20.3533,85.8197,2026-08-10 03:30:47,71,0.32,28.9,90,37.3,69.0,472.5,13.7,76.9,Haze,39.1,False,None,
URB-14458,LOC-02,Jayadev Vihar,20.301,85.8239,2026-08-10 03:45:47,64,0.23,38.8,164,69.9,62.8,453.2,15.9,71.8,Partly Cloudy,26.9,True,Air Quality Hazard,"Hazardous particulate spike (AQI 164, PM2.5 69.9 µg/m³) detected near Jayadev Vihar."
URB-14459,LOC-03,Saheed Nagar,20.2872,85.8415,2026-08-10 04:07:47,55,0.24,36.2,90,37.1,69.6,454.6,18.4,66.4,Partly Cloudy,32.2,False,None,
URB-14460,LOC-04,Khandagiri,20.2588,85.7836,2026-08-10 04:22:47,45,0.19,40.8,51,20.2,41.6,448.8,17.7,71.3,Clear,21.1,False,None,
URB-14461,LOC-05,Vani Vihar,20.2974,85.8364,2026-08-10 04:32:47,28,0.12,33.6,61,23.5,45.5,403.3,18.4,65.5,Haze,23.7,False,None,
URB-14462,LOC-06,Bhubaneswar Railway Station,20.2657,85.8436,2026-08-10 04:50:47,65,0.23,48.2,104,51.1,92.6,463.7,15.1,73.4,Haze,29.9,False,None,
URB-14463,LOC-07,Nandankanan Road,20.37,85.825,2026-08-10 05:03:47,63,0.29,27.7,51,25.9,52.0,470.5,16.5,89.4,Rain,31.7,False,None,
URB-14464,LOC-08,Kalarahanga Road,20.38,85.83,2026-08-10 05:19:47,36,0.14,57.2,54,21.7,35.6,429.8,17.7,64.3,Partly Cloudy,17.6,False,None,
URB-14465,LOC-01,Patia Main Road,20.3533,85.8197,2026-08-10 05:33:47,63,0.22,29.4,52,27.3,54.9,434.8,17.6,88.2,Heavy Rain,28.2,False,None,
URB-14466,LOC-02,Jayadev Vihar,20.301,85.8239,2026-08-10 05:51:47,80,0.28,38.4,85,34.5,59.7,483.4,19.6,66.1,Partly Cloudy,31.9,False,None,
URB-14467,LOC-03,Saheed Nagar,20.2872,85.8415,2026-08-10 06:05:47,137,0.47,23.3,146,66.4,119.0,535.1,18.4,91.1,Fog,57.7,False,None,
URB-14468,LOC-04,Khandagiri,20.2588,85.7836,2026-08-10 06:19:47,103,0.36,28.1,104,44.6,79.0,505.5,18.3,65.8,Haze,43.5,False,None,
URB-14469,LOC-05,Vani Vihar,20.2974,85.8364,2026-08-10 06:32:47,76,0.3,28.1,51,20.9,43.0,455.5,19.6,84.1,Rain,31.9,False,None,
URB-14470,LOC-06,Bhubaneswar Railway Station,20.2657,85.8436,2026-08-10 06:45:47,160,0.6,31.4,130,56.3,108.4,519.8,18.7,84.9,Fog,56.0,False,None,
URB-14471,LOC-07,Nandankanan Road,20.37,85.825,2026-08-10 06:57:47,162,0.57,26.3,103,48.5,95.0,536.7,18.8,69.9,Clear,52.7,False,None,
URB-14472,LOC-08,Kalarahanga Road,20.38,85.83,2026-08-10 07:22:47,185,0.77,23.0,80,41.5,73.8,549.8,18.3,90.5,Heavy Rain,58.3,False,None,
URB-14473,LOC-01,Patia Main Road,20.3533,85.8197,2026-08-10 07:31:47,259,0.98,11.3,162,72.4,136.7,644.8,20.8,85.5,Fog,86.9,False,None,
URB-14474,LOC-02,Jayadev Vihar,20.301,85.8239,2026-08-10 07:46:47,409,0.98,13.3,189,82.0,156.2,749.2,21.5,64.1,Clear,90.6,False,None,
URB-14475,LOC-03,Saheed Nagar,20.2872,85.8415,2026-08-10 08:04:47,214,0.8,20.4,155,73.5,142.0,571.7,20.4,67.1,Clear,73.9,False,None,
URB-14476,LOC-04,Khandagiri,20.2588,85.7836,2026-08-10 08:20:47,239,0.98,10.6,93,38.3,73.0,612.5,22.4,78.0,Rain,75.2,False,None,
URB-14477,LOC-05,Vani Vihar,20.2974,85.8364,2026-08-10 08:30:47,147,0.63,23.4,82,42.9,74.2,517.1,24.3,57.5,Partly Cloudy,52.8,False,None,
URB-14478,LOC-06,Bhubaneswar Railway Station,20.2657,85.8436,2026-08-10 08:47:47,348,0.98,16.1,169,79.5,140.2,722.7,22.5,83.3,Heavy Rain,85.7,False,None,
URB-14479,LOC-07,Nandankanan Road,20.37,85.825,2026-08-10 09:00:47,306,0.98,15.2,165,76.8,135.8,680.7,21.6,59.7,Clear,85.5,False,None,
URB-14480,LOC-08,Kalarahanga Road,20.38,85.83,2026-08-10 09:18:47,190,0.76,21.5,92,38.3,71.0,573.3,23.9,74.2,Heavy Rain,60.8,False,None,
URB-14481,LOC-01,Patia Main Road,20.3533,85.8197,2026-08-10 09:29:47,276,0.98,13.6,129,57.8,104.3,628.3,24.7,56.6,Partly Cloudy,80.0,False,None,
URB-14482,LOC-02,Jayadev Vihar,20.301,85.8239,2026-08-10 09:50:47,381,0.98,11.2,166,80.7,150.6,745.8,24.2,81.4,Heavy Rain,87.7,False,None,
URB-14483,LOC-03,Saheed Nagar,20.2872,85.8415,2026-08-10 09:58:47,279,0.98,9.3,141,61.2,113.2,659.4,23.8,79.6,Rain,84.2,False,None,
URB-14484,LOC-04,Khandagiri,20.2588,85.7836,2026-08-10 10:16:47,148,0.65,16.2,72,32.7,63.5,516.0,23.2,80.1,Heavy Rain,55.5,False,None,
URB-14485,LOC-05,Vani Vihar,20.2974,85.8364,2026-08-10 10:37:47,100,0.45,24.3,81,34.0,62.7,493.7,23.6,56.0,Haze,45.0,False,None,
URB-14486,LOC-06,Bhubaneswar Railway Station,20.2657,85.8436,2026-08-10 10:50:47,193,0.77,23.3,141,64.7,118.7,562.3,23.0,58.9,Haze,68.8,False,None,
URB-14487,LOC-07,Nandankanan Road,20.37,85.825,2026-08-10 11:01:47,170,0.58,18.3,80,34.7,57.5,539.3,24.2,77.9,Heavy Rain,53.1,False,None,
URB-14488,LOC-08,Kalarahanga Road,20.38,85.83,2026-08-10 11:16:47,133,0.51,34.3,111,48.6,95.0,524.9,24.8,58.6,Haze,47.7,False,None,
URB-14489,LOC-01,Patia Main Road,20.3533,85.8197,2026-08-10 11:30:47,218,0.77,16.3,109,51.1,94.2,586.0,28.3,75.1,Rain,66.7,False,None,
URB-14490,LOC-02,Jayadev Vihar,20.301,85.8239,2026-08-10 11:46:47,207,0.84,12.3,104,46.3,89.0,574.2,26.0,80.1,Heavy Rain,70.7,False,None,
URB-14491,LOC-03,Saheed Nagar,20.2872,85.8415,2026-08-10 12:03:47,151,0.57,27.9,128,59.1,108.5,528.8,29.6,48.2,Partly Cloudy,56.2,False,None,
URB-14492,LOC-04,Khandagiri,20.2588,85.7836,2026-08-10 12:16:47,169,0.66,20.0,131,55.0,105.3,564.1,29.1,73.2,Fog,64.3,False,None,
URB-14493,LOC-05,Vani Vihar,20.2974,85.8364,2026-08-10 12:27:47,107,0.43,24.2,203,96.4,80.2,490.3,27.2,69.2,Fog,46.0,True,Air Quality Hazard,"Hazardous particulate spike (AQI 203, PM2.5 96.4 µg/m³) detected near Vani Vihar."
URB-14494,LOC-06,Bhubaneswar Railway Station,20.2657,85.8436,2026-08-10 12:47:47,223,0.76,31.7,129,56.6,105.4,599.4,28.5,49.2,Partly Cloudy,62.1,False,None,
URB-14495,LOC-07,Nandankanan Road,20.37,85.825,2026-08-10 12:59:47,202,0.83,13.8,86,42.7,85.6,595.2,24.8,76.0,Heavy Rain,66.3,False,None,
URB-14496,LOC-08,Kalarahanga Road,20.38,85.83,2026-08-10 13:21:47,142,0.51,34.5,111,51.2,92.2,521.3,30.2,70.4,Fog,47.6,False,None,
URB-14497,LOC-01,Patia Main Road,20.3533,85.8197,2026-08-10 13:37:47,232,0.84,14.1,111,54.5,100.1,593.1,29.5,68.7,Rain,71.0,False,None,
URB-14498,LOC-02,Jayadev Vihar,20.301,85.8239,2026-08-10 13:42:47,235,0.95,15.0,129,57.0,97.8,618.0,25.5,55.5,Partly Cloudy,78.1,False,None,
URB-14499,LOC-03,Saheed Nagar,20.2872,85.8415,2026-08-10 14:05:47,161,0.66,22.5,135,58.6,110.2,521.9,27.1,78.8,Fog,63.8,False,None,
URB-14500,LOC-04,Khandagiri,20.2588,85.7836,2026-08-10 14:18:47,122,0.5,30.0,92,38.4,70.8,503.1,28.9,52.4,Clear,46.1,False,None,
URB-14501,LOC-05,Vani Vihar,20.2974,85.8364,2026-08-10 14:36:47,152,0.48,37.5,64,31.5,61.6,482.1,26.7,51.2,Clear,30.7,True,Traffic Bottleneck,Sudden vehicular surge of 152 vehicles/min exceeding corridor capacity.
URB-14502,LOC-06,Bhubaneswar Railway Station,20.2657,85.8436,2026-08-10 14:44:47,221,0.86,17.8,104,48.4,92.4,601.5,26.8,72.1,Rain,68.7,False,None,
URB-14503,LOC-07,Nandankanan Road,20.37,85.825,2026-08-10 15:07:47,188,0.66,16.8,100,49.2,93.9,581.8,28.6,68.9,Heavy Rain,60.5,False,None,
URB-14504,LOC-08,Kalarahanga Road,20.38,85.83,2026-08-10 15:22:47,141,0.58,35.4,109,53.7,99.1,534.0,25.7,77.3,Fog,49.6,False,None,
URB-14505,LOC-01,Patia Main Road,20.3533,85.8197,2026-08-10 15:28:47,224,0.96,13.1,156,68.4,123.4,613.4,26.5,72.1,Fog,84.2,False,None,
URB-14506,LOC-02,Jayadev Vihar,20.301,85.8239,2026-08-10 15:52:47,210,0.78,16.1,119,58.9,110.7,594.1,25.7,74.7,Heavy Rain,69.0,False,None,
URB-14507,LOC-03,Saheed Nagar,20.2872,85.8415,2026-08-10 16:00:47,295,0.98,14.6,161,69.9,134.3,662.2,25.0,53.6,Clear,85.1,False,None,
URB-14508,LOC-04,Khandagiri,20.2588,85.7836,2026-08-10 16:20:47,228,0.87,14.2,158,70.4,130.4,608.6,25.3,73.5,Fog,80.3,False,None,
URB-14509,LOC-05,Vani Vihar,20.2974,85.8364,2026-08-10 16:30:47,138,0.53,27.2,82,35.5,73.8,504.0,25.8,53.5,Partly Cloudy,47.0,False,None,
URB-14510,LOC-06,Bhubaneswar Railway Station,20.2657,85.8436,2026-08-10 16:43:47,326,0.98,18.5,195,92.1,164.3,668.6,26.7,75.5,Fog,89.1,False,None,
URB-14511,LOC-07,Nandankanan Road,20.37,85.825,2026-08-10 17:01:47,300,0.98,12.4,187,85.2,158.3,669.3,27.0,70.7,Fog,90.7,False,None,
URB-14512,LOC-08,Kalarahanga Road,20.38,85.83,2026-08-10 17:13:47,192,0.73,24.6,98,49.1,87.4,563.8,26.5,78.2,Heavy Rain,59.0,False,None,
URB-14513,LOC-01,Patia Main Road,20.3533,85.8197,2026-08-10 17:31:47,351,0.98,13.2,218,94.8,180.0,702.2,25.1,77.6,Fog,92.6,False,None,
URB-14514,LOC-02,Jayadev Vihar,20.301,85.8239,2026-08-10 17:47:47,368,0.98,10.2,141,63.4,118.0,714.8,28.4,77.3,Heavy Rain,83.8,False,None,
URB-14515,LOC-03,Saheed Nagar,20.2872,85.8415,2026-08-10 18:03:47,235,0.98,10.9,119,57.7,107.4,596.0,22.7,79.4,Heavy Rain,79.6,False,None,
URB-14516,LOC-04,Khandagiri,20.2588,85.7836,2026-08-10 18:18:47,183,0.65,17.2,85,35.2,70.4,544.1,25.4,76.3,Rain,57.3,False,None,
URB-14517,LOC-05,Vani Vihar,20.2974,85.8364,2026-08-10 18:36:47,159,0.55,27.0,87,38.7,72.7,526.7,25.0,58.3,Partly Cloudy,48.7,False,None,
URB-14518,LOC-06,Bhubaneswar Railway Station,20.2657,85.8436,2026-08-10 18:43:47,306,0.98,17.1,227,100.7,183.2,679.7,24.2,82.5,Fog,90.7,False,None,
URB-14519,LOC-07,Nandankanan Road,20.37,85.825,2026-08-10 18:59:47,272,0.98,9.4,118,52.9,105.2,638.6,27.1,75.7,Heavy Rain,80.2,False,None,
URB-14520,LOC-08,Kalarahanga Road,20.38,85.83,2026-08-10 19:15:47,158,0.65,32.2,95,43.4,79.5,549.8,21.2,64.5,Partly Cloudy,51.5,False,None,
URB-14521,LOC-01,Patia Main Road,20.3533,85.8197,2026-08-10 19:29:47,287,0.98,9.4,115,55.1,101.1,659.2,24.6,79.3,Rain,79.6,False,None,
URB-14522,LOC-02,Jayadev Vihar,20.301,85.8239,2026-08-10 19:47:47,360,0.98,14.1,174,81.3,155.9,709.6,21.7,61.3,Clear,87.6,False,None,
URB-14523,LOC-03,Saheed Nagar,20.2872,85.8415,2026-08-10 20:07:47,144,0.55,27.4,108,53.3,99.1,521.1,22.0,58.8,Partly Cloudy,52.2,False,None,
URB-14524,LOC-04,Khandagiri,20.2588,85.7836,2026-08-10 20:19:47,119,0.52,22.3,106,53.4,92.1,497.7,20.8,87.3,Fog,53.2,False,None,
URB-14525,LOC-05,Vani Vihar,20.2974,85.8364,2026-08-10 20:31:47,78,0.32,31.6,64,26.5,53.9,457.3,22.7,59.1,Clear,33.2,False,None,
URB-14526,LOC-06,Bhubaneswar Railway Station,20.2657,85.8436,2026-08-10 20:43:47,157,0.64,27.5,88,41.4,82.8,534.6,23.4,83.0,Heavy Rain,52.2,False,None,
URB-14527,LOC-07,Nandankanan Road,20.37,85.825,2026-08-10 20:57:47,158,0.61,18.2,79,31.7,64.7,531.5,20.3,82.1,Heavy Rain,54.1,False,None,
URB-14528,LOC-08,Kalarahanga Road,20.38,85.83,2026-08-10 21:17:47,98,0.39,33.4,70,30.3,60.9,499.3,21.9,77.8,Heavy Rain,36.2,False,None,
URB-14529,LOC-01,Patia Main Road,20.3533,85.8197,2026-08-10 21:34:47,142,0.52,22.1,135,62.4,122.2,534.7,20.1,85.0,Fog,58.4,False,None,
URB-14530,LOC-02,Jayadev Vihar,20.301,85.8239,2026-08-10 21:48:47,162,0.72,16.4,83,43.3,87.3,530.0,18.8,86.0,Heavy Rain,60.1,False,None,
URB-14531,LOC-03,Saheed Nagar,20.2872,85.8415,2026-08-10 22:03:47,50,0.17,30.8,67,34.1,70.4,425.1,21.3,79.0,Rain,28.1,False,None,
URB-14532,LOC-04,Khandagiri,20.2588,85.7836,2026-08-10 22:12:47,49,0.22,40.7,52,25.7,42.1,424.2,17.5,71.5,Clear,22.5,False,None,
URB-14533,LOC-05,Vani Vihar,20.2974,85.8364,2026-08-10 22:37:47,25,0.11,44.6,44,21.2,44.7,413.5,20.2,59.9,Partly Cloudy,14.8,False,None,
URB-14534,LOC-06,Bhubaneswar Railway Station,20.2657,85.8436,2026-08-10 22:47:47,61,0.26,51.5,76,39.7,80.5,441.7,19.0,64.7,Partly Cloudy,26.2,False,None,
URB-14535,LOC-07,Nandankanan Road,20.37,85.825,2026-08-10 23:04:47,51,0.18,28.4,50,24.1,40.0,442.6,19.9,82.5,Rain,26.8,False,None,
URB-14536,LOC-08,Kalarahanga Road,20.38,85.83,2026-08-10 23:21:47,36,0.16,41.3,40,14.5,36.0,409.9,17.2,90.7,Heavy Rain,17.8,False,None,
URB-14537,LOC-01,Patia Main Road,20.3533,85.8197,2026-08-10 23:33:47,69,0.28,30.5,98,48.3,95.1,440.9,16.0,95.9,Fog,38.1,False,None,
URB-14538,LOC-02,Jayadev Vihar,20.301,85.8239,2026-08-10 23:49:47,87,0.38,21.8,65,30.7,53.1,458.7,19.3,84.7,Rain,40.7,False,None,
URB-14539,LOC-03,Saheed Nagar,20.2872,85.8415,2026-08-11 00:00:47,44,0.18,28.1,77,37.7,72.3,443.1,17.3,87.1,Rain,31.6,False,None,
URB-14540,LOC-04,Khandagiri,20.2588,85.7836,2026-08-11 00:18:47,44,0.18,34.8,63,29.2,58.8,420.6,15.3,71.6,Haze,25.8,False,None,
URB-14541,LOC-05,Vani Vihar,20.2974,85.8364,2026-08-11 00:31:47,32,0.13,28.1,39,22.2,44.2,429.1,19.1,84.8,Rain,23.0,False,None,
URB-14542,LOC-06,Bhubaneswar Railway Station,20.2657,85.8436,2026-08-11 00:45:47,57,0.2,53.6,69,37.0,66.3,433.4,15.5,76.3,Clear,22.6,False,None,
URB-14543,LOC-07,Nandankanan Road,20.37,85.825,2026-08-11 01:07:47,51,0.22,35.3,78,37.4,64.7,435.1,14.1,74.8,Haze,29.8,False,None,
URB-14544,LOC-08,Kalarahanga Road,20.38,85.83,2026-08-11 01:13:47,34,0.16,38.7,45,23.1,39.8,435.7,13.7,97.4,Rain,19.9,False,None,
URB-14545,LOC-01,Patia Main Road,20.3533,85.8197,2026-08-11 01:34:47,67,0.24,27.7,56,30.4,62.2,463.9,17.6,90.9,Heavy Rain,30.5,False,None,
URB-14546,LOC-02,Jayadev Vihar,20.301,85.8239,2026-08-11 01:45:47,63,0.22,40.9,66,33.9,58.8,432.9,17.1,67.0,Clear,24.9,False,None,
URB-14547,LOC-03,Saheed Nagar,20.2872,85.8415,2026-08-11 02:01:47,50,0.19,32.6,97,48.1,87.0,452.4,17.1,85.2,Fog,33.3,False,None,
URB-14548,LOC-04,Khandagiri,20.2588,85.7836,2026-08-11 02:22:47,40,0.17,41.9,56,22.9,48.1,420.2,16.4,67.2,Partly Cloudy,20.7,False,None,
URB-14549,LOC-05,Vani Vihar,20.2974,85.8364,2026-08-11 02:31:47,30,0.13,31.4,62,27.5,51.6,432.9,15.5,94.9,Fog,25.4,False,None,
URB-14550,LOC-06,Bhubaneswar Railway Station,20.2657,85.8436,2026-08-11 02:46:47,69,0.31,55.5,86,36.4,70.4,459.3,14.0,73.2,Partly Cloudy,29.9,False,None,
URB-14551,LOC-07,Nandankanan Road,20.37,85.825,2026-08-11 03:07:47,52,0.19,40.6,61,30.7,54.2,460.6,18.0,72.5,Partly Cloudy,23.0,False,None,
URB-14552,LOC-08,Kalarahanga Road,20.38,85.83,2026-08-11 03:20:47,45,0.18,44.9,70,35.5,63.1,424.0,17.3,70.8,Haze,22.0,False,None,
URB-14553,LOC-01,Patia Main Road,20.3533,85.8197,2026-08-11 03:37:47,65,0.26,28.0,58,31.8,53.4,449.3,16.8,93.5,Rain,31.5,False,None,
URB-14554,LOC-02,Jayadev Vihar,20.301,85.8239,2026-08-11 03:43:47,71,0.25,33.1,96,41.4,81.4,442.6,14.4,75.6,Haze,35.2,False,None,
URB-14555,LOC-03,Saheed Nagar,20.2872,85.8415,2026-08-11 04:00:47,47,0.18,32.0,107,47.7,84.8,433.2,19.0,82.8,Fog,34.9,False,None,
URB-14556,LOC-04,Khandagiri,20.2588,85.7836,2026-08-11 04:22:47,52,0.22,40.2,53,24.0,45.2,455.2,16.5,73.6,Partly Cloudy,23.0,False,None,
URB-14557,LOC-05,Vani Vihar,20.2974,85.8364,2026-08-11 04:37:47,25,0.1,43.3,47,19.7,38.8,420.0,15.5,72.9,Partly Cloudy,15.6,False,None,
URB-14558,LOC-06,Bhubaneswar Railway Station,20.2657,85.8436,2026-08-11 04:49:47,79,0.36,35.4,75,39.3,74.0,478.8,14.7,94.5,Rain,34.8,False,None,
URB-14559,LOC-07,Nandankanan Road,20.37,85.825,2026-08-11 05:07:47,63,0.25,33.0,77,35.7,67.2,467.0,18.9,81.8,Fog,32.0,False,None,
URB-14560,LOC-08,Kalarahanga Road,20.38,85.83,2026-08-11 05:17:47,37,0.14,54.2,51,24.0,44.1,412.1,15.7,70.6,Clear,17.0,False,None,
URB-14561,LOC-01,Patia Main Road,20.3533,85.8197,2026-08-11 05:33:47,55,0.25,38.7,72,31.5,64.0,440.2,16.1,70.5,Partly Cloudy,28.2,False,None,
URB-14562,LOC-02,Jayadev Vihar,20.301,85.8239,2026-08-11 05:46:47,84,0.43,9.3,71,32.5,56.6,464.6,18.8,90.4,Rain,37.4,True,Severe Gridlock,Critical speed drop to 9.3 km/h indicating major arterial blockade.
URB-14563,LOC-03,Saheed Nagar,20.2872,85.8415,2026-08-11 06:01:47,141,0.52,19.6,88,37.0,62.7,514.9,18.2,82.7,Heavy Rain,51.4,False,None,
URB-14564,LOC-04,Khandagiri,20.2588,85.7836,2026-08-11 06:22:47,118,0.47,26.0,98,46.2,79.0,489.4,17.1,84.9,Fog,47.9,False,None,
URB-14565,LOC-05,Vani Vihar,20.2974,85.8364,2026-08-11 06:36:47,67,0.31,31.2,68,36.1,64.6,461.4,17.4,71.0,Haze,33.7,False,None,
URB-14566,LOC-06,Bhubaneswar Railway Station,20.2657,85.8436,2026-08-11 06:49:47,160,0.69,23.9,105,45.3,84.8,551.8,21.1,85.1,Heavy Rain,59.0,False,None,
URB-14567,LOC-07,Nandankanan Road,20.37,85.825,2026-08-11 07:03:47,262,0.98,12.5,172,78.3,140.9,611.5,18.0,72.5,Haze,88.0,False,None,
URB-14568,LOC-08,Kalarahanga Road,20.38,85.83,2026-08-11 07:21:47,180,0.69,30.4,114,50.9,100.4,551.0,18.0,64.2,Haze,57.3,False,None,
URB-14569,LOC-01,Patia Main Road,20.3533,85.8197,2026-08-11 07:29:47,275,0.98,9.6,122,55.2,103.9,651.7,19.9,86.0,Rain,80.8,False,None,
URB-14570,LOC-02,Jayadev Vihar,20.301,85.8239,2026-08-11 07:46:47,297,0.98,9.7,124,59.8,116.9,649.3,18.5,88.4,Rain,81.1,False,None,
URB-14571,LOC-03,Saheed Nagar,20.2872,85.8415,2026-08-11 08:04:47,212,0.94,15.0,155,73.1,136.3,605.0,20.3,63.5,Partly Cloudy,82.2,False,None,
URB-14572,LOC-04,Khandagiri,20.2588,85.7836,2026-08-11 08:20:47,248,0.95,9.8,104,46.3,86.2,613.7,24.1,76.7,Rain,76.3,False,None,
URB-14573,LOC-05,Vani Vihar,20.2974,85.8364,2026-08-11 08:33:47,141,0.5,29.6,93,39.3,76.7,513.2,22.4,58.4,Clear,46.5,False,None,
URB-14574,LOC-06,Bhubaneswar Railway Station,20.2657,85.8436,2026-08-11 08:50:47,344,0.98,17.0,227,101.6,189.4,707.7,19.6,60.9,Haze,90.7,False,None,
URB-14575,LOC-07,Nandankanan Road,20.37,85.825,2026-08-11 08:59:47,256,0.98,12.6,183,79.4,141.7,606.7,20.4,81.5,Fog,89.9,False,None,
URB-14576,LOC-08,Kalarahanga Road,20.38,85.83,2026-08-11 09:13:47,206,0.93,15.5,103,49.4,97.4,578.2,23.4,76.5,Heavy Rain,72.5,False,None,
URB-14577,LOC-01,Patia Main Road,20.3533,85.8197,2026-08-11 09:37:47,341,0.98,12.4,205,94.4,168.3,693.7,25.0,61.4,Haze,93.0,False,None,
URB-14578,LOC-02,Jayadev Vihar,20.301,85.8239,2026-08-11 09:49:47,362,0.98,10.9,214,98.3,183.1,711.3,22.9,56.7,Haze,93.8,False,None,
URB-14579,LOC-03,Saheed Nagar,20.2872,85.8415,2026-08-11 09:59:47,258,0.98,9.7,145,63.9,120.2,609.0,21.6,80.7,Rain,84.7,False,None,
URB-14580,LOC-04,Khandagiri,20.2588,85.7836,2026-08-11 10:20:47,145,0.59,18.4,80,40.3,69.5,536.9,24.1,83.3,Heavy Rain,53.4,False,None,
URB-14581,LOC-05,Vani Vihar,20.2974,85.8364,2026-08-11 10:37:47,94,0.41,29.1,60,30.0,61.7,462.1,25.3,54.9,Partly Cloudy,37.3,False,None,
URB-14582,LOC-06,Bhubaneswar Railway Station,20.2657,85.8436,2026-08-11 10:45:47,234,0.98,22.2,131,64.0,120.0,598.0,26.4,56.4,Clear,76.0,False,None,
URB-14583,LOC-07,Nandankanan Road,20.37,85.825,2026-08-11 10:59:47,168,0.67,22.1,114,50.7,97.9,541.4,26.6,74.7,Fog,60.7,False,None,
URB-14584,LOC-08,Kalarahanga Road,20.38,85.83,2026-08-11 11:18:47,118,0.54,34.7,98,42.5,72.5,514.3,24.8,57.2,Haze,46.4,False,None,
URB-14585,LOC-01,Patia Main Road,20.3533,85.8197,2026-08-11 11:28:47,234,0.98,13.8,117,53.6,97.9,618.0,28.7,48.3,Clear,77.8,False,None,
URB-14586,LOC-02,Jayadev Vihar,20.301,85.8239,2026-08-11 11:49:47,209,0.81,15.7,139,67.1,116.2,592.4,24.8,76.0,Fog,73.9,False,None,
URB-14587,LOC-03,Saheed Nagar,20.2872,85.8415,2026-08-11 12:05:47,151,0.53,22.9,133,63.3,109.6,537.6,25.0,73.3,Fog,58.0,False,None,
URB-14588,LOC-04,Khandagiri,20.2588,85.7836,2026-08-11 12:19:47,144,0.61,17.1,86,43.4,77.2,517.1,27.1,73.7,Rain,55.9,False,None,
URB-14589,LOC-05,Vani Vihar,20.2974,85.8364,2026-08-11 12:35:47,85,0.3,33.8,70,35.0,65.6,483.6,27.4,51.5,Clear,67.4,True,Multi-Vector Urban Risk,Combined extreme congestion (30%) and high particulate pollution.
URB-14590,LOC-06,Bhubaneswar Railway Station,20.2657,85.8436,2026-08-11 12:42:47,190,0.76,27.3,146,65.0,114.7,563.9,28.4,71.5,Fog,67.3,False,None,
URB-14591,LOC-07,Nandankanan Road,20.37,85.825,2026-08-11 13:04:47,207,0.8,21.3,112,50.8,95.8,586.5,29.4,52.5,Clear,66.0,False,None,
URB-14592,LOC-08,Kalarahanga Road,20.38,85.83,2026-08-11 13:12:47,135,0.49,30.5,66,35.0,67.7,501.8,29.1,68.7,Heavy Rain,40.9,False,None,
URB-14593,LOC-01,Patia Main Road,20.3533,85.8197,2026-08-11 13:35:47,233,0.86,13.7,112,55.9,108.7,596.8,29.0,70.0,Heavy Rain,72.2,False,None,
URB-14594,LOC-02,Jayadev Vihar,20.301,85.8239,2026-08-11 13:44:47,268,0.92,12.8,198,90.1,171.5,636.7,30.3,68.4,Fog,90.1,False,None,
URB-14595,LOC-03,Saheed Nagar,20.2872,85.8415,2026-08-11 14:01:47,194,0.7,23.0,147,69.3,123.9,566.4,26.2,54.5,Clear,67.2,False,None,
URB-14596,LOC-04,Khandagiri,20.2588,85.7836,2026-08-11 14:13:47,165,0.74,19.6,118,52.6,103.1,541.8,25.8,54.2,Haze,65.5,False,None,
URB-14597,LOC-05,Vani Vihar,20.2974,85.8364,2026-08-11 14:29:47,108,0.37,25.3,56,28.0,47.6,473.0,28.2,75.7,Heavy Rain,37.0,False,None,
URB-14598,LOC-06,Bhubaneswar Railway Station,20.2657,85.8436,2026-08-11 14:42:47,227,0.82,27.5,136,63.5,115.6,579.6,28.7,54.3,Clear,67.8,False,None,
URB-14599,LOC-07,Nandankanan Road,20.37,85.825,2026-08-11 15:00:47,187,0.67,26.1,110,47.5,94.8,548.1,27.9,49.2,Clear,58.0,False,None,
URB-14600,LOC-08,Kalarahanga Road,20.38,85.83,2026-08-11 15:15:47,133,0.48,40.3,76,37.9,69.1,500.4,26.8,51.2,Partly Cloudy,37.4,False,None,
URB-14601,LOC-01,Patia Main Road,20.3533,85.8197,2026-08-11 15:30:47,204,0.85,14.2,152,71.1,137.8,588.9,28.2,73.6,Fog,78.5,False,None,
URB-14602,LOC-02,Jayadev Vihar,20.301,85.8239,2026-08-11 15:52:47,206,0.82,20.0,127,58.8,102.1,577.4,29.6,49.6,Partly Cloudy,70.0,False,None,
URB-14603,LOC-03,Saheed Nagar,20.2872,85.8415,2026-08-11 15:58:47,163,0.58,24.6,160,71.2,137.3,526.1,28.5,71.7,Fog,63.9,False,None,
URB-14604,LOC-04,Khandagiri,20.2588,85.7836,2026-08-11 16:13:47,208,0.8,13.7,86,37.3,69.9,580.1,25.5,72.0,Rain,65.2,False,None,
URB-14605,LOC-05,Vani Vihar,20.2974,85.8364,2026-08-11 16:37:47,149,0.59,21.4,112,55.0,97.0,519.3,29.2,52.8,Haze,57.5,False,None,
URB-14606,LOC-06,Bhubaneswar Railway Station,20.2657,85.8436,2026-08-11 16:46:47,360,0.98,15.8,245,107.7,189.6,707.5,29.6,74.0,Fog,91.3,False,None,
URB-14607,LOC-07,Nandankanan Road,20.37,85.825,2026-08-11 16:57:47,285,0.98,10.7,112,50.7,96.2,641.4,27.9,72.7,Heavy Rain,78.5,False,None,
URB-14608,LOC-08,Kalarahanga Road,20.38,85.83,2026-08-11 17:17:47,176,0.71,30.0,121,58.9,104.4,571.6,27.4,78.0,Fog,59.6,False,None,
URB-14609,LOC-01,Patia Main Road,20.3533,85.8197,2026-08-11 17:30:47,274,0.98,12.2,200,91.9,174.8,623.1,25.0,79.7,Fog,93.1,False,None,
URB-14610,LOC-02,Jayadev Vihar,20.301,85.8239,2026-08-11 17:42:47,347,0.98,10.5,135,66.1,127.3,705.6,27.6,78.1,Rain,82.6,False,None,
URB-14611,LOC-03,Saheed Nagar,20.2872,85.8415,2026-08-11 18:07:47,250,0.98,13.2,146,63.3,118.8,621.6,26.9,57.6,Clear,83.2,False,None,
URB-14612,LOC-04,Khandagiri,20.2588,85.7836,2026-08-11 18:17:47,191,0.75,14.6,100,47.9,95.4,585.8,23.3,75.8,Heavy Rain,65.2,False,None,
URB-14613,LOC-05,Vani Vihar,20.2974,85.8364,2026-08-11 18:34:47,150,0.57,19.0,68,35.5,65.7,528.4,24.0,76.5,Rain,50.2,False,None,
URB-14614,LOC-06,Bhubaneswar Railway Station,20.2657,85.8436,2026-08-11 18:46:47,342,0.98,15.5,165,77.3,141.5,705.3,22.7,83.0,Rain,85.3,False,None,
URB-14615,LOC-07,Nandankanan Road,20.37,85.825,2026-08-11 19:05:47,246,0.98,15.5,283,134.6,125.1,635.8,23.9,55.5,Clear,80.1,True,Air Quality Hazard,"Hazardous particulate spike (AQI 283, PM2.5 134.6 µg/m³) detected near Nandankanan Road."
URB-14616,LOC-08,Kalarahanga Road,20.38,85.83,2026-08-11 19:15:47,161,0.65,27.1,83,43.3,75.9,524.7,22.7,79.1,Rain,52.0,False,None,
URB-14617,LOC-01,Patia Main Road,20.3533,85.8197,2026-08-11 19:27:47,305,0.98,12.7,171,77.4,137.6,679.6,22.4,57.5,Partly Cloudy,87.8,False,None,
URB-14618,LOC-02,Jayadev Vihar,20.301,85.8239,2026-08-11 19:51:47,391,0.98,10.7,176,80.7,151.8,748.9,23.6,83.2,Rain,89.7,False,None,
URB-14619,LOC-03,Saheed Nagar,20.2872,85.8415,2026-08-11 20:02:47,146,0.6,21.0,157,71.9,133.7,534.2,22.7,77.3,Fog,66.0,False,None,
URB-14620,LOC-04,Khandagiri,20.2588,85.7836,2026-08-11 20:20:47,128,0.54,28.4,88,39.8,67.1,511.8,20.6,64.9,Partly Cloudy,47.8,False,None,
URB-14621,LOC-05,Vani Vihar,20.2974,85.8364,2026-08-11 20:34:47,71,0.26,28.4,67,31.9,56.3,447.8,19.8,84.2,Fog,32.9,False,None,
URB-14622,LOC-06,Bhubaneswar Railway Station,20.2657,85.8436,2026-08-11 20:42:47,173,0.73,24.9,94,41.0,69.8,560.7,23.7,82.6,Heavy Rain,58.2,False,None,
URB-14623,LOC-07,Nandankanan Road,20.37,85.825,2026-08-11 20:58:47,120,0.45,28.8,84,33.9,57.6,514.1,20.4,62.7,Clear,43.3,False,None,
URB-14624,LOC-08,Kalarahanga Road,20.38,85.83,2026-08-11 21:12:47,95,0.36,39.7,96,48.5,96.2,494.7,18.0,84.6,Fog,36.3,False,None,
URB-14625,LOC-01,Patia Main Road,20.3533,85.8197,2026-08-11 21:32:47,136,0.52,31.2,105,44.7,76.5,516.9,22.7,65.7,Partly Cloudy,48.6,False,None,
URB-14626,LOC-02,Jayadev Vihar,20.301,85.8239,2026-08-11 21:46:47,169,0.72,21.8,111,49.6,93.0,561.6,20.7,63.1,Partly Cloudy,62.3,False,None,
URB-14627,LOC-03,Saheed Nagar,20.2872,85.8415,2026-08-11 22:04:47,46,0.19,29.2,65,29.2,58.5,432.7,18.3,89.6,Heavy Rain,29.4,False,None,
URB-14628,LOC-04,Khandagiri,20.2588,85.7836,2026-08-11 22:19:47,52,0.22,28.0,51,23.3,46.3,453.5,17.7,90.4,Rain,28.7,False,None,
URB-14629,LOC-05,Vani Vihar,20.2974,85.8364,2026-08-11 22:28:47,32,0.14,28.6,110,44.3,38.8,410.1,17.1,85.3,Heavy Rain,23.1,True,Air Quality Hazard,"Hazardous particulate spike (AQI 110, PM2.5 44.3 µg/m³) detected near Vani Vihar."
URB-14630,LOC-06,Bhubaneswar Railway Station,20.2657,85.8436,2026-08-11 22:51:47,77,0.35,53.1,90,41.2,72.7,447.7,16.6,65.4,Clear,32.2,False,None,
URB-14631,LOC-07,Nandankanan Road,20.37,85.825,2026-08-11 23:05:47,61,0.22,39.1,56,30.3,52.3,432.7,18.0,69.8,Partly Cloudy,24.1,False,None,
URB-14632,LOC-08,Kalarahanga Road,20.38,85.83,2026-08-11 23:20:47,41,0.15,60.2,50,22.2,44.9,418.3,20.1,62.4,Clear,17.2,False,None,
URB-14633,LOC-01,Patia Main Road,20.3533,85.8197,2026-08-11 23:31:47,73,0.33,24.6,61,31.4,63.8,477.2,18.8,90.2,Rain,36.6,False,None,
URB-14634,LOC-02,Jayadev Vihar,20.301,85.8239,2026-08-11 23:49:47,74,0.25,40.3,84,35.1,58.3,463.9,17.5,71.5,Clear,29.6,False,None,
URB-14635,LOC-03,Saheed Nagar,20.2872,85.8415,2026-08-11 23:58:47,53,0.22,38.3,84,37.0,72.4,429.3,17.5,64.6,Partly Cloudy,29.4,False,None,
URB-14636,LOC-04,Khandagiri,20.2588,85.7836,2026-08-12 00:15:47,47,0.19,41.1,64,26.6,44.1,439.8,17.3,65.8,Clear,23.2,False,None,
URB-14637,LOC-05,Vani Vihar,20.2974,85.8364,2026-08-12 00:33:47,28,0.13,42.7,41,24.1,44.2,422.4,16.1,70.6,Partly Cloudy,16.0,False,None,
URB-14638,LOC-06,Bhubaneswar Railway Station,20.2657,85.8436,2026-08-12 00:47:47,58,0.21,45.4,91,39.2,75.6,432.4,19.1,66.4,Haze,26.8,False,None,
URB-14639,LOC-07,Nandankanan Road,20.37,85.825,2026-08-12 00:59:47,52,0.22,29.8,67,28.6,47.2,428.5,18.7,83.3,Fog,30.6,False,None,
URB-14640,LOC-08,Kalarahanga Road,20.38,85.83,2026-08-12 01:20:47,39,0.16,53.7,52,27.4,51.3,429.4,16.8,71.4,Partly Cloudy,18.0,False,None,
URB-14641,LOC-01,Patia Main Road,20.3533,85.8197,2026-08-12 01:30:47,64,0.26,35.1,69,29.2,53.8,457.2,14.8,77.7,Clear,29.9,False,None,
URB-14642,LOC-02,Jayadev Vihar,20.301,85.8239,2026-08-12 01:50:47,76,0.29,26.6,70,37.5,64.0,471.9,17.4,88.8,Rain,35.5,False,None,
URB-14643,LOC-03,Saheed Nagar,20.2872,85.8415,2026-08-12 02:02:47,56,0.19,40.7,79,36.7,62.4,436.3,16.6,69.4,Clear,26.1,False,None,
URB-14644,LOC-04,Khandagiri,20.2588,85.7836,2026-08-12 02:12:47,53,0.21,29.0,47,19.7,44.5,436.6,17.5,89.6,Rain,27.1,False,None,
URB-14645,LOC-05,Vani Vihar,20.2974,85.8364,2026-08-12 02:34:47,34,0.14,30.4,45,25.1,47.3,444.6,16.6,86.7,Rain,23.3,False,None,
URB-14646,LOC-06,Bhubaneswar Railway Station,20.2657,85.8436,2026-08-12 02:47:47,59,0.21,56.7,86,36.5,67.8,463.9,17.6,70.2,Clear,25.9,False,None,
URB-14647,LOC-07,Nandankanan Road,20.37,85.825,2026-08-12 03:01:47,62,0.27,33.7,83,38.8,69.8,455.8,14.9,67.8,Haze,33.5,False,None,
URB-14648,LOC-08,Kalarahanga Road,20.38,85.83,2026-08-12 03:19:47,34,0.14,41.7,43,24.3,44.8,425.0,14.7,88.1,Heavy Rain,17.3,False,None,
URB-14649,LOC-01,Patia Main Road,20.3533,85.8197,2026-08-12 03:33:47,57,0.25,27.4,63,24.7,42.6,438.3,16.7,90.7,Heavy Rain,32.3,False,None,
URB-14650,LOC-02,Jayadev Vihar,20.301,85.8239,2026-08-12 03:44:47,87,0.31,29.3,234,109.8,93.7,474.6,14.8,88.5,Fog,41.7,True,Air Quality Hazard,"Hazardous particulate spike (AQI 234, PM2.5 109.8 µg/m³) detected near Jayadev Vihar."
URB-14651,LOC-03,Saheed Nagar,20.2872,85.8415,2026-08-12 04:06:47,61,0.25,36.3,81,35.5,73.6,430.7,18.4,69.9,Clear,31.0,False,None,
URB-14652,LOC-04,Khandagiri,20.2588,85.7836,2026-08-12 04:14:47,47,0.21,40.0,53,23.4,38.1,418.7,15.0,75.9,Partly Cloudy,22.7,False,None,
URB-14653,LOC-05,Vani Vihar,20.2974,85.8364,2026-08-12 04:31:47,31,0.11,36.2,56,30.8,57.6,439.9,18.0,86.5,Fog,21.1,False,None,
URB-14654,LOC-06,Bhubaneswar Railway Station,20.2657,85.8436,2026-08-12 04:46:47,64,0.27,52.6,88,36.3,74.9,456.8,14.7,69.6,Partly Cloudy,28.7,False,None,
URB-14655,LOC-07,Nandankanan Road,20.37,85.825,2026-08-12 05:01:47,55,0.25,24.5,52,27.1,50.1,459.9,17.5,89.7,Rain,31.9,False,None,
URB-14656,LOC-08,Kalarahanga Road,20.38,85.83,2026-08-12 05:20:47,40,0.16,53.9,68,33.3,69.9,431.2,16.9,73.5,Haze,20.8,False,None,
URB-14657,LOC-01,Patia Main Road,20.3533,85.8197,2026-08-12 05:28:47,69,0.28,23.7,69,36.0,68.1,453.3,15.6,92.3,Heavy Rain,36.4,False,None,
URB-14658,LOC-02,Jayadev Vihar,20.301,85.8239,2026-08-12 05:46:47,74,0.32,27.2,94,42.9,85.7,467.2,20.2,67.3,Haze,40.6,False,None,
URB-14659,LOC-03,Saheed Nagar,20.2872,85.8415,2026-08-12 06:04:47,126,0.51,29.7,113,50.0,96.9,502.1,18.2,69.9,Clear,50.3,False,None,
URB-14660,LOC-04,Khandagiri,20.2588,85.7836,2026-08-12 06:16:47,102,0.37,28.2,101,44.7,80.9,481.4,16.9,74.2,Haze,43.4,False,None,
URB-14661,LOC-05,Vani Vihar,20.2974,85.8364,2026-08-12 06:27:47,84,0.32,38.0,67,31.5,59.8,465.9,18.4,71.3,Clear,30.5,False,None,
URB-14662,LOC-06,Bhubaneswar Railway Station,20.2657,85.8436,2026-08-12 06:44:47,193,0.79,18.9,95,45.9,89.2,571.0,17.8,85.7,Heavy Rain,63.8,False,None,
URB-14663,LOC-07,Nandankanan Road,20.37,85.825,2026-08-12 07:03:47,261,0.98,14.5,133,59.1,113.7,632.5,19.0,63.1,Clear,80.2,False,None,
URB-14664,LOC-08,Kalarahanga Road,20.38,85.83,2026-08-12 07:20:47,200,0.73,32.8,117,53.8,105.8,565.5,19.2,62.7,Partly Cloudy,58.3,False,None,
URB-14665,LOC-01,Patia Main Road,20.3533,85.8197,2026-08-12 07:35:47,270,0.92,14.8,178,80.6,150.5,633.8,20.1,61.9,Haze,85.6,False,None,
URB-14666,LOC-02,Jayadev Vihar,20.301,85.8239,2026-08-12 07:51:47,297,0.98,15.4,164,73.8,140.6,642.3,18.0,72.0,Clear,85.2,False,None,
URB-14667,LOC-03,Saheed Nagar,20.2872,85.8415,2026-08-12 07:57:47,272,0.98,12.7,217,97.6,185.3,632.1,21.1,85.4,Fog,92.8,False,None,
URB-14668,LOC-04,Khandagiri,20.2588,85.7836,2026-08-12 08:19:47,208,0.74,16.3,86,35.6,61.1,592.7,24.2,75.3,Heavy Rain,61.5,False,None,
URB-14669,LOC-05,Vani Vihar,20.2974,85.8364,2026-08-12 08:28:47,166,0.64,17.7,80,41.6,76.8,563.9,24.4,75.0,Rain,55.8,False,None,
URB-14670,LOC-06,Bhubaneswar Railway Station,20.2657,85.8436,2026-08-12 08:48:47,307,0.98,20.8,176,75.7,142.5,682.8,20.6,59.3,Clear,84.6,False,None,
URB-14671,LOC-07,Nandankanan Road,20.37,85.825,2026-08-12 08:57:47,264,0.98,15.3,150,72.6,129.7,624.9,19.6,62.8,Clear,82.8,False,None,
URB-14672,LOC-08,Kalarahanga Road,20.38,85.83,2026-08-12 09:17:47,183,0.79,31.5,92,40.6,78.3,543.5,21.7,59.5,Clear,57.0,False,None,
URB-14673,LOC-01,Patia Main Road,20.3533,85.8197,2026-08-12 09:34:47,270,0.98,9.7,113,50.3,90.0,643.5,25.3,81.7,Heavy Rain,79.1,False,None,
URB-14674,LOC-02,Jayadev Vihar,20.301,85.8239,2026-08-12 09:50:47,383,0.98,12.1,238,107.6,201.8,742.8,22.0,66.5,Haze,93.2,False,None,
URB-14675,LOC-03,Saheed Nagar,20.2872,85.8415,2026-08-12 10:07:47,165,0.64,23.1,130,58.6,113.8,544.5,26.0,60.4,Partly Cloudy,61.8,False,None,
URB-14676,LOC-04,Khandagiri,20.2588,85.7836,2026-08-12 10:17:47,154,0.53,22.3,107,53.4,100.0,539.9,25.9,56.8,Haze,53.8,False,None,
URB-14677,LOC-05,Vani Vihar,20.2974,85.8364,2026-08-12 10:29:47,85,0.38,24.1,54,23.0,47.4,461.0,22.5,84.0,Rain,37.6,False,None,
URB-14678,LOC-06,Bhubaneswar Railway Station,20.2657,85.8436,2026-08-12 10:51:47,248,0.95,16.2,134,56.3,96.9,620.9,23.8,75.8,Rain,78.3,False,None,
URB-14679,LOC-07,Nandankanan Road,20.37,85.825,2026-08-12 11:05:47,190,0.65,20.6,147,71.6,124.9,555.9,27.5,73.0,Fog,66.4,False,None,
URB-14680,LOC-08,Kalarahanga Road,20.38,85.83,2026-08-12 11:13:47,104,0.4,46.7,67,29.0,53.7,487.5,24.5,53.7,Clear,30.2,False,None,
URB-14681,LOC-01,Patia Main Road,20.3533,85.8197,2026-08-12 11:32:47,233,0.98,13.1,167,80.7,149.9,605.4,27.8,50.1,Haze,86.9,False,None,
URB-14682,LOC-02,Jayadev Vihar,20.301,85.8239,2026-08-12 11:46:47,233,0.8,21.6,137,64.6,123.4,600.0,24.8,60.1,Clear,70.2,False,None,
URB-14683,LOC-03,Saheed Nagar,20.2872,85.8415,2026-08-12 12:06:47,167,0.57,26.4,116,55.8,109.9,552.5,27.9,49.6,Clear,54.9,False,None,
URB-14684,LOC-04,Khandagiri,20.2588,85.7836,2026-08-12 12:15:47,153,0.82,8.0,123,51.9,95.4,548.1,25.1,81.1,Fog,60.2,True,Severe Gridlock,Critical speed drop to 8.0 km/h indicating major arterial blockade.
URB-14685,LOC-05,Vani Vihar,20.2974,85.8364,2026-08-12 12:35:47,102,0.43,31.1,68,28.7,49.0,472.0,29.1,55.1,Partly Cloudy,38.5,False,None,
URB-14686,LOC-06,Bhubaneswar Railway Station,20.2657,85.8436,2026-08-12 12:46:47,218,0.78,31.4,119,58.3,103.1,601.7,25.5,53.0,Partly Cloudy,61.3,False,None,
URB-14687,LOC-07,Nandankanan Road,20.37,85.825,2026-08-12 13:04:47,205,0.86,16.6,126,56.8,103.6,597.5,29.6,46.3,Partly Cloudy,73.2,False,None,
URB-14688,LOC-08,Kalarahanga Road,20.38,85.83,2026-08-12 13:12:47,125,0.54,44.3,79,33.2,57.9,517.1,29.8,46.2,Partly Cloudy,38.3,False,None,
URB-14689,LOC-01,Patia Main Road,20.3533,85.8197,2026-08-12 13:27:47,216,0.74,22.8,126,53.2,99.5,578.1,25.5,59.4,Clear,65.2,False,None,
URB-14690,LOC-02,Jayadev Vihar,20.301,85.8239,2026-08-12 13:45:47,199,0.82,13.6,112,50.4,90.1,554.9,28.9,75.9,Rain,70.6,False,None,
URB-14691,LOC-03,Saheed Nagar,20.2872,85.8415,2026-08-12 14:02:47,170,0.64,16.7,101,44.8,86.0,535.4,27.8,72.2,Rain,59.9,False,None,
URB-14692,LOC-04,Khandagiri,20.2588,85.7836,2026-08-12 14:16:47,170,0.7,16.5,91,38.3,70.1,541.7,25.9,73.3,Rain,60.7,False,None,
URB-14693,LOC-05,Vani Vihar,20.2974,85.8364,2026-08-12 14:36:47,83,0.3,27.4,59,24.3,46.4,453.3,27.4,75.0,Rain,33.6,False,None,
URB-14694,LOC-06,Bhubaneswar Railway Station,20.2657,85.8436,2026-08-12 14:46:47,217,0.76,24.8,172,78.0,142.9,600.2,29.2,73.2,Fog,73.1,False,None,
URB-14695,LOC-07,Nandankanan Road,20.37,85.825,2026-08-12 14:58:47,165,0.62,24.2,106,53.6,105.3,538.8,30.3,48.3,Partly Cloudy,56.2,False,None,
URB-14696,LOC-08,Kalarahanga Road,20.38,85.83,2026-08-12 15:17:47,112,0.44,46.2,73,37.6,73.4,512.3,30.2,51.2,Partly Cloudy,32.9,False,None,
URB-14697,LOC-01,Patia Main Road,20.3533,85.8197,2026-08-12 15:35:47,203,0.8,15.1,109,53.6,105.1,597.4,26.8,77.9,Rain,68.5,False,None,
URB-14698,LOC-02,Jayadev Vihar,20.301,85.8239,2026-08-12 15:43:47,250,0.98,10.3,118,54.2,97.4,608.8,25.4,74.3,Rain,79.7,False,None,
URB-14699,LOC-03,Saheed Nagar,20.2872,85.8415,2026-08-12 15:58:47,178,0.75,16.5,108,51.7,94.2,547.7,29.6,75.0,Rain,65.7,False,None,
URB-14700,LOC-04,Khandagiri,20.2588,85.7836,2026-08-12 16:13:47,183,0.69,19.1,138,61.7,107.5,542.8,29.3,69.5,Fog,67.2,False,None,
URB-14701,LOC-05,Vani Vihar,20.2974,85.8364,2026-08-12 16:31:47,149,0.53,24.2,100,44.7,83.4,540.9,27.7,72.3,Fog,86.6,True,Multi-Vector Urban Risk,Combined extreme congestion (53%) and high particulate pollution.
URB-14702,LOC-06,Bhubaneswar Railway Station,20.2657,85.8436,2026-08-12 16:43:47,321,0.98,17.7,231,105.0,193.6,700.1,28.8,54.1,Haze,90.3,False,None,
URB-14703,LOC-07,Nandankanan Road,20.37,85.825,2026-08-12 17:03:47,284,0.98,12.9,150,67.5,128.0,632.5,26.9,59.4,Partly Cloudy,84.0,False,None,
URB-14704,LOC-08,Kalarahanga Road,20.38,85.83,2026-08-12 17:21:47,176,0.65,37.3,106,51.5,96.8,567.6,28.1,55.7,Clear,50.9,False,None,
URB-14705,LOC-01,Patia Main Road,20.3533,85.8197,2026-08-12 17:34:47,312,0.98,13.1,173,80.8,152.2,665.7,26.2,51.8,Clear,87.9,False,None,
URB-14706,LOC-02,Jayadev Vihar,20.301,85.8239,2026-08-12 17:49:47,370,0.98,11.1,167,76.2,140.6,717.6,23.9,84.0,Rain,87.9,False,None,
URB-14707,LOC-03,Saheed Nagar,20.2872,85.8415,2026-08-12 17:57:47,245,0.91,12.5,137,58.4,101.0,635.3,28.1,72.3,Rain,79.1,False,None,
URB-14708,LOC-04,Khandagiri,20.2588,85.7836,2026-08-12 18:18:47,240,0.84,16.9,136,63.7,118.2,618.7,26.3,57.9,Partly Cloudy,74.0,False,None,
URB-14709,LOC-05,Vani Vihar,20.2974,85.8364,2026-08-12 18:30:47,120,0.45,24.1,61,24.4,44.3,497.5,23.4,80.4,Rain,41.6,False,None,
URB-14710,LOC-06,Bhubaneswar Railway Station,20.2657,85.8436,2026-08-12 18:42:47,330,0.98,18.5,236,105.0,184.1,681.4,25.8,79.3,Fog,90.0,False,None,
URB-14711,LOC-07,Nandankanan Road,20.37,85.825,2026-08-12 19:03:47,293,0.98,10.5,126,54.6,101.5,672.1,23.0,76.8,Rain,81.0,False,None,
URB-14712,LOC-08,Kalarahanga Road,20.38,85.83,2026-08-12 19:13:47,210,0.94,17.4,102,50.2,97.1,594.1,22.5,82.8,Rain,71.8,False,None,
URB-14713,LOC-01,Patia Main Road,20.3533,85.8197,2026-08-12 19:34:47,340,0.98,11.6,187,81.5,148.4,720.7,22.4,81.8,Fog,91.1,False,None,
URB-14714,LOC-02,Jayadev Vihar,20.301,85.8239,2026-08-12 19:48:47,295,0.98,13.2,186,84.2,149.4,657.4,23.2,60.0,Haze,90.2,False,None,
URB-14715,LOC-03,Saheed Nagar,20.2872,85.8415,2026-08-12 20:01:47,148,0.57,21.2,99,47.0,80.6,536.7,22.4,80.5,Rain,54.5,False,None,
URB-14716,LOC-04,Khandagiri,20.2588,85.7836,2026-08-12 20:20:47,94,0.34,32.8,76,35.4,61.2,467.6,23.1,56.4,Partly Cloudy,35.5,False,None,
URB-14717,LOC-05,Vani Vihar,20.2974,85.8364,2026-08-12 20:32:47,66,0.24,29.6,49,27.8,59.8,447.9,22.9,81.3,Rain,28.4,False,None,
URB-14718,LOC-06,Bhubaneswar Railway Station,20.2657,85.8436,2026-08-12 20:51:47,184,0.77,26.7,337,165.7,140.3,576.7,20.3,88.5,Fog,71.3,True,Air Quality Hazard,"Hazardous particulate spike (AQI 337, PM2.5 165.7 µg/m³) detected near Bhubaneswar Railway Station."
URB-14719,LOC-07,Nandankanan Road,20.37,85.825,2026-08-12 21:04:47,128,0.5,21.4,67,35.4,72.0,497.9,20.5,84.2,Heavy Rain,46.0,False,None,
URB-14720,LOC-08,Kalarahanga Road,20.38,85.83,2026-08-12 21:19:47,102,0.44,35.5,95,40.4,78.6,474.1,18.4,69.2,Haze,41.5,False,None,
URB-14721,LOC-01,Patia Main Road,20.3533,85.8197,2026-08-12 21:31:47,163,0.6,28.6,98,48.4,89.3,527.0,22.6,56.6,Clear,51.8,False,None,
URB-14722,LOC-02,Jayadev Vihar,20.301,85.8239,2026-08-12 21:46:47,209,0.92,11.2,110,49.6,92.4,564.4,18.2,83.7,Rain,75.5,False,None,
URB-14723,LOC-03,Saheed Nagar,20.2872,85.8415,2026-08-12 22:03:47,49,0.21,32.0,98,40.8,77.1,432.7,18.4,88.6,Fog,34.5,False,None,
URB-14724,LOC-04,Khandagiri,20.2588,85.7836,2026-08-12 22:17:47,40,0.15,35.2,64,26.4,48.4,423.4,20.5,66.5,Haze,24.6,False,None,
URB-14725,LOC-05,Vani Vihar,20.2974,85.8364,2026-08-12 22:34:47,31,0.14,27.2,41,15.5,37.2,411.3,19.0,86.9,Rain,24.2,False,None,
URB-14726,LOC-06,Bhubaneswar Railway Station,20.2657,85.8436,2026-08-12 22:45:47,60,0.24,35.3,64,26.5,51.8,432.3,18.2,90.0,Rain,28.2,False,None,
URB-14727,LOC-07,Nandankanan Road,20.37,85.825,2026-08-12 22:57:47,60,0.22,27.8,59,32.0,59.0,431.8,19.9,86.9,Rain,30.2,False,None,
URB-14728,LOC-08,Kalarahanga Road,20.38,85.83,2026-08-12 23:19:47,37,0.17,44.8,46,26.5,56.1,425.3,18.7,90.0,Heavy Rain,17.5,False,None,
URB-14729,LOC-01,Patia Main Road,20.3533,85.8197,2026-08-12 23:30:47,55,0.22,26.1,54,27.0,48.5,439.1,16.1,91.5,Rain,30.2,False,None,
URB-14730,LOC-02,Jayadev Vihar,20.301,85.8239,2026-08-12 23:43:47,80,0.29,26.9,77,35.5,59.4,482.4,19.5,86.7,Rain,36.6,False,None,
URB-14731,LOC-03,Saheed Nagar,20.2872,85.8415,2026-08-13 00:04:47,62,0.27,27.2,74,31.5,63.3,448.1,15.1,93.0,Heavy Rain,35.1,False,None,
URB-14732,LOC-04,Khandagiri,20.2588,85.7836,2026-08-13 00:13:47,44,0.19,30.0,49,21.8,36.7,437.9,18.0,85.0,Rain,26.2,False,None,
URB-14733,LOC-05,Vani Vihar,20.2974,85.8364,2026-08-13 00:31:47,31,0.14,37.6,61,28.6,49.9,433.0,17.5,70.3,Haze,22.5,False,None,
URB-14734,LOC-06,Bhubaneswar Railway Station,20.2657,85.8436,2026-08-13 00:43:47,65,0.27,44.1,108,49.8,91.2,461.1,18.7,64.6,Haze,32.7,False,None,
URB-14735,LOC-07,Nandankanan Road,20.37,85.825,2026-08-13 01:04:47,50,0.2,38.9,66,32.3,67.9,459.0,15.7,69.0,Partly Cloudy,25.1,False,None,
URB-14736,LOC-08,Kalarahanga Road,20.38,85.83,2026-08-13 01:21:47,45,0.19,40.6,45,23.5,45.6,446.0,17.1,91.5,Heavy Rain,20.2,False,None,
URB-14737,LOC-01,Patia Main Road,20.3533,85.8197,2026-08-13 01:27:47,70,0.24,24.6,66,32.7,61.9,470.2,17.5,89.6,Rain,33.8,False,None,
URB-14738,LOC-02,Jayadev Vihar,20.301,85.8239,2026-08-13 01:43:47,86,0.32,34.2,73,32.4,68.1,464.9,14.4,72.8,Clear,33.5,False,None,
URB-14739,LOC-03,Saheed Nagar,20.2872,85.8415,2026-08-13 02:05:47,50,0.22,34.3,102,47.5,81.2,442.6,17.4,66.1,Haze,34.5,False,None,
URB-14740,LOC-04,Khandagiri,20.2588,85.7836,2026-08-13 02:19:47,75,0.28,33.5,78,40.4,71.5,452.9,13.7,72.6,Haze,29.5,True,Traffic Bottleneck,Sudden vehicular surge of 75 vehicles/min exceeding corridor capacity.
URB-14741,LOC-05,Vani Vihar,20.2974,85.8364,2026-08-13 02:29:47,31,0.12,36.1,64,28.8,59.9,425.9,17.5,90.1,Fog,22.9,False,None,
URB-14742,LOC-06,Bhubaneswar Railway Station,20.2657,85.8436,2026-08-13 02:47:47,68,0.23,53.8,86,42.1,76.2,453.9,13.8,78.6,Clear,26.8,False,None,
URB-14743,LOC-07,Nandankanan Road,20.37,85.825,2026-08-13 03:06:47,66,0.25,38.4,69,28.6,59.3,467.6,15.6,68.1,Clear,27.9,False,None,
URB-14744,LOC-08,Kalarahanga Road,20.38,85.83,2026-08-13 03:20:47,43,0.17,41.1,50,21.3,44.8,451.6,17.0,89.9,Rain,20.0,False,None,
URB-14745,LOC-01,Patia Main Road,20.3533,85.8197,2026-08-13 03:31:47,75,0.26,34.9,78,38.7,65.3,465.3,13.9,75.2,Clear,31.6,False,None,
URB-14746,LOC-02,Jayadev Vihar,20.301,85.8239,2026-08-13 03:49:47,68,0.24,35.7,73,38.4,71.9,474.7,14.8,68.7,Partly Cloudy,29.5,False,None,
URB-14747,LOC-03,Saheed Nagar,20.2872,85.8415,2026-08-13 04:04:47,57,0.23,40.7,85,38.0,67.9,443.6,18.5,67.3,Clear,28.7,False,None,
URB-14748,LOC-04,Khandagiri,20.2588,85.7836,2026-08-13 04:12:47,51,0.21,31.0,73,38.7,76.5,425.6,16.2,71.8,Haze,30.7,False,None,
URB-14749,LOC-05,Vani Vihar,20.2974,85.8364,2026-08-13 04:37:47,29,0.1,29.7,38,22.9,42.8,418.0,16.0,95.2,Rain,20.8,False,None,
URB-14750,LOC-06,Bhubaneswar Railway Station,20.2657,85.8436,2026-08-13 04:45:47,59,0.24,48.4,101,50.8,99.6,460.1,17.4,64.3,Haze,29.8,False,None,
URB-14751,LOC-07,Nandankanan Road,20.37,85.825,2026-08-13 05:00:47,55,0.19,41.2,57,25.4,47.3,461.5,18.7,65.9,Partly Cloudy,22.0,False,None,
URB-14752,LOC-08,Kalarahanga Road,20.38,85.83,2026-08-13 05:16:47,44,0.19,59.1,55,27.5,51.3,449.2,17.9,67.6,Partly Cloudy,19.7,False,None,
URB-14753,LOC-01,Patia Main Road,20.3533,85.8197,2026-08-13 05:35:47,60,0.27,23.8,54,22.8,42.2,440.4,17.3,85.2,Heavy Rain,33.4,False,None,
URB-14754,LOC-02,Jayadev Vihar,20.301,85.8239,2026-08-13 05:48:47,73,0.27,25.7,68,34.2,59.7,470.8,17.2,94.0,Rain,34.9,False,None,
URB-14755,LOC-03,Saheed Nagar,20.2872,85.8415,2026-08-13 06:07:47,147,0.54,25.5,108,50.5,100.5,518.7,20.3,60.5,Partly Cloudy,52.8,False,None,
URB-14756,LOC-04,Khandagiri,20.2588,85.7836,2026-08-13 06:14:47,105,0.42,32.2,86,35.6,62.6,498.2,17.6,70.8,Clear,40.8,False,None,
URB-14757,LOC-05,Vani Vihar,20.2974,85.8364,2026-08-13 06:34:47,75,0.34,27.5,79,32.4,62.3,462.3,18.9,69.0,Haze,38.7,False,None,
URB-14758,LOC-06,Bhubaneswar Railway Station,20.2657,85.8436,2026-08-13 06:52:47,144,0.68,11.1,127,57.9,103.2,514.0,18.7,89.4,Fog,52.1,True,Severe Gridlock,Critical speed drop to 11.1 km/h indicating major arterial blockade.
URB-14759,LOC-07,Nandankanan Road,20.37,85.825,2026-08-13 06:57:47,160,0.68,20.5,125,57.6,101.6,522.1,21.3,67.9,Haze,63.8,False,None,
URB-14760,LOC-08,Kalarahanga Road,20.38,85.83,2026-08-13 07:21:47,201,0.83,19.8,86,34.8,57.9,561.8,20.1,82.1,Heavy Rain,63.3,False,None,
URB-14761,LOC-01,Patia Main Road,20.3533,85.8197,2026-08-13 07:30:47,273,0.98,11.9,198,89.1,159.9,638.9,21.8,87.0,Fog,92.9,False,None,
URB-14762,LOC-02,Jayadev Vihar,20.301,85.8239,2026-08-13 07:46:47,376,0.98,9.7,162,72.1,126.4,728.0,22.5,77.1,Heavy Rain,87.7,False,None,
URB-14763,LOC-03,Saheed Nagar,20.2872,85.8415,2026-08-13 07:58:47,244,0.98,14.4,160,69.8,134.6,621.1,18.7,71.5,Clear,85.0,False,None,
URB-14764,LOC-04,Khandagiri,20.2588,85.7836,2026-08-13 08:21:47,238,0.97,11.3,97,46.1,78.6,602.9,22.9,85.5,Heavy Rain,75.1,False,None,
URB-14765,LOC-05,Vani Vihar,20.2974,85.8364,2026-08-13 08:27:47,146,0.64,21.9,115,49.2,97.0,543.1,21.9,59.4,Haze,59.8,False,None,
URB-14766,LOC-06,Bhubaneswar Railway Station,20.2657,85.8436,2026-08-13 08:49:47,375,0.98,13.9,149,63.1,122.8,713.9,22.6,83.7,Rain,83.3,False,None,
URB-14767,LOC-07,Nandankanan Road,20.37,85.825,2026-08-13 09:01:47,238,0.88,11.9,106,47.0,83.5,599.9,24.8,73.7,Rain,72.8,False,None,
URB-14768,LOC-08,Kalarahanga Road,20.38,85.83,2026-08-13 09:12:47,167,0.59,39.5,211,82.7,78.9,532.9,21.3,58.7,Partly Cloudy,45.5,True,Air Quality Hazard,"Hazardous particulate spike (AQI 211, PM2.5 82.7 µg/m³) detected near Kalarahanga Road."
URB-14769,LOC-01,Patia Main Road,20.3533,85.8197,2026-08-13 09:36:47,332,0.98,9.5,124,59.3,104.0,712.0,25.9,80.2,Heavy Rain,81.2,False,None,
URB-14770,LOC-02,Jayadev Vihar,20.301,85.8239,2026-08-13 09:44:47,300,0.98,9.9,130,60.1,107.4,649.3,25.6,79.2,Rain,82.0,False,None,
URB-14771,LOC-03,Saheed Nagar,20.2872,85.8415,2026-08-13 10:05:47,186,0.74,15.4,115,57.0,107.1,569.3,25.2,76.4,Heavy Rain,67.0,False,None,
URB-14772,LOC-04,Khandagiri,20.2588,85.7836,2026-08-13 10:14:47,169,0.6,23.8,133,61.3,106.7,539.2,26.3,75.5,Fog,60.4,False,None,
URB-14773,LOC-05,Vani Vihar,20.2974,85.8364,2026-08-13 10:31:47,81,0.28,37.8,59,26.4,44.0,453.9,27.1,55.7,Clear,27.6,False,None,
URB-14774,LOC-06,Bhubaneswar Railway Station,20.2657,85.8436,2026-08-13 10:50:47,239,0.91,21.8,141,69.3,124.4,625.6,27.0,57.8,Partly Cloudy,75.2,False,None,
URB-14775,LOC-07,Nandankanan Road,20.37,85.825,2026-08-13 10:57:47,166,0.68,16.5,90,43.1,73.9,526.1,24.0,80.4,Rain,59.7,False,None,
URB-14776,LOC-08,Kalarahanga Road,20.38,85.83,2026-08-13 11:12:47,108,0.37,33.2,64,30.2,56.0,480.6,23.9,79.4,Rain,34.4,False,None,
URB-14777,LOC-01,Patia Main Road,20.3533,85.8197,2026-08-13 11:33:47,179,0.8,19.9,102,47.4,81.1,546.3,24.3,55.9,Partly Cloudy,64.9,False,None,
URB-14778,LOC-02,Jayadev Vihar,20.301,85.8239,2026-08-13 11:43:47,213,0.92,14.5,247,107.3,99.9,572.4,27.9,51.3,Clear,74.7,True,Air Quality Hazard,"Hazardous particulate spike (AQI 247, PM2.5 107.3 µg/m³) detected near Jayadev Vihar."
URB-14779,LOC-03,Saheed Nagar,20.2872,85.8415,2026-08-13 12:04:47,178,0.76,16.2,119,58.3,107.9,550.0,29.2,75.1,Rain,68.1,False,None,
URB-14780,LOC-04,Khandagiri,20.2588,85.7836,2026-08-13 12:18:47,134,0.52,27.5,83,42.4,82.0,509.3,26.1,58.9,Clear,46.6,False,None,
URB-14781,LOC-05,Vani Vihar,20.2974,85.8364,2026-08-13 12:35:47,84,0.32,28.8,83,40.6,71.0,463.2,28.3,74.1,Fog,37.9,False,None,
URB-14782,LOC-06,Bhubaneswar Railway Station,20.2657,85.8436,2026-08-13 12:46:47,193,0.86,26.7,112,47.6,90.6,582.4,28.2,53.2,Clear,65.7,False,None,
URB-14783,LOC-07,Nandankanan Road,20.37,85.825,2026-08-13 13:00:47,149,0.66,16.1,71,35.4,70.8,515.2,30.1,70.2,Rain,55.8,False,None,
URB-14784,LOC-08,Kalarahanga Road,20.38,85.83,2026-08-13 13:13:47,130,0.56,35.4,97,49.5,93.3,509.7,26.3,72.7,Fog,46.7,False,None,
URB-14785,LOC-01,Patia Main Road,20.3533,85.8197,2026-08-13 13:35:47,219,0.97,10.1,116,57.1,97.9,603.1,27.0,76.1,Heavy Rain,79.0,False,None,
URB-14786,LOC-02,Jayadev Vihar,20.301,85.8239,2026-08-13 13:47:47,240,0.9,16.6,125,58.2,100.7,623.7,28.7,55.7,Partly Cloudy,74.6,False,None,
URB-14787,LOC-03,Saheed Nagar,20.2872,85.8415,2026-08-13 14:01:47,159,0.64,18.5,93,39.5,67.8,553.2,28.5,69.8,Heavy Rain,57.6,False,None,
URB-14788,LOC-04,Khandagiri,20.2588,85.7836,2026-08-13 14:19:47,166,0.75,17.3,131,61.5,115.2,524.6,29.6,73.5,Fog,69.3,False,None,
URB-14789,LOC-05,Vani Vihar,20.2974,85.8364,2026-08-13 14:27:47,103,0.44,27.9,98,47.4,86.8,501.9,27.7,70.9,Fog,45.8,False,None,
URB-14790,LOC-06,Bhubaneswar Railway Station,20.2657,85.8436,2026-08-13 14:47:47,193,0.83,21.0,96,49.0,85.2,580.1,29.8,68.5,Rain,64.5,False,None,
URB-14791,LOC-07,Nandankanan Road,20.37,85.825,2026-08-13 15:05:47,155,0.56,20.3,85,34.6,62.0,524.7,25.4,80.9,Heavy Rain,52.1,False,None,
URB-14792,LOC-08,Kalarahanga Road,20.38,85.83,2026-08-13 15:17:47,106,0.39,36.5,99,40.7,78.3,472.2,26.0,75.7,Fog,39.7,False,None,
URB-14793,LOC-01,Patia Main Road,20.3533,85.8197,2026-08-13 15:32:47,202,0.86,15.9,154,74.7,130.0,591.6,29.9,48.6,Haze,78.4,False,None,
URB-14794,LOC-02,Jayadev Vihar,20.301,85.8239,2026-08-13 15:48:47,211,0.88,12.7,105,45.6,90.5,599.8,28.8,69.8,Rain,72.2,False,None,
URB-14795,LOC-03,Saheed Nagar,20.2872,85.8415,2026-08-13 16:01:47,250,0.98,9.5,139,67.1,125.0,625.7,26.8,77.7,Heavy Rain,83.8,False,None,
URB-14796,LOC-04,Khandagiri,20.2588,85.7836,2026-08-13 16:14:47,208,0.91,17.4,122,59.0,114.2,594.2,28.4,52.1,Clear,74.0,False,None,
URB-14797,LOC-05,Vani Vihar,20.2974,85.8364,2026-08-13 16:30:47,133,0.49,28.2,81,33.9,61.9,499.2,29.2,51.8,Clear,44.7,False,None,
URB-14798,LOC-06,Bhubaneswar Railway Station,20.2657,85.8436,2026-08-13 16:46:47,292,0.98,22.3,144,61.0,119.5,642.3,26.0,60.3,Partly Cloudy,78.2,False,None,
URB-14799,LOC-07,Nandankanan Road,20.37,85.825,2026-08-13 16:58:47,297,0.98,11.0,176,80.9,148.7,646.9,26.2,55.6,Haze,89.5,False,None,
URB-14800,LOC-08,Kalarahanga Road,20.38,85.83,2026-08-13 17:13:47,211,0.78,20.4,92,40.4,71.6,594.3,25.2,81.6,Heavy Rain,62.1,False,None,
URB-14801,LOC-01,Patia Main Road,20.3533,85.8197,2026-08-13 17:34:47,345,0.98,10.2,145,62.2,112.9,721.3,26.5,75.5,Rain,84.5,False,None,
URB-14802,LOC-02,Jayadev Vihar,20.301,85.8239,2026-08-13 17:49:47,304,0.98,12.5,212,99.6,187.9,670.0,27.6,53.5,Haze,93.0,False,None,
URB-14803,LOC-03,Saheed Nagar,20.2872,85.8415,2026-08-13 18:03:47,240,0.9,16.8,157,73.0,140.0,608.4,25.1,56.5,Partly Cloudy,80.1,False,None,
URB-14804,LOC-04,Khandagiri,20.2588,85.7836,2026-08-13 18:19:47,186,0.85,17.0,105,46.4,82.4,563.4,26.3,58.1,Partly Cloudy,68.9,False,None,
URB-14805,LOC-05,Vani Vihar,20.2974,85.8364,2026-08-13 18:29:47,166,0.62,17.1,74,34.9,58.6,538.5,25.2,78.4,Heavy Rain,54.2,False,None,
URB-14806,LOC-06,Bhubaneswar Railway Station,20.2657,85.8436,2026-08-13 18:45:47,269,0.95,21.1,143,67.2,117.4,628.3,25.2,52.4,Clear,77.5,False,None,
URB-14807,LOC-07,Nandankanan Road,20.37,85.825,2026-08-13 19:05:47,290,0.98,12.0,184,81.4,145.7,667.0,22.4,82.2,Fog,90.4,False,None,
URB-14808,LOC-08,Kalarahanga Road,20.38,85.83,2026-08-13 19:20:47,203,0.92,18.0,121,51.9,89.5,565.8,25.4,54.9,Haze,74.0,False,None,
URB-14809,LOC-01,Patia Main Road,20.3533,85.8197,2026-08-13 19:33:47,276,0.98,14.0,158,70.3,126.7,655.3,22.3,57.1,Clear,84.9,False,None,
URB-14810,LOC-02,Jayadev Vihar,20.301,85.8239,2026-08-13 19:48:47,329,0.98,15.3,185,85.9,164.5,675.7,25.4,55.4,Partly Cloudy,88.9,False,None,
URB-14811,LOC-03,Saheed Nagar,20.2872,85.8415,2026-08-13 20:04:47,133,0.48,22.2,93,41.5,77.7,531.9,23.9,80.3,Rain,49.4,False,None,
URB-14812,LOC-04,Khandagiri,20.2588,85.7836,2026-08-13 20:13:47,103,0.42,27.1,92,44.0,78.3,501.4,20.4,69.2,Haze,44.4,False,None,
URB-14813,LOC-05,Vani Vihar,20.2974,85.8364,2026-08-13 20:36:47,80,0.29,29.7,79,38.4,67.6,466.5,23.9,64.0,Haze,35.6,False,None,
URB-14814,LOC-06,Bhubaneswar Railway Station,20.2657,85.8436,2026-08-13 20:45:47,179,0.66,23.2,90,45.1,85.3,540.0,21.5,78.3,Rain,55.6,False,None,
URB-14815,LOC-07,Nandankanan Road,20.37,85.825,2026-08-13 21:00:47,127,0.55,29.8,79,33.3,60.3,526.2,19.9,61.6,Clear,45.9,False,None,
URB-14816,LOC-08,Kalarahanga Road,20.38,85.83,2026-08-13 21:19:47,95,0.4,34.4,56,25.2,48.2,476.3,20.4,82.7,Rain,33.6,False,None,
URB-14817,LOC-01,Patia Main Road,20.3533,85.8197,2026-08-13 21:29:47,161,0.7,20.6,122,60.0,112.2,544.6,21.8,84.2,Fog,64.0,False,None,
URB-14818,LOC-02,Jayadev Vihar,20.301,85.8239,2026-08-13 21:48:47,181,0.79,15.7,94,42.2,83.0,552.5,21.1,86.4,Rain,65.2,False,None,
URB-14819,LOC-03,Saheed Nagar,20.2872,85.8415,2026-08-13 22:01:47,57,0.22,40.6,87,41.6,72.2,444.5,16.9,69.9,Partly Cloudy,28.7,False,None,
URB-14820,LOC-04,Khandagiri,20.2588,85.7836,2026-08-13 22:19:47,40,0.16,40.6,50,25.5,50.5,427.5,18.7,63.8,Clear,19.9,False,None,
URB-14821,LOC-05,Vani Vihar,20.2974,85.8364,2026-08-13 22:34:47,31,0.14,28.0,38,15.4,26.1,422.4,20.2,79.9,Rain,23.2,False,None,
URB-14822,LOC-06,Bhubaneswar Railway Station,20.2657,85.8436,2026-08-13 22:48:47,74,0.29,40.5,111,48.4,88.3,459.0,18.8,83.3,Fog,35.8,False,None,
URB-14823,LOC-07,Nandankanan Road,20.37,85.825,2026-08-13 23:03:47,48,0.22,38.8,63,32.6,62.0,456.1,16.1,72.9,Partly Cloudy,25.4,False,None,
URB-14824,LOC-08,Kalarahanga Road,20.38,85.83,2026-08-13 23:19:47,39,0.14,51.1,61,32.9,62.5,444.7,16.4,87.3,Fog,18.8,False,None,
URB-14825,LOC-01,Patia Main Road,20.3533,85.8197,2026-08-13 23:33:47,61,0.28,36.7,64,25.3,53.2,449.0,16.4,72.8,Partly Cloudy,29.1,False,None,
URB-14826,LOC-02,Jayadev Vihar,20.301,85.8239,2026-08-13 23:52:47,74,0.28,32.5,87,38.1,72.8,458.1,17.0,94.4,Fog,35.2,False,None,
URB-14827,LOC-03,Saheed Nagar,20.2872,85.8415,2026-08-14 00:07:47,47,0.17,34.7,100,45.1,78.5,448.3,19.0,88.0,Fog,31.9,False,None,
URB-14828,LOC-04,Khandagiri,20.2588,85.7836,2026-08-14 00:21:47,47,0.19,42.0,54,28.4,52.5,440.1,17.0,73.3,Clear,21.1,False,None,
URB-14829,LOC-05,Vani Vihar,20.2974,85.8364,2026-08-14 00:34:47,47,0.14,28.5,34,19.3,35.2,414.2,16.7,89.0,Heavy Rain,20.7,True,Traffic Bottleneck,Sudden vehicular surge of 47 vehicles/min exceeding corridor capacity.
URB-14830,LOC-06,Bhubaneswar Railway Station,20.2657,85.8436,2026-08-14 00:52:47,62,0.26,49.3,88,38.8,67.1,440.1,16.8,85.3,Fog,28.3,False,None,
URB-14831,LOC-07,Nandankanan Road,20.37,85.825,2026-08-14 00:59:47,63,0.28,36.0,71,34.5,68.0,432.2,16.8,73.3,Clear,30.6,False,None,
URB-14832,LOC-08,Kalarahanga Road,20.38,85.83,2026-08-14 01:18:47,45,0.16,56.7,50,24.9,41.8,418.2,15.8,66.7,Clear,17.6,False,None,
URB-14833,LOC-01,Patia Main Road,20.3533,85.8197,2026-08-14 01:27:47,57,0.26,38.1,72,31.7,59.2,438.1,15.6,67.4,Partly Cloudy,28.9,False,None,
URB-14834,LOC-02,Jayadev Vihar,20.301,85.8239,2026-08-14 01:50:47,72,0.33,26.7,73,34.3,64.7,454.0,16.2,86.2,Heavy Rain,37.6,False,None,
URB-14835,LOC-03,Saheed Nagar,20.2872,85.8415,2026-08-14 02:06:47,48,0.22,39.8,75,33.7,64.6,428.8,16.6,72.2,Partly Cloudy,27.0,False,None,
URB-14836,LOC-04,Khandagiri,20.2588,85.7836,2026-08-14 02:16:47,47,0.19,36.3,73,38.4,78.4,429.2,15.7,94.8,Fog,27.2,False,None,
URB-14837,LOC-05,Vani Vihar,20.2974,85.8364,2026-08-14 02:37:47,25,0.11,28.8,37,21.1,38.8,416.2,13.7,95.7,Heavy Rain,21.5,False,None,
URB-14838,LOC-06,Bhubaneswar Railway Station,20.2657,85.8436,2026-08-14 02:44:47,78,0.31,44.1,113,47.6,87.1,455.2,15.9,91.2,Fog,35.1,False,None,
URB-14839,LOC-07,Nandankanan Road,20.37,85.825,2026-08-14 03:04:47,64,0.23,41.1,64,28.8,61.0,433.7,14.1,73.3,Partly Cloudy,24.9,False,None,
URB-14840,LOC-08,Kalarahanga Road,20.38,85.83,2026-08-14 03:14:47,32,0.13,56.1,51,20.3,36.7,431.8,15.2,68.5,Partly Cloudy,16.6,False,None,
URB-14841,LOC-01,Patia Main Road,20.3533,85.8197,2026-08-14 03:27:47,60,0.29,10.8,90,38.0,76.6,442.4,17.2,86.1,Fog,34.1,True,Severe Gridlock,Critical speed drop to 10.8 km/h indicating major arterial blockade.
URB-14842,LOC-02,Jayadev Vihar,20.301,85.8239,2026-08-14 03:46:47,83,0.34,26.8,97,41.2,79.6,485.1,16.6,69.1,Haze,42.2,False,None,
URB-14843,LOC-03,Saheed Nagar,20.2872,85.8415,2026-08-14 04:03:47,52,0.22,25.9,76,36.7,63.7,433.9,17.3,87.3,Rain,34.2,False,None,
URB-14844,LOC-04,Khandagiri,20.2588,85.7836,2026-08-14 04:21:47,77,0.29,25.9,53,22.7,38.8,453.3,17.6,85.5,Heavy Rain,29.3,True,Traffic Bottleneck,Sudden vehicular surge of 77 vehicles/min exceeding corridor capacity.
URB-14845,LOC-05,Vani Vihar,20.2974,85.8364,2026-08-14 04:31:47,57,0.19,44.6,43,21.9,46.6,442.3,17.2,67.1,Partly Cloudy,15.4,True,Traffic Bottleneck,Sudden vehicular surge of 57 vehicles/min exceeding corridor capacity.
URB-14846,LOC-06,Bhubaneswar Railway Station,20.2657,85.8436,2026-08-14 04:50:47,59,0.26,44.9,87,36.2,70.1,430.5,15.8,86.9,Fog,28.2,False,None,
URB-14847,LOC-07,Nandankanan Road,20.37,85.825,2026-08-14 05:05:47,48,0.22,33.7,84,35.7,60.8,454.2,17.6,86.7,Fog,31.6,False,None,
URB-14848,LOC-08,Kalarahanga Road,20.38,85.83,2026-08-14 05:19:47,41,0.14,39.6,48,22.7,48.3,438.8,19.0,84.8,Heavy Rain,19.2,False,None,
URB-14849,LOC-01,Patia Main Road,20.3533,85.8197,2026-08-14 05:31:47,75,0.31,36.2,78,39.0,68.2,444.7,18.1,71.9,Partly Cloudy,33.0,False,None,
URB-14850,LOC-02,Jayadev Vihar,20.301,85.8239,2026-08-14 05:42:47,68,0.24,38.7,82,37.1,72.1,468.7,16.1,74.9,Clear,29.6,False,None,
URB-14851,LOC-03,Saheed Nagar,20.2872,85.8415,2026-08-14 06:01:47,121,0.53,25.6,149,63.4,123.7,514.5,21.2,66.3,Haze,59.5,False,None,
URB-14852,LOC-04,Khandagiri,20.2588,85.7836,2026-08-14 06:20:47,108,0.42,23.8,67,26.8,46.7,500.0,21.2,80.8,Heavy Rain,41.6,False,None,
URB-14853,LOC-05,Vani Vihar,20.2974,85.8364,2026-08-14 06:28:47,84,0.33,33.1,60,26.2,52.8,469.3,20.8,63.7,Clear,32.2,False,None,
URB-14854,LOC-06,Bhubaneswar Railway Station,20.2657,85.8436,2026-08-14 06:47:47,141,0.64,27.7,91,42.7,74.2,509.0,17.6,84.8,Heavy Rain,52.7,False,None,
URB-14855,LOC-07,Nandankanan Road,20.37,85.825,2026-08-14 07:03:47,267,0.92,15.5,130,58.3,114.7,643.8,21.5,58.1,Clear,76.8,False,None,
URB-14856,LOC-08,Kalarahanga Road,20.38,85.83,2026-08-14 07:19:47,185,0.69,32.9,94,48.2,84.5,575.0,20.4,62.7,Partly Cloudy,52.6,False,None,
URB-14857,LOC-01,Patia Main Road,20.3533,85.8197,2026-08-14 07:27:47,349,0.98,12.8,220,100.8,178.4,726.2,22.5,61.8,Haze,92.8,False,None,
URB-14858,LOC-02,Jayadev Vihar,20.301,85.8239,2026-08-14 07:42:47,312,0.98,11.3,216,93.6,173.2,690.9,18.1,89.5,Fog,93.6,False,None,
URB-14859,LOC-03,Saheed Nagar,20.2872,85.8415,2026-08-14 07:57:47,224,0.84,12.1,116,49.6,89.8,582.2,20.2,87.4,Heavy Rain,72.8,False,None,
URB-14860,LOC-04,Khandagiri,20.2588,85.7836,2026-08-14 08:19:47,233,0.83,16.8,142,63.7,122.8,598.0,21.4,64.1,Haze,74.7,False,None,
URB-14861,LOC-05,Vani Vihar,20.2974,85.8364,2026-08-14 08:29:47,144,0.52,21.6,77,34.3,62.6,516.4,24.1,82.0,Heavy Rain,48.5,False,None,
URB-14862,LOC-06,Bhubaneswar Railway Station,20.2657,85.8436,2026-08-14 08:43:47,324,0.98,22.4,161,76.2,145.4,682.9,23.7,57.9,Partly Cloudy,81.2,False,None,
URB-14863,LOC-07,Nandankanan Road,20.37,85.825,2026-08-14 09:06:47,243,0.94,10.2,113,53.0,101.7,609.0,23.0,82.7,Rain,77.3,False,None,
URB-14864,LOC-08,Kalarahanga Road,20.38,85.83,2026-08-14 09:13:47,217,0.95,22.2,101,43.1,75.8,595.6,24.5,58.4,Clear,69.6,False,None,
URB-14865,LOC-01,Patia Main Road,20.3533,85.8197,2026-08-14 09:32:47,271,0.98,11.8,159,72.6,130.5,646.5,22.8,65.4,Haze,86.1,False,None,
URB-14866,LOC-02,Jayadev Vihar,20.301,85.8239,2026-08-14 09:47:47,356,0.98,13.1,224,99.9,183.5,720.7,24.5,73.7,Fog,92.7,False,None,
URB-14867,LOC-03,Saheed Nagar,20.2872,85.8415,2026-08-14 10:05:47,171,0.71,19.5,148,65.4,112.7,553.8,26.7,78.6,Fog,98.5,True,Multi-Vector Urban Risk,Combined extreme congestion (71%) and high particulate pollution.
URB-14868,LOC-04,Khandagiri,20.2588,85.7836,2026-08-14 10:21:47,150,0.58,25.7,94,44.0,74.5,523.8,25.7,52.5,Clear,51.8,False,None,
URB-14869,LOC-05,Vani Vihar,20.2974,85.8364,2026-08-14 10:34:47,95,0.33,27.2,54,26.1,45.1,480.6,23.0,77.8,Heavy Rain,34.1,False,None,
URB-14870,LOC-06,Bhubaneswar Railway Station,20.2657,85.8436,2026-08-14 10:49:47,182,0.65,25.5,106,45.1,88.8,544.3,23.7,77.5,Heavy Rain,56.8,False,None,
URB-14871,LOC-07,Nandankanan Road,20.37,85.825,2026-08-14 11:07:47,198,0.71,21.4,113,54.7,105.0,563.1,27.3,54.3,Clear,62.5,False,None,
URB-14872,LOC-08,Kalarahanga Road,20.38,85.83,2026-08-14 11:12:47,134,0.52,29.7,65,32.7,65.3,502.7,24.2,80.4,Rain,42.3,False,None,
URB-14873,LOC-01,Patia Main Road,20.3533,85.8197,2026-08-14 11:31:47,187,0.78,17.4,139,59.3,111.9,557.3,24.5,56.2,Haze,71.8,False,None,
URB-14874,LOC-02,Jayadev Vihar,20.301,85.8239,2026-08-14 11:50:47,267,0.98,13.4,145,61.4,114.8,634.6,27.1,57.8,Clear,82.9,False,None,
URB-14875,LOC-03,Saheed Nagar,20.2872,85.8415,2026-08-14 11:58:47,157,0.71,18.8,142,62.3,109.8,534.2,28.1,49.6,Haze,68.8,False,None,
URB-14876,LOC-04,Khandagiri,20.2588,85.7836,2026-08-14 12:16:47,135,0.61,23.7,97,49.6,97.5,499.5,27.5,58.3,Clear,54.5,False,None,
URB-14877,LOC-05,Vani Vihar,20.2974,85.8364,2026-08-14 12:37:47,86,0.3,24.8,53,20.7,34.7,485.4,25.1,78.4,Rain,33.9,False,None,
URB-14878,LOC-06,Bhubaneswar Railway Station,20.2657,85.8436,2026-08-14 12:50:47,208,0.82,19.5,109,51.8,94.0,578.2,27.7,76.5,Heavy Rain,67.1,False,None,
URB-14879,LOC-07,Nandankanan Road,20.37,85.825,2026-08-14 12:59:47,184,0.74,19.9,109,50.8,95.4,560.9,26.5,51.1,Clear,63.7,False,None,
URB-14880,LOC-08,Kalarahanga Road,20.38,85.83,2026-08-14 13:19:47,105,0.4,43.2,78,32.7,64.3,490.1,29.7,46.0,Clear,33.0,False,None,
URB-14881,LOC-01,Patia Main Road,20.3533,85.8197,2026-08-14 13:36:47,186,0.72,22.5,110,47.1,91.4,551.6,26.8,56.7,Partly Cloudy,61.8,False,None,
URB-14882,LOC-02,Jayadev Vihar,20.301,85.8239,2026-08-14 13:50:47,210,0.75,17.3,170,79.7,153.1,571.9,27.4,54.6,Haze,76.1,False,None,
URB-14883,LOC-03,Saheed Nagar,20.2872,85.8415,2026-08-14 14:07:47,152,0.54,20.1,91,38.6,65.8,522.0,29.9,72.3,Heavy Rain,52.5,False,None,
URB-14884,LOC-04,Khandagiri,20.2588,85.7836,2026-08-14 14:16:47,167,0.58,26.2,97,47.8,83.3,549.9,26.9,49.9,Clear,52.1,False,None,
URB-14885,LOC-05,Vani Vihar,20.2974,85.8364,2026-08-14 14:32:47,109,0.46,29.9,81,41.3,80.4,487.4,28.1,51.7,Clear,42.6,False,None,
URB-14886,LOC-06,Bhubaneswar Railway Station,20.2657,85.8436,2026-08-14 14:46:47,223,0.9,25.3,123,60.0,105.5,581.9,27.2,58.5,Partly Cloudy,69.9,False,None,
URB-14887,LOC-07,Nandankanan Road,20.37,85.825,2026-08-14 15:01:47,176,0.66,16.7,92,41.6,75.5,545.3,26.6,73.0,Heavy Rain,59.1,False,None,
URB-14888,LOC-08,Kalarahanga Road,20.38,85.83,2026-08-14 15:18:47,113,0.55,14.5,86,43.6,88.1,505.5,27.5,51.8,Clear,36.1,True,Severe Gridlock,Critical speed drop to 14.5 km/h indicating major arterial blockade.
URB-14889,LOC-01,Patia Main Road,20.3533,85.8197,2026-08-14 15:30:47,226,0.94,15.3,124,59.0,112.9,599.6,27.6,53.4,Clear,76.7,False,None,
URB-14890,LOC-02,Jayadev Vihar,20.301,85.8239,2026-08-14 15:49:47,221,0.95,16.3,116,56.7,107.1,580.7,27.8,56.1,Partly Cloudy,75.2,False,None,
URB-14891,LOC-03,Saheed Nagar,20.2872,85.8415,2026-08-14 15:58:47,183,0.73,21.7,131,63.3,115.9,543.9,26.7,57.1,Partly Cloudy,66.3,False,None,
URB-14892,LOC-04,Khandagiri,20.2588,85.7836,2026-08-14 16:21:47,231,0.98,10.2,108,45.8,90.1,606.2,28.2,68.1,Rain,78.0,False,None,
URB-14893,LOC-05,Vani Vihar,20.2974,85.8364,2026-08-14 16:28:47,119,0.53,24.3,103,51.7,95.6,501.0,29.6,47.0,Haze,52.1,False,None,
URB-14894,LOC-06,Bhubaneswar Railway Station,20.2657,85.8436,2026-08-14 16:43:47,307,0.98,20.2,169,78.3,147.3,689.0,26.6,59.3,Clear,83.7,False,None,
URB-14895,LOC-07,Nandankanan Road,20.37,85.825,2026-08-14 17:05:47,263,0.98,13.0,152,64.7,118.7,612.7,25.1,55.9,Haze,84.3,False,None,
URB-14896,LOC-08,Kalarahanga Road,20.38,85.83,2026-08-14 17:16:47,202,0.69,23.8,101,43.0,76.0,580.1,28.7,76.1,Heavy Rain,58.4,False,None,
URB-14897,LOC-01,Patia Main Road,20.3533,85.8197,2026-08-14 17:34:47,294,0.98,14.6,144,64.7,113.5,642.5,27.8,53.7,Clear,82.1,False,None,
URB-14898,LOC-02,Jayadev Vihar,20.301,85.8239,2026-08-14 17:46:47,338,0.98,13.2,174,78.5,146.9,718.5,25.3,57.5,Partly Cloudy,88.1,False,None,
URB-14899,LOC-03,Saheed Nagar,20.2872,85.8415,2026-08-14 18:06:47,222,0.97,9.5,130,62.0,120.8,608.8,22.8,84.1,Rain,81.8,False,None,
URB-14900,LOC-04,Khandagiri,20.2588,85.7836,2026-08-14 18:22:47,239,0.82,14.0,98,45.9,92.0,591.9,24.1,75.4,Heavy Rain,67.9,False,None,
URB-14901,LOC-05,Vani Vihar,20.2974,85.8364,2026-08-14 18:32:47,149,0.55,21.9,99,46.0,83.7,524.1,24.9,74.3,Fog,53.4,False,None,
URB-14902,LOC-06,Bhubaneswar Railway Station,20.2657,85.8436,2026-08-14 18:42:47,356,0.98,22.2,184,84.9,161.5,702.7,26.9,50.6,Partly Cloudy,85.3,False,None,
URB-14903,LOC-07,Nandankanan Road,20.37,85.825,2026-08-14 19:07:47,285,0.98,12.5,195,93.7,173.8,653.6,25.8,80.6,Fog,92.1,False,None,
URB-14904,LOC-08,Kalarahanga Road,20.38,85.83,2026-08-14 19:15:47,205,0.88,16.4,90,42.9,83.8,569.2,22.2,86.2,Heavy Rain,67.8,False,None,
URB-14905,LOC-01,Patia Main Road,20.3533,85.8197,2026-08-14 19:30:47,300,0.98,9.3,128,61.1,109.0,656.8,21.8,86.7,Rain,82.0,False,None,
URB-14906,LOC-02,Jayadev Vihar,20.301,85.8239,2026-08-14 19:48:47,383,0.98,9.4,141,63.5,109.4,732.9,22.8,81.4,Heavy Rain,84.2,False,None,
URB-14907,LOC-03,Saheed Nagar,20.2872,85.8415,2026-08-14 20:01:47,110,0.43,26.7,144,65.5,121.1,491.1,19.6,68.3,Haze,54.0,False,None,
URB-14908,LOC-04,Khandagiri,20.2588,85.7836,2026-08-14 20:21:47,126,0.56,18.8,79,38.7,66.9,513.5,20.6,83.6,Heavy Rain,51.8,False,None,
URB-14909,LOC-05,Vani Vihar,20.2974,85.8364,2026-08-14 20:29:47,66,0.23,27.7,48,26.0,53.7,459.0,22.6,84.8,Heavy Rain,28.8,False,None,
URB-14910,LOC-06,Bhubaneswar Railway Station,20.2657,85.8436,2026-08-14 20:43:47,153,0.59,26.9,88,43.6,79.8,534.9,24.1,79.3,Heavy Rain,50.5,False,None,
URB-14911,LOC-07,Nandankanan Road,20.37,85.825,2026-08-14 21:01:47,148,0.51,28.3,94,44.1,89.4,529.1,18.5,65.3,Partly Cloudy,47.7,False,None,
URB-14912,LOC-08,Kalarahanga Road,20.38,85.83,2026-08-14 21:19:47,97,0.34,50.9,73,30.2,50.6,491.0,20.8,64.8,Partly Cloudy,28.9,False,None,
URB-14913,LOC-01,Patia Main Road,20.3533,85.8197,2026-08-14 21:28:47,164,0.58,28.3,117,50.8,99.9,531.7,18.8,66.6,Partly Cloudy,54.5,False,None,
URB-14914,LOC-02,Jayadev Vihar,20.301,85.8239,2026-08-14 21:52:47,169,0.7,18.4,139,65.5,118.4,557.9,20.8,82.7,Fog,68.1,False,None,
URB-14915,LOC-03,Saheed Nagar,20.2872,85.8415,2026-08-14 22:01:47,46,0.2,25.5,62,28.2,60.5,453.8,18.3,84.8,Heavy Rain,31.1,False,None,
URB-14916,LOC-04,Khandagiri,20.2588,85.7836,2026-08-14 22:22:47,45,0.19,32.1,65,33.3,67.3,419.0,18.9,85.8,Fog,27.9,False,None,
URB-14917,LOC-05,Vani Vihar,20.2974,85.8364,2026-08-14 22:27:47,26,0.11,44.7,45,25.9,55.5,430.9,20.8,63.1,Partly Cloudy,14.9,False,None,
URB-14918,LOC-06,Bhubaneswar Railway Station,20.2657,85.8436,2026-08-14 22:49:47,72,0.32,40.6,95,43.7,74.6,446.8,20.6,82.9,Fog,34.1,False,None,
URB-14919,LOC-07,Nandankanan Road,20.37,85.825,2026-08-14 23:05:47,53,0.21,38.4,60,28.6,55.7,425.6,15.9,66.6,Partly Cloudy,24.7,False,None,
URB-14920,LOC-08,Kalarahanga Road,20.38,85.83,2026-08-14 23:19:47,46,0.21,56.4,62,24.6,48.6,441.9,18.9,66.3,Clear,21.8,False,None,
URB-14921,LOC-01,Patia Main Road,20.3533,85.8197,2026-08-14 23:30:47,70,0.3,28.7,87,35.4,69.0,452.3,15.7,74.3,Haze,37.9,False,None,
URB-14922,LOC-02,Jayadev Vihar,20.301,85.8239,2026-08-14 23:42:47,78,0.33,24.2,60,26.3,49.4,451.8,16.9,86.7,Heavy Rain,36.6,False,None,
URB-14923,LOC-03,Saheed Nagar,20.2872,85.8415,2026-08-15 00:03:47,60,0.23,30.1,95,46.4,92.4,435.1,14.9,95.0,Fog,35.8,False,None,
URB-14924,LOC-04,Khandagiri,20.2588,85.7836,2026-08-15 00:22:47,53,0.22,31.1,66,32.3,53.2,427.3,15.7,92.8,Fog,29.8,False,None,
URB-14925,LOC-05,Vani Vihar,20.2974,85.8364,2026-08-15 00:29:47,32,0.15,43.7,47,20.0,41.9,422.5,18.9,62.3,Clear,17.4,False,None,
URB-14926,LOC-06,Bhubaneswar Railway Station,20.2657,85.8436,2026-08-15 00:49:47,74,0.34,44.7,107,45.6,78.3,477.3,17.1,72.3,Haze,35.0,False,None,
URB-14927,LOC-07,Nandankanan Road,20.37,85.825,2026-08-15 00:58:47,52,0.19,40.5,59,28.6,46.5,442.1,19.2,65.2,Partly Cloudy,22.7,False,None,
URB-14928,LOC-08,Kalarahanga Road,20.38,85.83,2026-08-15 01:22:47,34,0.14,48.4,69,34.1,58.9,438.3,14.2,70.9,Haze,20.2,False,None,
URB-14929,LOC-01,Patia Main Road,20.3533,85.8197,2026-08-15 01:27:47,61,0.21,29.5,84,42.5,85.4,433.9,18.0,90.1,Fog,33.4,False,None,
URB-14930,LOC-02,Jayadev Vihar,20.301,85.8239,2026-08-15 01:51:47,69,0.28,33.2,85,41.0,80.1,458.3,14.1,91.5,Fog,34.5,False,None,
URB-14931,LOC-03,Saheed Nagar,20.2872,85.8415,2026-08-15 02:04:47,44,0.19,28.5,65,26.4,57.1,448.9,18.1,86.0,Rain,29.7,False,None,
URB-14932,LOC-04,Khandagiri,20.2588,85.7836,2026-08-15 02:18:47,52,0.18,30.9,56,27.0,46.3,437.7,13.9,90.9,Heavy Rain,26.6,False,None,
URB-14933,LOC-05,Vani Vihar,20.2974,85.8364,2026-08-15 02:28:47,35,0.14,36.6,54,23.7,49.7,409.8,17.3,65.4,Haze,21.8,False,None,
URB-14934,LOC-06,Bhubaneswar Railway Station,20.2657,85.8436,2026-08-15 02:50:47,60,0.25,40.0,61,25.7,49.1,463.9,15.2,88.0,Heavy Rain,25.7,False,None,
URB-14935,LOC-07,Nandankanan Road,20.37,85.825,2026-08-15 03:07:47,59,0.22,39.0,58,30.7,59.3,431.6,17.0,69.2,Clear,24.4,False,None,
URB-14936,LOC-08,Kalarahanga Road,20.38,85.83,2026-08-15 03:16:47,43,0.15,63.5,54,21.4,45.0,428.3,14.0,72.5,Partly Cloudy,18.0,False,None,
URB-14937,LOC-01,Patia Main Road,20.3533,85.8197,2026-08-15 03:33:47,72,0.29,24.2,60,23.2,40.5,450.8,14.5,92.1,Rain,35.0,False,None,
URB-14938,LOC-02,Jayadev Vihar,20.301,85.8239,2026-08-15 03:46:47,63,0.29,36.3,79,33.1,58.5,463.9,16.6,71.1,Clear,32.3,False,None,
URB-14939,LOC-03,Saheed Nagar,20.2872,85.8415,2026-08-15 04:01:47,59,0.22,28.6,79,37.3,64.8,444.1,18.9,90.7,Rain,33.3,False,None,
URB-14940,LOC-04,Khandagiri,20.2588,85.7836,2026-08-15 04:12:47,46,0.18,34.6,77,36.3,65.6,449.2,16.2,91.2,Fog,28.4,False,None,
URB-14941,LOC-05,Vani Vihar,20.2974,85.8364,2026-08-15 04:36:47,28,0.1,38.3,44,16.4,29.7,404.8,16.7,67.7,Clear,17.6,False,None,
URB-14942,LOC-06,Bhubaneswar Railway Station,20.2657,85.8436,2026-08-15 04:42:47,71,0.29,40.6,103,43.5,78.4,477.1,19.0,81.5,Fog,34.3,False,None,
URB-14943,LOC-07,Nandankanan Road,20.37,85.825,2026-08-15 05:01:47,64,0.23,25.9,54,20.9,36.0,468.8,19.7,87.4,Heavy Rain,30.7,False,None,
URB-14944,LOC-08,Kalarahanga Road,20.38,85.83,2026-08-15 05:17:47,35,0.14,49.8,67,27.7,44.9,414.0,19.7,88.9,Fog,19.8,False,None,
URB-14945,LOC-01,Patia Main Road,20.3533,85.8197,2026-08-15 05:33:47,66,0.28,31.0,100,41.7,76.6,469.8,19.8,69.3,Haze,38.2,False,None,
URB-14946,LOC-02,Jayadev Vihar,20.301,85.8239,2026-08-15 05:52:47,74,0.27,36.0,82,34.7,64.9,444.5,17.7,67.3,Partly Cloudy,32.1,False,None,
URB-14947,LOC-03,Saheed Nagar,20.2872,85.8415,2026-08-15 06:01:47,110,0.4,30.2,110,45.7,89.0,474.7,17.5,69.2,Clear,45.1,False,None,
URB-14948,LOC-04,Khandagiri,20.2588,85.7836,2026-08-15 06:13:47,121,0.5,22.5,76,38.0,75.4,493.4,20.5,88.2,Rain,47.0,False,None,
URB-14949,LOC-05,Vani Vihar,20.2974,85.8364,2026-08-15 06:28:47,63,0.28,31.3,67,30.8,59.0,440.9,18.9,64.0,Haze,32.3,False,None,
URB-14950,LOC-06,Bhubaneswar Railway Station,20.2657,85.8436,2026-08-15 06:44:47,162,0.64,28.7,155,70.8,132.5,558.5,20.2,82.7,Fog,63.4,False,None,
URB-14951,LOC-07,Nandankanan Road,20.37,85.825,2026-08-15 06:57:47,143,0.49,27.3,111,53.1,103.7,536.2,20.2,65.9,Haze,50.4,False,None,
URB-14952,LOC-08,Kalarahanga Road,20.38,85.83,2026-08-15 07:21:47,130,0.5,29.6,64,34.0,61.0,525.7,21.8,83.5,Heavy Rain,41.4,False,None,
URB-14953,LOC-01,Patia Main Road,20.3533,85.8197,2026-08-15 07:28:47,184,0.78,20.9,121,51.7,96.8,551.0,20.6,65.5,Partly Cloudy,66.9,False,None,
URB-14954,LOC-02,Jayadev Vihar,20.301,85.8239,2026-08-15 07:44:47,224,0.83,14.6,158,70.4,122.7,591.5,20.7,64.0,Haze,78.5,False,None,
URB-14955,LOC-03,Saheed Nagar,20.2872,85.8415,2026-08-15 08:06:47,184,0.65,22.5,129,56.5,101.8,540.7,22.1,61.4,Partly Cloudy,62.3,False,None,
URB-14956,LOC-04,Khandagiri,20.2588,85.7836,2026-08-15 08:21:47,142,0.62,19.1,83,35.9,72.6,525.2,21.7,78.8,Heavy Rain,54.8,False,None,
URB-14957,LOC-05,Vani Vihar,20.2974,85.8364,2026-08-15 08:32:47,115,0.5,29.5,74,30.6,57.2,508.3,23.5,60.1,Partly Cloudy,43.2,False,None,
URB-14958,LOC-06,Bhubaneswar Railway Station,20.2657,85.8436,2026-08-15 08:43:47,250,0.98,18.9,146,69.6,124.1,617.1,20.1,65.9,Clear,80.3,False,None,
URB-14959,LOC-07,Nandankanan Road,20.37,85.825,2026-08-15 09:03:47,205,0.75,17.9,155,69.2,129.7,587.2,25.1,81.1,Fog,73.2,False,None,
URB-14960,LOC-08,Kalarahanga Road,20.38,85.83,2026-08-15 09:21:47,139,0.48,39.3,91,39.8,75.3,510.9,22.4,57.6,Clear,40.5,False,None,
URB-14961,LOC-01,Patia Main Road,20.3533,85.8197,2026-08-15 09:27:47,226,0.88,13.3,103,47.5,95.0,616.2,21.1,83.1,Heavy Rain,71.6,False,None,
URB-14962,LOC-02,Jayadev Vihar,20.301,85.8239,2026-08-15 09:44:47,218,0.97,11.1,107,53.3,100.7,608.1,21.6,79.8,Rain,77.0,False,None,
URB-14963,LOC-03,Saheed Nagar,20.2872,85.8415,2026-08-15 10:04:47,179,0.61,25.9,129,55.7,99.4,550.2,24.2,60.2,Partly Cloudy,59.0,False,None,
URB-14964,LOC-04,Khandagiri,20.2588,85.7836,2026-08-15 10:22:47,167,0.71,21.2,115,48.4,92.9,561.9,27.4,70.0,Fog,62.9,False,None,
URB-14965,LOC-05,Vani Vihar,20.2974,85.8364,2026-08-15 10:36:47,109,0.4,22.1,56,27.4,52.6,484.1,25.3,75.6,Rain,39.8,False,None,
URB-14966,LOC-06,Bhubaneswar Railway Station,20.2657,85.8436,2026-08-15 10:52:47,237,0.94,17.0,133,64.4,118.5,618.7,24.0,83.2,Heavy Rain,77.4,False,None,
URB-14967,LOC-07,Nandankanan Road,20.37,85.825,2026-08-15 11:01:47,178,0.63,24.5,101,48.8,94.7,560.2,25.3,54.9,Partly Cloudy,55.6,False,None,
URB-14968,LOC-08,Kalarahanga Road,20.38,85.83,2026-08-15 11:14:47,113,0.5,39.1,104,49.7,98.4,496.2,28.4,71.4,Fog,43.7,False,None,
URB-14969,LOC-01,Patia Main Road,20.3533,85.8197,2026-08-15 11:33:47,204,0.84,14.0,99,42.9,85.2,564.6,24.8,78.0,Heavy Rain,68.9,False,None,
URB-14970,LOC-02,Jayadev Vihar,20.301,85.8239,2026-08-15 11:42:47,357,0.99,18.1,130,61.8,120.0,565.6,27.0,55.2,Clear,73.1,True,Traffic Bottleneck,Sudden vehicular surge of 357 vehicles/min exceeding corridor capacity.
URB-14971,LOC-03,Saheed Nagar,20.2872,85.8415,2026-08-15 12:02:47,176,0.67,18.5,97,47.0,80.7,540.0,25.7,75.7,Heavy Rain,59.5,False,None,
URB-14972,LOC-04,Khandagiri,20.2588,85.7836,2026-08-15 12:13:47,126,0.56,25.3,119,53.9,96.1,519.1,29.3,73.6,Fog,55.6,False,None,
URB-14973,LOC-05,Vani Vihar,20.2974,85.8364,2026-08-15 12:33:47,90,0.36,30.2,80,35.0,65.4,470.5,29.3,71.2,Fog,38.3,False,None,
URB-14974,LOC-06,Bhubaneswar Railway Station,20.2657,85.8436,2026-08-15 12:47:47,194,0.69,35.5,120,51.8,103.0,561.7,27.0,52.4,Clear,55.8,False,None,
URB-14975,LOC-07,Nandankanan Road,20.37,85.825,2026-08-15 13:03:47,200,0.74,21.3,123,53.6,93.7,588.9,28.6,56.6,Partly Cloudy,65.5,False,None,
URB-14976,LOC-08,Kalarahanga Road,20.38,85.83,2026-08-15 13:13:47,129,0.54,32.0,71,28.6,46.9,495.3,29.6,67.3,Heavy Rain,43.0,False,None,
URB-14977,LOC-01,Patia Main Road,20.3533,85.8197,2026-08-15 13:28:47,179,0.63,22.7,125,58.5,106.6,572.1,27.9,50.8,Clear,60.7,False,None,
URB-14978,LOC-02,Jayadev Vihar,20.301,85.8239,2026-08-15 13:47:47,207,0.95,10.2,111,50.5,100.1,584.9,27.6,76.0,Heavy Rain,77.3,False,None,
URB-14979,LOC-03,Saheed Nagar,20.2872,85.8415,2026-08-15 14:01:47,155,0.65,26.0,114,51.3,90.4,547.6,27.1,50.9,Partly Cloudy,58.0,False,None,
URB-14980,LOC-04,Khandagiri,20.2588,85.7836,2026-08-15 14:19:47,133,0.6,23.7,91,45.1,78.5,523.8,26.9,50.6,Partly Cloudy,53.1,False,None,
URB-14981,LOC-05,Vani Vihar,20.2974,85.8364,2026-08-15 14:37:47,159,0.57,34.9,73,36.9,70.3,496.2,30.0,51.3,Partly Cloudy,35.9,True,Traffic Bottleneck,Sudden vehicular surge of 159 vehicles/min exceeding corridor capacity.
URB-14982,LOC-06,Bhubaneswar Railway Station,20.2657,85.8436,2026-08-15 14:43:47,187,0.71,29.8,129,57.0,102.2,569.9,28.0,53.4,Clear,61.1,False,None,
URB-14983,LOC-07,Nandankanan Road,20.37,85.825,2026-08-15 15:03:47,164,0.57,20.9,124,59.5,108.9,533.0,28.7,53.4,Haze,59.1,False,None,
URB-14984,LOC-08,Kalarahanga Road,20.38,85.83,2026-08-15 15:16:47,118,0.44,43.4,74,34.7,68.1,510.9,27.4,50.6,Partly Cloudy,33.9,False,None,
URB-14985,LOC-01,Patia Main Road,20.3533,85.8197,2026-08-15 15:33:47,170,0.7,15.9,102,51.1,96.7,564.3,29.2,66.2,Heavy Rain,62.9,False,None,
URB-14986,LOC-02,Jayadev Vihar,20.301,85.8239,2026-08-15 15:51:47,226,0.8,18.2,141,62.4,108.2,582.3,29.2,49.9,Partly Cloudy,72.6,False,None,
URB-14987,LOC-03,Saheed Nagar,20.2872,85.8415,2026-08-15 16:06:47,166,0.57,18.5,113,55.9,106.8,546.9,26.1,73.6,Heavy Rain,58.3,False,None,
URB-14988,LOC-04,Khandagiri,20.2588,85.7836,2026-08-15 16:19:47,145,0.57,20.9,86,42.2,75.9,508.2,25.9,71.3,Heavy Rain,52.4,False,None,
URB-14989,LOC-05,Vani Vihar,20.2974,85.8364,2026-08-15 16:27:47,83,0.29,23.4,50,19.5,41.3,466.9,27.7,76.6,Rain,33.7,False,None,
URB-14990,LOC-06,Bhubaneswar Railway Station,20.2657,85.8436,2026-08-15 16:44:47,231,0.85,24.6,148,63.4,118.1,583.9,29.3,49.0,Clear,72.6,False,None,
URB-14991,LOC-07,Nandankanan Road,20.37,85.825,2026-08-15 17:04:47,203,0.81,13.4,90,43.7,80.5,584.5,24.9,77.1,Heavy Rain,66.5,False,None,
URB-14992,LOC-08,Kalarahanga Road,20.38,85.83,2026-08-15 17:13:47,116,0.5,35.9,107,47.7,92.0,498.1,26.6,55.2,Haze,45.8,False,None,
URB-14993,LOC-01,Patia Main Road,20.3533,85.8197,2026-08-15 17:32:47,199,0.75,20.3,113,50.0,86.6,566.8,26.9,55.8,Partly Cloudy,64.6,False,None,
URB-14994,LOC-02,Jayadev Vihar,20.301,85.8239,2026-08-15 17:48:47,229,0.93,14.5,125,59.8,113.6,592.6,23.8,59.7,Clear,76.8,False,None,
URB-14995,LOC-03,Saheed Nagar,20.2872,85.8415,2026-08-15 18:01:47,153,0.69,19.0,131,63.6,115.2,518.9,26.2,59.6,Haze,66.0,False,None,
URB-14996,LOC-04,Khandagiri,20.2588,85.7836,2026-08-15 18:19:47,163,0.67,15.7,83,42.0,73.6,534.8,24.3,73.7,Rain,58.5,False,None,
URB-14997,LOC-05,Vani Vihar,20.2974,85.8364,2026-08-15 18:31:47,92,0.31,24.5,59,26.0,49.0,486.1,25.7,81.1,Rain,35.5,False,None,
URB-14998,LOC-06,Bhubaneswar Railway Station,20.2657,85.8436,2026-08-15 18:46:47,217,0.87,16.7,105,46.4,83.9,592.4,27.2,73.2,Heavy Rain,69.8,False,None,
URB-14999,LOC-07,Nandankanan Road,20.37,85.825,2026-08-15 19:00:47,176,0.6,18.6,80,34.8,70.9,547.9,24.2,80.5,Rain,53.7,False,None,
URB-15000,LOC-08,Kalarahanga Road,20.38,85.83,2026-08-15 19:12:47,135,0.53,38.8,78,31.4,56.7,518.3,22.5,57.8,Partly Cloudy,40.5,False,None,
URB-15001,LOC-01,Patia Main Road,20.3533,85.8197,2026-08-15 19:35:47,221,0.97,15.3,137,64.0,113.4,585.4,21.2,61.8,Clear,80.1,False,None,
URB-15002,LOC-02,Jayadev Vihar,20.301,85.8239,2026-08-15 19:48:47,282,0.98,10.4,122,55.4,97.6,645.4,25.4,75.6,Heavy Rain,80.3,False,None,
URB-15003,LOC-03,Saheed Nagar,20.2872,85.8415,2026-08-15 19:57:47,168,0.7,15.5,108,50.9,98.4,566.2,25.1,74.3,Rain,64.2,False,None,
URB-15004,LOC-04,Khandagiri,20.2588,85.7836,2026-08-15 20:14:47,96,0.33,27.2,93,39.8,77.5,488.7,24.5,55.4,Haze,40.9,False,None,
URB-15005,LOC-05,Vani Vihar,20.2974,85.8364,2026-08-15 20:35:47,83,0.38,34.6,66,34.3,67.1,481.0,22.3,64.4,Clear,34.5,False,None,
URB-15006,LOC-06,Bhubaneswar Railway Station,20.2657,85.8436,2026-08-15 20:49:47,176,0.69,32.8,109,47.0,80.9,550.6,22.8,58.8,Clear,55.3,False,None,
URB-15007,LOC-07,Nandankanan Road,20.37,85.825,2026-08-15 21:06:47,125,0.56,21.2,114,48.4,95.8,494.7,18.6,85.0,Fog,56.8,False,None,
URB-15008,LOC-08,Kalarahanga Road,20.38,85.83,2026-08-15 21:16:47,112,0.41,45.2,81,37.6,66.9,500.7,21.0,61.2,Partly Cloudy,33.1,False,None,
URB-15009,LOC-01,Patia Main Road,20.3533,85.8197,2026-08-15 21:30:47,139,0.53,20.4,85,37.9,67.4,503.7,22.5,84.0,Heavy Rain,50.9,False,None,
URB-15010,LOC-02,Jayadev Vihar,20.301,85.8239,2026-08-15 21:42:47,164,0.72,20.2,106,49.1,97.0,523.0,22.5,62.3,Clear,62.2,False,None,
URB-15011,LOC-03,Saheed Nagar,20.2872,85.8415,2026-08-15 21:58:47,118,0.45,23.0,91,45.2,90.3,495.7,18.2,83.7,Heavy Rain,47.4,False,None,
URB-15012,LOC-04,Khandagiri,20.2588,85.7836,2026-08-15 22:22:47,53,0.19,26.2,50,23.3,47.5,454.4,17.2,87.3,Heavy Rain,28.2,False,None,
URB-15013,LOC-05,Vani Vihar,20.2974,85.8364,2026-08-15 22:37:47,26,0.09,32.5,62,30.1,52.2,423.7,17.4,72.6,Haze,23.2,False,None,
URB-15014,LOC-06,Bhubaneswar Railway Station,20.2657,85.8436,2026-08-15 22:51:47,62,0.28,37.8,61,26.8,46.5,445.2,18.5,83.6,Heavy Rain,28.0,False,None,
URB-15015,LOC-07,Nandankanan Road,20.37,85.825,2026-08-15 23:06:47,47,0.2,38.2,66,30.7,64.6,457.0,17.3,67.9,Clear,25.4,False,None,
URB-15016,LOC-08,Kalarahanga Road,20.38,85.83,2026-08-15 23:16:47,40,0.14,45.5,59,25.1,40.5,441.4,19.3,81.4,Fog,18.4,False,None,
URB-15017,LOC-01,Patia Main Road,20.3533,85.8197,2026-08-15 23:29:47,63,0.27,25.7,61,33.2,61.8,447.6,19.7,84.2,Heavy Rain,33.6,False,None,
URB-15018,LOC-02,Jayadev Vihar,20.301,85.8239,2026-08-15 23:46:47,64,0.27,35.1,69,34.9,61.6,444.1,15.7,76.2,Clear,30.3,False,None,
URB-15019,LOC-03,Saheed Nagar,20.2872,85.8415,2026-08-16 00:07:47,46,0.2,36.8,81,39.7,79.2,442.8,18.7,71.8,Partly Cloudy,28.8,False,None,
URB-15020,LOC-04,Khandagiri,20.2588,85.7836,2026-08-16 00:15:47,46,0.18,29.1,53,26.1,55.5,437.4,15.8,92.2,Heavy Rain,26.9,False,None,
URB-15021,LOC-05,Vani Vihar,20.2974,85.8364,2026-08-16 00:28:47,26,0.12,36.4,54,23.4,46.8,425.9,14.9,76.4,Haze,21.1,False,None,
URB-15022,LOC-06,Bhubaneswar Railway Station,20.2657,85.8436,2026-08-16 00:42:47,67,0.3,41.1,90,45.0,83.7,471.0,17.3,89.3,Fog,32.2,False,None,
URB-15023,LOC-07,Nandankanan Road,20.37,85.825,2026-08-16 00:59:47,58,0.25,31.5,74,38.4,78.3,438.9,16.5,91.9,Fog,32.2,False,None,
URB-15024,LOC-08,Kalarahanga Road,20.38,85.83,2026-08-16 01:15:47,36,0.13,47.8,58,22.2,49.2,424.7,15.4,68.1,Haze,17.8,False,None,
URB-15025,LOC-01,Patia Main Road,20.3533,85.8197,2026-08-16 01:29:47,55,0.24,32.0,86,35.4,61.7,438.5,17.5,67.3,Haze,33.6,False,None,
URB-15026,LOC-02,Jayadev Vihar,20.301,85.8239,2026-08-16 01:50:47,73,0.25,32.5,96,39.9,76.7,479.9,14.9,90.0,Fog,35.5,False,None,
URB-15027,LOC-03,Saheed Nagar,20.2872,85.8415,2026-08-16 01:59:47,50,0.19,40.4,81,37.9,64.8,431.4,16.0,68.1,Partly Cloudy,26.6,False,None,
URB-15028,LOC-04,Khandagiri,20.2588,85.7836,2026-08-16 02:13:47,42,0.15,34.0,67,28.9,61.2,446.8,14.4,73.5,Haze,25.7,False,None,
URB-15029,LOC-05,Vani Vihar,20.2974,85.8364,2026-08-16 02:34:47,32,0.13,32.3,45,23.8,41.3,434.1,17.8,84.5,Rain,21.9,False,None,
URB-15030,LOC-06,Bhubaneswar Railway Station,20.2657,85.8436,2026-08-16 02:42:47,65,0.28,49.8,72,36.7,72.1,453.8,15.5,71.2,Clear,26.3,False,None,
URB-15031,LOC-07,Nandankanan Road,20.37,85.825,2026-08-16 03:03:47,54,0.23,25.0,48,25.3,47.1,441.1,17.6,87.5,Rain,30.1,False,None,
URB-15032,LOC-08,Kalarahanga Road,20.38,85.83,2026-08-16 03:19:47,36,0.14,62.6,54,30.1,59.5,442.6,14.6,74.9,Clear,17.6,False,None,
URB-15033,LOC-01,Patia Main Road,20.3533,85.8197,2026-08-16 03:30:47,65,0.28,34.9,65,31.9,64.1,448.9,17.7,72.2,Clear,30.1,False,None,
URB-15034,LOC-02,Jayadev Vihar,20.301,85.8239,2026-08-16 03:42:47,75,0.32,35.0,75,31.3,63.1,474.8,13.8,75.9,Clear,33.4,False,None,
URB-15035,LOC-03,Saheed Nagar,20.2872,85.8415,2026-08-16 04:06:47,57,0.24,27.4,78,35.4,69.8,460.7,17.4,89.8,Heavy Rain,34.5,False,None,
URB-15036,LOC-04,Khandagiri,20.2588,85.7836,2026-08-16 04:15:47,40,0.18,35.6,59,25.9,55.2,444.9,18.9,66.2,Clear,24.7,False,None,
URB-15037,LOC-05,Vani Vihar,20.2974,85.8364,2026-08-16 04:37:47,29,0.12,40.6,46,21.0,40.2,413.9,16.7,71.7,Clear,17.6,False,None,
URB-15038,LOC-06,Bhubaneswar Railway Station,20.2657,85.8436,2026-08-16 04:50:47,59,0.23,36.7,63,30.9,56.1,436.2,17.1,93.7,Rain,26.9,False,None,
URB-15039,LOC-07,Nandankanan Road,20.37,85.825,2026-08-16 04:57:47,64,0.24,40.6,58,27.2,52.7,469.9,14.7,71.6,Clear,24.4,False,None,
URB-15040,LOC-08,Kalarahanga Road,20.38,85.83,2026-08-16 05:13:47,40,0.14,48.6,68,28.6,54.1,442.3,19.5,90.6,Fog,20.0,False,None,
URB-15041,LOC-01,Patia Main Road,20.3533,85.8197,2026-08-16 05:32:47,68,0.28,35.5,176,71.4,60.9,452.7,17.1,70.9,Clear,31.8,True,Air Quality Hazard,"Hazardous particulate spike (AQI 176, PM2.5 71.4 µg/m³) detected near Patia Main Road."
URB-15042,LOC-02,Jayadev Vihar,20.301,85.8239,2026-08-16 05:43:47,82,0.31,33.0,85,40.1,72.3,464.2,16.2,72.2,Partly Cloudy,35.8,False,None,
URB-15043,LOC-03,Saheed Nagar,20.2872,85.8415,2026-08-16 06:00:47,136,0.6,22.0,134,62.6,110.2,499.2,18.6,71.9,Haze,61.5,False,None,
URB-15044,LOC-04,Khandagiri,20.2588,85.7836,2026-08-16 06:22:47,100,0.4,32.0,68,32.0,66.1,502.4,19.6,70.2,Clear,36.9,False,None,
URB-15045,LOC-05,Vani Vihar,20.2974,85.8364,2026-08-16 06:33:47,68,0.28,38.9,66,35.3,60.8,471.3,20.2,63.9,Clear,28.3,False,None,
URB-15046,LOC-06,Bhubaneswar Railway Station,20.2657,85.8436,2026-08-16 06:51:47,157,0.62,29.2,136,59.0,107.9,550.6,20.1,65.3,Haze,59.0,False,None,
URB-15047,LOC-07,Nandankanan Road,20.37,85.825,2026-08-16 06:59:47,136,0.54,30.6,93,40.0,67.2,532.6,19.7,64.1,Clear,47.6,False,None,
URB-15048,LOC-08,Kalarahanga Road,20.38,85.83,2026-08-16 07:22:47,128,0.47,47.8,89,41.2,69.2,523.2,22.4,65.9,Partly Cloudy,36.9,False,None,
URB-15049,LOC-01,Patia Main Road,20.3533,85.8197,2026-08-16 07:29:47,194,0.69,19.5,143,61.8,110.7,585.1,19.3,86.8,Fog,67.9,False,None,
URB-15050,LOC-02,Jayadev Vihar,20.301,85.8239,2026-08-16 07:51:47,282,0.98,13.9,156,74.0,128.6,666.7,22.8,60.3,Clear,84.5,False,None,
URB-15051,LOC-03,Saheed Nagar,20.2872,85.8415,2026-08-16 08:04:47,146,0.62,25.6,118,54.7,106.4,527.9,23.1,65.2,Partly Cloudy,57.7,False,None,
URB-15052,LOC-04,Khandagiri,20.2588,85.7836,2026-08-16 08:20:47,151,0.67,16.6,88,38.4,65.4,517.6,23.2,82.1,Heavy Rain,58.9,False,None,
URB-15053,LOC-05,Vani Vihar,20.2974,85.8364,2026-08-16 08:29:47,102,0.45,24.1,98,48.3,82.5,502.6,24.5,78.0,Fog,48.1,False,None,
URB-15054,LOC-06,Bhubaneswar Railway Station,20.2657,85.8436,2026-08-16 08:47:47,241,0.86,19.9,176,76.4,140.7,615.5,20.6,66.0,Haze,80.2,False,None,
URB-15055,LOC-07,Nandankanan Road,20.37,85.825,2026-08-16 09:01:47,158,0.62,24.5,87,38.5,79.2,538.8,23.8,56.5,Partly Cloudy,52.8,False,None,
URB-15056,LOC-08,Kalarahanga Road,20.38,85.83,2026-08-16 09:20:47,148,0.62,38.2,88,41.1,77.9,532.2,25.1,56.3,Partly Cloudy,46.1,False,None,
URB-15057,LOC-01,Patia Main Road,20.3533,85.8197,2026-08-16 09:35:47,225,0.98,11.8,147,70.1,127.2,595.1,23.8,75.9,Fog,84.0,False,None,
URB-15058,LOC-02,Jayadev Vihar,20.301,85.8239,2026-08-16 09:44:47,205,0.8,15.6,110,50.4,87.8,563.2,24.5,81.7,Rain,68.5,False,None,
URB-15059,LOC-03,Saheed Nagar,20.2872,85.8415,2026-08-16 10:05:47,192,0.72,17.3,152,67.8,118.3,587.2,24.7,73.8,Fog,71.8,False,None,
URB-15060,LOC-04,Khandagiri,20.2588,85.7836,2026-08-16 10:12:47,129,0.54,29.1,91,37.5,68.5,530.8,26.7,51.0,Clear,48.0,False,None,
URB-15061,LOC-05,Vani Vihar,20.2974,85.8364,2026-08-16 10:27:47,192,0.62,27.5,90,39.2,68.3,502.8,24.5,75.1,Fog,44.2,True,Traffic Bottleneck,Sudden vehicular surge of 192 vehicles/min exceeding corridor capacity.
URB-15062,LOC-06,Bhubaneswar Railway Station,20.2657,85.8436,2026-08-16 10:48:47,182,0.69,35.7,112,50.0,98.5,575.5,23.2,57.8,Partly Cloudy,54.4,False,None,
URB-15063,LOC-07,Nandankanan Road,20.37,85.825,2026-08-16 11:07:47,198,0.88,12.9,100,48.1,89.0,564.6,28.5,75.3,Rain,71.2,False,None,
URB-15064,LOC-08,Kalarahanga Road,20.38,85.83,2026-08-16 11:19:47,136,0.57,35.7,96,42.3,77.0,531.9,26.6,50.5,Partly Cloudy,81.7,True,Multi-Vector Urban Risk,Combined extreme congestion (56%) and high particulate pollution.
URB-15065,LOC-01,Patia Main Road,20.3533,85.8197,2026-08-16 11:31:47,218,0.87,12.9,99,42.0,80.0,574.2,25.9,75.9,Rain,70.7,False,None,
URB-15066,LOC-02,Jayadev Vihar,20.301,85.8239,2026-08-16 11:43:47,218,0.86,18.1,124,54.9,95.8,574.3,24.9,57.0,Clear,72.0,False,None,
URB-15067,LOC-03,Saheed Nagar,20.2872,85.8415,2026-08-16 12:04:47,151,0.66,25.9,109,47.7,85.3,522.6,27.0,58.0,Clear,57.5,False,None,
URB-15068,LOC-04,Khandagiri,20.2588,85.7836,2026-08-16 12:22:47,154,0.63,16.8,85,38.5,77.6,518.7,28.2,75.7,Rain,56.7,False,None,
URB-15069,LOC-05,Vani Vihar,20.2974,85.8364,2026-08-16 12:27:47,107,0.48,22.4,58,24.9,52.3,485.7,25.5,72.9,Rain,43.1,False,None,
URB-15070,LOC-06,Bhubaneswar Railway Station,20.2657,85.8436,2026-08-16 12:47:47,200,0.9,16.3,97,47.0,80.3,574.2,28.8,67.2,Heavy Rain,69.8,False,None,
URB-15071,LOC-07,Nandankanan Road,20.37,85.825,2026-08-16 13:02:47,171,0.7,17.2,85,37.8,67.2,553.7,28.3,70.7,Heavy Rain,59.3,False,None,
URB-15072,LOC-08,Kalarahanga Road,20.38,85.83,2026-08-16 13:19:47,119,0.47,29.9,68,30.5,58.7,505.1,25.8,74.3,Heavy Rain,40.8,False,None,
URB-15073,LOC-01,Patia Main Road,20.3533,85.8197,2026-08-16 13:31:47,183,0.69,21.6,108,51.6,101.0,544.1,30.3,47.1,Clear,60.7,False,None,
URB-15074,LOC-02,Jayadev Vihar,20.301,85.8239,2026-08-16 13:46:47,247,0.88,14.4,164,76.0,144.3,597.8,26.7,55.1,Haze,81.7,False,None,
URB-15075,LOC-03,Saheed Nagar,20.2872,85.8415,2026-08-16 14:05:47,184,0.84,17.4,115,53.7,92.9,555.2,29.3,50.1,Clear,70.0,False,None,
URB-15076,LOC-04,Khandagiri,20.2588,85.7836,2026-08-16 14:19:47,139,0.58,19.5,70,30.1,49.4,501.4,27.1,79.3,Heavy Rain,50.7,False,None,
URB-15077,LOC-05,Vani Vihar,20.2974,85.8364,2026-08-16 14:32:47,111,0.46,27.8,83,37.1,64.9,512.2,26.6,53.3,Clear,44.0,False,None,
URB-15078,LOC-06,Bhubaneswar Railway Station,20.2657,85.8436,2026-08-16 14:46:47,186,0.79,31.3,107,50.9,91.6,549.4,29.1,53.2,Clear,59.7,False,None,
URB-15079,LOC-07,Nandankanan Road,20.37,85.825,2026-08-16 15:00:47,158,0.68,25.2,100,50.1,90.7,531.6,29.8,48.9,Clear,57.1,False,None,
URB-15080,LOC-08,Kalarahanga Road,20.38,85.83,2026-08-16 15:16:47,128,0.5,41.7,89,37.2,63.3,503.7,29.8,47.5,Clear,39.7,False,None,
URB-15081,LOC-01,Patia Main Road,20.3533,85.8197,2026-08-16 15:27:47,177,0.61,24.5,99,43.4,87.8,562.1,26.3,52.5,Partly Cloudy,54.5,False,None,
URB-15082,LOC-02,Jayadev Vihar,20.301,85.8239,2026-08-16 15:51:47,234,0.84,16.9,150,64.7,112.4,602.3,25.7,59.8,Clear,76.4,False,None,
URB-15083,LOC-03,Saheed Nagar,20.2872,85.8415,2026-08-16 16:01:47,180,0.82,13.5,98,42.2,83.5,541.7,25.9,71.3,Heavy Rain,68.2,False,None,
URB-15084,LOC-04,Khandagiri,20.2588,85.7836,2026-08-16 16:17:47,172,0.66,24.8,93,38.9,66.8,553.8,29.3,48.3,Clear,55.3,False,None,
URB-15085,LOC-05,Vani Vihar,20.2974,85.8364,2026-08-16 16:28:47,113,0.41,25.6,86,40.7,82.7,505.0,26.6,57.1,Haze,43.6,False,None,
URB-15086,LOC-06,Bhubaneswar Railway Station,20.2657,85.8436,2026-08-16 16:48:47,191,0.7,31.7,111,55.4,101.0,581.3,24.8,56.6,Partly Cloudy,56.6,False,None,
URB-15087,LOC-07,Nandankanan Road,20.37,85.825,2026-08-16 16:59:47,178,0.98,6.4,98,42.1,84.4,557.5,26.0,55.5,Clear,65.8,True,Severe Gridlock,Critical speed drop to 6.4 km/h indicating major arterial blockade.
URB-15088,LOC-08,Kalarahanga Road,20.38,85.83,2026-08-16 17:20:47,148,0.65,33.2,88,41.8,71.2,517.6,28.5,49.7,Clear,49.8,False,None,
URB-15089,LOC-01,Patia Main Road,20.3533,85.8197,2026-08-16 17:28:47,178,0.61,22.6,132,60.5,107.5,550.7,26.4,73.8,Fog,61.2,False,None,
URB-15090,LOC-02,Jayadev Vihar,20.301,85.8239,2026-08-16 17:48:47,217,0.97,15.0,124,56.6,100.0,601.0,26.2,50.7,Clear,78.0,False,None,
URB-15091,LOC-03,Saheed Nagar,20.2872,85.8415,2026-08-16 18:06:47,175,0.62,24.2,135,60.6,110.1,559.8,25.1,56.2,Clear,61.3,False,None,
URB-15092,LOC-04,Khandagiri,20.2588,85.7836,2026-08-16 18:15:47,165,0.71,20.0,118,54.0,94.0,539.4,23.5,80.5,Fog,64.0,False,None,
URB-15093,LOC-05,Vani Vihar,20.2974,85.8364,2026-08-16 18:28:47,89,0.38,24.3,58,23.7,44.3,487.0,23.5,80.9,Rain,38.2,False,None,
URB-15094,LOC-06,Bhubaneswar Railway Station,20.2657,85.8436,2026-08-16 18:44:47,253,0.9,19.8,175,77.7,137.5,619.4,26.2,78.3,Fog,81.7,False,None,
URB-15095,LOC-07,Nandankanan Road,20.37,85.825,2026-08-16 19:01:47,186,0.84,13.0,92,46.7,88.3,564.1,22.1,80.2,Rain,68.2,False,None,
URB-15096,LOC-08,Kalarahanga Road,20.38,85.83,2026-08-16 19:14:47,145,0.54,27.0,77,32.8,62.9,541.1,24.9,76.7,Rain,46.6,False,None,
URB-15097,LOC-01,Patia Main Road,20.3533,85.8197,2026-08-16 19:30:47,235,0.98,12.3,150,70.5,125.4,587.6,24.6,61.8,Haze,84.3,False,None,
URB-15098,LOC-02,Jayadev Vihar,20.301,85.8239,2026-08-16 19:44:47,230,0.98,12.6,157,70.2,132.1,609.5,23.4,78.4,Fog,85.4,False,None,
URB-15099,LOC-03,Saheed Nagar,20.2872,85.8415,2026-08-16 19:57:47,186,0.78,21.8,125,54.1,101.3,564.1,23.6,62.9,Partly Cloudy,67.2,False,None,
URB-15100,LOC-04,Khandagiri,20.2588,85.7836,2026-08-16 20:16:47,98,0.41,27.9,94,48.2,83.7,479.7,21.1,87.4,Fog,43.9,False,None,
URB-15101,LOC-05,Vani Vihar,20.2974,85.8364,2026-08-16 20:36:47,79,0.33,32.1,85,36.5,65.2,451.0,23.2,57.8,Haze,37.0,False,None,
URB-15102,LOC-06,Bhubaneswar Railway Station,20.2657,85.8436,2026-08-16 20:49:47,169,0.6,37.7,227,95.3,88.4,538.4,21.1,65.7,Partly Cloudy,48.4,True,Air Quality Hazard,"Hazardous particulate spike (AQI 227, PM2.5 95.3 µg/m³) detected near Bhubaneswar Railway Station."
URB-15103,LOC-07,Nandankanan Road,20.37,85.825,2026-08-16 21:00:47,148,0.64,22.9,86,41.3,73.2,534.2,19.7,69.0,Clear,54.2,False,None,
URB-15104,LOC-08,Kalarahanga Road,20.38,85.83,2026-08-16 21:14:47,111,0.46,31.8,59,24.3,46.9,476.1,19.8,86.4,Heavy Rain,37.8,False,None,
URB-15105,LOC-01,Patia Main Road,20.3533,85.8197,2026-08-16 21:36:47,136,0.48,22.9,85,37.3,68.8,537.1,22.5,83.8,Rain,47.6,False,None,
URB-15106,LOC-02,Jayadev Vihar,20.301,85.8239,2026-08-16 21:48:47,198,0.77,16.3,145,61.7,108.5,573.3,21.9,61.8,Haze,73.0,False,None,
URB-15107,LOC-03,Saheed Nagar,20.2872,85.8415,2026-08-16 21:58:47,139,0.53,23.5,125,61.5,120.4,520.5,18.5,71.8,Haze,56.3,False,None,
URB-15108,LOC-04,Khandagiri,20.2588,85.7836,2026-08-16 22:20:47,51,0.23,41.0,61,24.3,50.6,446.1,18.7,71.8,Clear,24.4,False,None,
URB-15109,LOC-05,Vani Vihar,20.2974,85.8364,2026-08-16 22:37:47,31,0.13,28.7,39,15.9,35.1,413.5,18.3,87.6,Heavy Rain,22.7,False,None,
URB-15110,LOC-06,Bhubaneswar Railway Station,20.2657,85.8436,2026-08-16 22:51:47,71,0.4,16.6,105,49.4,91.2,469.9,18.3,71.0,Haze,33.3,True,Severe Gridlock,Critical speed drop to 16.6 km/h indicating major arterial blockade.
URB-15111,LOC-07,Nandankanan Road,20.37,85.825,2026-08-16 23:07:47,63,0.24,32.2,74,29.7,52.9,444.5,16.8,87.6,Fog,31.4,False,None,
URB-15112,LOC-08,Kalarahanga Road,20.38,85.83,2026-08-16 23:19:47,44,0.2,56.8,56,25.2,43.9,422.0,17.8,70.2,Partly Cloudy,20.3,False,None,
URB-15113,LOC-01,Patia Main Road,20.3533,85.8197,2026-08-16 23:37:47,58,0.2,33.8,90,40.9,77.7,457.1,16.0,66.5,Haze,31.9,False,None,
URB-15114,LOC-02,Jayadev Vihar,20.301,85.8239,2026-08-16 23:47:47,84,0.33,24.6,63,32.9,56.1,455.9,19.7,86.9,Rain,36.9,False,None,
URB-15115,LOC-03,Saheed Nagar,20.2872,85.8415,2026-08-17 00:03:47,60,0.24,33.7,108,47.0,79.8,458.6,15.3,69.9,Haze,36.6,False,None,
URB-15116,LOC-04,Khandagiri,20.2588,85.7836,2026-08-17 00:15:47,45,0.19,30.7,71,37.3,66.0,440.6,16.6,86.3,Fog,29.7,False,None,
URB-15117,LOC-05,Vani Vihar,20.2974,85.8364,2026-08-17 00:32:47,35,0.12,42.3,48,24.0,44.1,422.8,17.0,66.3,Partly Cloudy,17.1,False,None,
URB-15118,LOC-06,Bhubaneswar Railway Station,20.2657,85.8436,2026-08-17 00:44:47,62,0.24,35.1,73,38.3,72.3,465.9,14.8,95.4,Heavy Rain,29.8,False,None,
URB-15119,LOC-07,Nandankanan Road,20.37,85.825,2026-08-17 01:04:47,64,0.25,37.0,67,28.7,46.9,456.2,15.1,74.8,Clear,28.2,False,None,
URB-15120,LOC-08,Kalarahanga Road,20.38,85.83,2026-08-17 01:12:47,39,0.15,53.9,67,36.1,69.6,450.0,14.0,98.0,Fog,20.2,False,None,
URB-15121,LOC-01,Patia Main Road,20.3533,85.8197,2026-08-17 01:30:47,74,0.26,25.6,70,33.8,67.7,475.5,16.8,86.6,Rain,34.8,False,None,
URB-15122,LOC-02,Jayadev Vihar,20.301,85.8239,2026-08-17 01:50:47,81,0.28,29.9,101,48.0,84.8,450.5,14.8,68.1,Haze,38.9,False,None,
URB-15123,LOC-03,Saheed Nagar,20.2872,85.8415,2026-08-17 01:58:47,58,0.24,36.1,78,39.9,81.5,454.7,17.8,66.8,Clear,30.2,False,None,
URB-15124,LOC-04,Khandagiri,20.2588,85.7836,2026-08-17 02:17:47,51,0.21,37.8,65,33.8,63.2,448.4,18.2,70.5,Clear,25.9,False,None,
URB-15125,LOC-05,Vani Vihar,20.2974,85.8364,2026-08-17 02:33:47,33,0.11,32.1,36,15.6,36.2,439.7,15.4,87.0,Heavy Rain,19.6,False,None,
URB-15126,LOC-06,Bhubaneswar Railway Station,20.2657,85.8436,2026-08-17 02:46:47,112,0.32,52.0,84,40.4,78.6,454.7,14.9,75.9,Clear,26.0,True,Traffic Bottleneck,Sudden vehicular surge of 112 vehicles/min exceeding corridor capacity.
URB-15127,LOC-07,Nandankanan Road,20.37,85.825,2026-08-17 03:01:47,65,0.3,38.3,61,24.9,44.2,466.2,15.3,68.1,Partly Cloudy,28.5,False,None,
URB-15128,LOC-08,Kalarahanga Road,20.38,85.83,2026-08-17 03:22:47,34,0.13,44.3,46,24.9,41.4,408.3,18.4,83.2,Rain,16.1,False,None,
URB-15129,LOC-01,Patia Main Road,20.3533,85.8197,2026-08-17 03:35:47,56,0.25,30.7,86,40.1,79.9,453.2,15.3,93.4,Fog,34.7,False,None,
URB-15130,LOC-02,Jayadev Vihar,20.301,85.8239,2026-08-17 03:51:47,82,0.33,24.5,71,31.2,57.2,477.4,15.8,95.4,Heavy Rain,38.4,False,None,
URB-15131,LOC-03,Saheed Nagar,20.2872,85.8415,2026-08-17 04:01:47,45,0.19,26.5,69,30.4,51.3,418.7,16.2,91.4,Heavy Rain,31.4,False,None,
URB-15132,LOC-04,Khandagiri,20.2588,85.7836,2026-08-17 04:15:47,50,0.22,34.4,77,30.7,60.0,459.2,18.2,88.8,Fog,30.1,False,None,
URB-15133,LOC-05,Vani Vihar,20.2974,85.8364,2026-08-17 04:32:47,34,0.14,27.8,44,18.1,34.8,431.6,14.6,96.2,Heavy Rain,24.4,False,None,
URB-15134,LOC-06,Bhubaneswar Railway Station,20.2657,85.8436,2026-08-17 04:43:47,71,0.31,39.7,70,27.6,45.8,440.2,19.3,90.4,Rain,29.8,False,None,
URB-15135,LOC-07,Nandankanan Road,20.37,85.825,2026-08-17 05:00:47,55,0.23,24.8,56,26.6,53.3,444.9,19.2,90.2,Heavy Rain,31.6,False,None,
URB-15136,LOC-08,Kalarahanga Road,20.38,85.83,2026-08-17 05:19:47,33,0.12,48.4,65,27.8,49.8,404.8,18.5,84.9,Fog,18.7,False,None,
URB-15137,LOC-01,Patia Main Road,20.3533,85.8197,2026-08-17 05:37:47,61,0.31,12.0,76,31.0,64.0,463.0,18.7,67.6,Partly Cloudy,30.7,True,Severe Gridlock,Critical speed drop to 12.0 km/h indicating major arterial blockade.
URB-15138,LOC-02,Jayadev Vihar,20.301,85.8239,2026-08-17 05:47:47,80,0.35,28.3,92,40.8,69.8,482.9,17.9,72.5,Haze,41.0,False,None,
URB-15139,LOC-03,Saheed Nagar,20.2872,85.8415,2026-08-17 05:59:47,60,0.2,29.6,112,55.6,104.7,450.3,17.8,70.8,Haze,37.8,False,None,
URB-15140,LOC-04,Khandagiri,20.2588,85.7836,2026-08-17 06:13:47,103,0.46,20.5,64,30.6,61.0,474.9,18.3,92.0,Rain,44.4,False,None,
URB-15141,LOC-05,Vani Vihar,20.2974,85.8364,2026-08-17 06:31:47,67,0.25,31.9,68,30.8,64.3,464.2,20.1,84.8,Fog,30.9,False,None,
URB-15142,LOC-06,Bhubaneswar Railway Station,20.2657,85.8436,2026-08-17 06:43:47,175,0.72,24.9,133,63.8,122.1,550.4,18.9,84.1,Fog,64.6,False,None,
URB-15143,LOC-07,Nandankanan Road,20.37,85.825,2026-08-17 07:00:47,315,0.98,11.0,117,58.6,110.5,667.3,19.6,86.0,Heavy Rain,79.2,False,None,
URB-15144,LOC-08,Kalarahanga Road,20.38,85.83,2026-08-17 07:21:47,156,0.53,28.1,74,33.9,65.4,548.2,22.3,81.3,Rain,45.1,False,None,
URB-15145,LOC-01,Patia Main Road,20.3533,85.8197,2026-08-17 07:35:47,353,0.98,13.1,190,85.3,160.1,698.5,21.7,84.9,Fog,90.9,False,None,
URB-15146,LOC-02,Jayadev Vihar,20.301,85.8239,2026-08-17 07:47:47,413,0.98,11.7,242,112.6,201.5,759.4,21.2,65.1,Haze,93.3,False,None,
URB-15147,LOC-03,Saheed Nagar,20.2872,85.8415,2026-08-17 08:04:47,245,0.98,10.0,121,54.4,93.4,624.1,20.2,83.4,Heavy Rain,80.4,False,None,
URB-15148,LOC-04,Khandagiri,20.2588,85.7836,2026-08-17 08:19:47,195,0.81,18.4,110,49.1,85.1,580.6,22.0,58.3,Clear,67.5,False,None,
URB-15149,LOC-05,Vani Vihar,20.2974,85.8364,2026-08-17 08:33:47,166,0.74,18.2,121,57.3,105.3,548.5,22.9,59.5,Haze,66.7,False,None,
URB-15150,LOC-06,Bhubaneswar Railway Station,20.2657,85.8436,2026-08-17 08:50:47,361,0.98,16.5,216,101.4,187.0,715.8,21.1,85.2,Fog,91.0,False,None,
URB-15151,LOC-07,Nandankanan Road,20.37,85.825,2026-08-17 09:07:47,316,0.98,9.8,121,51.9,97.8,679.7,24.1,81.7,Heavy Rain,80.5,False,None,
URB-15152,LOC-08,Kalarahanga Road,20.38,85.83,2026-08-17 09:15:47,200,0.9,23.1,102,48.8,94.5,558.8,24.1,63.8,Partly Cloudy,67.3,False,None,
URB-15153,LOC-01,Patia Main Road,20.3533,85.8197,2026-08-17 09:32:47,253,0.95,12.0,180,83.5,160.3,603.7,24.9,59.5,Haze,88.5,False,None,
URB-15154,LOC-02,Jayadev Vihar,20.301,85.8239,2026-08-17 09:45:47,346,0.98,14.8,172,73.9,131.3,701.9,24.8,61.2,Clear,86.9,False,None,
URB-15155,LOC-03,Saheed Nagar,20.2872,85.8415,2026-08-17 09:57:47,294,0.98,9.7,138,66.8,121.2,644.6,21.7,86.5,Rain,83.5,False,None,
URB-15156,LOC-04,Khandagiri,20.2588,85.7836,2026-08-17 10:22:47,122,0.54,25.1,110,52.2,90.4,501.6,27.1,76.9,Fog,53.3,False,None,
URB-15157,LOC-05,Vani Vihar,20.2974,85.8364,2026-08-17 10:35:47,95,0.37,26.3,75,37.3,76.2,466.5,22.8,79.1,Fog,39.8,False,None,
URB-15158,LOC-06,Bhubaneswar Railway Station,20.2657,85.8436,2026-08-17 10:49:47,188,0.83,26.8,117,51.8,101.2,583.9,24.5,57.7,Partly Cloudy,65.3,False,None,
URB-15159,LOC-07,Nandankanan Road,20.37,85.825,2026-08-17 11:03:47,155,0.59,24.0,91,37.6,67.0,535.7,27.7,51.7,Clear,52.5,False,None,
URB-15160,LOC-08,Kalarahanga Road,20.38,85.83,2026-08-17 11:13:47,140,0.61,27.3,77,39.2,67.7,539.4,24.5,73.9,Heavy Rain,49.2,False,None,
URB-15161,LOC-01,Patia Main Road,20.3533,85.8197,2026-08-17 11:28:47,197,0.68,20.4,157,68.1,118.0,572.5,28.0,75.1,Fog,69.5,False,None,
URB-15162,LOC-02,Jayadev Vihar,20.301,85.8239,2026-08-17 11:48:47,240,0.98,11.1,111,46.9,88.2,609.5,25.0,73.8,Rain,78.1,False,None,
URB-15163,LOC-03,Saheed Nagar,20.2872,85.8415,2026-08-17 12:01:47,191,0.7,20.8,159,69.0,124.8,559.0,29.5,68.2,Fog,70.4,False,None,
URB-15164,LOC-04,Khandagiri,20.2588,85.7836,2026-08-17 12:21:47,154,0.57,28.4,91,44.8,76.8,542.7,29.0,48.9,Clear,49.5,False,None,
URB-15165,LOC-05,Vani Vihar,20.2974,85.8364,2026-08-17 12:33:47,109,0.37,36.2,72,35.3,72.6,488.2,24.8,53.4,Partly Cloudy,34.3,False,None,
URB-15166,LOC-06,Bhubaneswar Railway Station,20.2657,85.8436,2026-08-17 12:47:47,214,0.75,25.6,172,77.7,137.8,588.8,25.7,52.9,Haze,72.3,False,None,
URB-15167,LOC-07,Nandankanan Road,20.37,85.825,2026-08-17 13:03:47,168,0.57,24.8,90,38.8,71.8,529.1,27.7,52.1,Clear,51.1,False,None,
URB-15168,LOC-08,Kalarahanga Road,20.38,85.83,2026-08-17 13:15:47,130,0.47,28.7,69,28.0,59.5,498.6,28.6,75.4,Heavy Rain,41.5,False,None,
URB-15169,LOC-01,Patia Main Road,20.3533,85.8197,2026-08-17 13:36:47,173,0.65,20.1,142,66.2,117.8,559.3,25.6,52.4,Haze,65.8,False,None,
URB-15170,LOC-02,Jayadev Vihar,20.301,85.8239,2026-08-17 13:50:47,213,0.74,15.3,116,54.1,101.4,598.6,28.5,75.4,Heavy Rain,67.2,False,None,
URB-15171,LOC-03,Saheed Nagar,20.2872,85.8415,2026-08-17 14:02:47,153,0.66,17.3,103,45.3,78.1,530.1,29.2,73.1,Heavy Rain,60.8,False,None,
URB-15172,LOC-04,Khandagiri,20.2588,85.7836,2026-08-17 14:16:47,128,0.51,22.8,67,30.0,57.8,503.7,30.5,71.7,Rain,45.7,False,None,
URB-15173,LOC-05,Vani Vihar,20.2974,85.8364,2026-08-17 14:30:47,110,0.5,29.3,69,36.2,72.5,509.4,26.8,53.0,Partly Cloudy,42.4,False,None,
URB-15174,LOC-06,Bhubaneswar Railway Station,20.2657,85.8436,2026-08-17 14:51:47,196,0.7,28.2,172,80.9,151.7,591.3,30.1,47.4,Haze,69.0,False,None,
URB-15175,LOC-07,Nandankanan Road,20.37,85.825,2026-08-17 15:02:47,197,0.87,14.2,135,57.7,112.3,581.7,29.9,67.3,Fog,76.3,False,None,
URB-15176,LOC-08,Kalarahanga Road,20.38,85.83,2026-08-17 15:13:47,108,0.45,42.2,82,37.6,73.0,477.8,26.3,60.4,Clear,36.2,False,None,
URB-15177,LOC-01,Patia Main Road,20.3533,85.8197,2026-08-17 15:29:47,234,0.98,12.6,149,71.2,124.3,600.4,28.5,54.7,Haze,84.0,False,None,
URB-15178,LOC-02,Jayadev Vihar,20.301,85.8239,2026-08-17 15:42:47,240,0.98,10.9,158,73.1,138.9,610.3,28.1,76.7,Fog,86.4,False,None,
URB-15179,LOC-03,Saheed Nagar,20.2872,85.8415,2026-08-17 16:07:47,217,0.91,14.1,162,77.5,146.8,610.0,26.8,79.1,Fog,82.7,False,None,
URB-15180,LOC-04,Khandagiri,20.2588,85.7836,2026-08-17 16:20:47,212,0.95,13.4,133,59.0,116.2,591.2,27.4,71.6,Fog,79.6,False,None,
URB-15181,LOC-05,Vani Vihar,20.2974,85.8364,2026-08-17 16:35:47,128,0.52,22.2,76,35.4,70.3,505.0,28.3,67.6,Heavy Rain,48.0,False,None,
URB-15182,LOC-06,Bhubaneswar Railway Station,20.2657,85.8436,2026-08-17 16:51:47,321,0.98,14.9,135,58.3,102.9,686.7,25.6,74.4,Heavy Rain,80.4,False,None,
URB-15183,LOC-07,Nandankanan Road,20.37,85.825,2026-08-17 17:06:47,291,0.98,11.7,385,177.0,158.3,657.5,23.9,81.4,Fog,92.0,True,Air Quality Hazard,"Hazardous particulate spike (AQI 385, PM2.5 177.0 µg/m³) detected near Nandankanan Road."
URB-15184,LOC-08,Kalarahanga Road,20.38,85.83,2026-08-17 17:21:47,205,0.98,7.7,120,52.6,98.4,565.3,27.9,49.7,Clear,71.8,True,Severe Gridlock,Critical speed drop to 7.7 km/h indicating major arterial blockade.
URB-15185,LOC-01,Patia Main Road,20.3533,85.8197,2026-08-17 17:34:47,308,0.98,10.9,135,57.8,112.5,660.5,25.8,77.8,Heavy Rain,82.4,False,None,
URB-15186,LOC-02,Jayadev Vihar,20.301,85.8239,2026-08-17 17:50:47,345,0.98,11.1,147,64.7,116.6,696.4,27.6,76.9,Heavy Rain,84.4,False,None,
URB-15187,LOC-03,Saheed Nagar,20.2872,85.8415,2026-08-17 18:00:47,249,0.98,10.9,120,53.4,97.8,625.2,23.4,79.1,Heavy Rain,79.8,False,None,
URB-15188,LOC-04,Khandagiri,20.2588,85.7836,2026-08-17 18:13:47,251,0.96,15.7,134,59.4,108.3,624.6,24.5,54.1,Clear,79.0,False,None,
URB-15189,LOC-05,Vani Vihar,20.2974,85.8364,2026-08-17 18:37:47,165,0.57,20.2,71,28.4,47.9,555.5,26.1,75.6,Rain,50.1,False,None,
URB-15190,LOC-06,Bhubaneswar Railway Station,20.2657,85.8436,2026-08-17 18:42:47,284,0.98,21.0,151,67.5,121.5,666.4,27.1,53.5,Partly Cloudy,80.1,False,None,
URB-15191,LOC-07,Nandankanan Road,20.37,85.825,2026-08-17 18:59:47,296,0.98,10.9,196,86.9,159.1,668.3,23.9,78.5,Fog,93.0,False,None,
URB-15192,LOC-08,Kalarahanga Road,20.38,85.83,2026-08-17 19:20:47,198,0.83,24.2,132,58.6,106.5,555.9,21.6,60.4,Haze,69.2,False,None,
URB-15193,LOC-01,Patia Main Road,20.3533,85.8197,2026-08-17 19:33:47,274,0.98,12.5,185,88.7,168.9,622.1,21.2,63.3,Haze,90.3,False,None,
URB-15194,LOC-02,Jayadev Vihar,20.301,85.8239,2026-08-17 19:42:47,345,0.98,14.7,170,82.0,145.8,716.0,23.4,57.6,Partly Cloudy,86.6,False,None,
URB-15195,LOC-03,Saheed Nagar,20.2872,85.8415,2026-08-17 19:57:47,271,0.98,11.6,206,90.7,161.2,632.4,21.2,85.1,Fog,93.4,False,None,
URB-15196,LOC-04,Khandagiri,20.2588,85.7836,2026-08-17 20:16:47,122,0.56,27.2,85,38.5,67.7,490.2,22.9,62.6,Partly Cloudy,48.7,False,None,
URB-15197,LOC-05,Vani Vihar,20.2974,85.8364,2026-08-17 20:35:47,67,0.25,28.1,45,23.7,50.3,450.9,20.1,86.6,Rain,28.8,False,None,
URB-15198,LOC-06,Bhubaneswar Railway Station,20.2657,85.8436,2026-08-17 20:44:47,149,0.54,31.6,99,46.8,84.3,510.9,23.0,83.4,Heavy Rain,48.1,False,None,
URB-15199,LOC-07,Nandankanan Road,20.37,85.825,2026-08-17 21:05:47,135,0.62,17.9,68,30.8,63.6,508.1,18.0,90.0,Rain,52.8,False,None,
URB-15200,LOC-08,Kalarahanga Road,20.38,85.83,2026-08-17 21:14:47,86,0.32,33.3,63,28.7,50.5,472.8,18.4,88.1,Heavy Rain,32.2,False,None,
